py : Downloading Catalog
At line:15 char:1993
+ ... \gibMacOS'; py gibMacOS.py -v 10.14 -b 18G103 --no-interactive -o 'E: ...
+                 ~~~~~~~~~~~~~~~~~~~~~~~~~~~~~~~~~~~~~~~~~~~~~~~~~~~~~~~~~
    + CategoryInfo          : NotSpecified: (Downloading Catalog:String) [], RemoteException
    + FullyQualifiedErrorId : NativeCommandError
 
Currently downloading publicrelease catalog from:

https://swscan.apple.com/content/catalogs/others/index-15-14-13-12-10.16-10.15-10.14-10.13-10.12-10.11-10.10-10.9-mount
ainlion-lion-snowleopard-leopard.merged-1.sucatalog


Parsing Data
Scanning products after catalog download...

 -->  2. macOS Mojave (18F2059)
 -->  3. macOS Mojave (18G103)
 -->  4. macOS High Sierra (17G66)
 -->  5. macOS Mojave (18E2034)
 -->  6. Install macOS High Sierra Beta (17F66a)
 -->  7. macOS Catalina (19D2064)
 -->  8. macOS Catalina (19E2269)
 -->  9. macOS Catalina (19F2200)
 --> 10. macOS Catalina (19G2006)
 --> 11. macOS Catalina (19G2021)
 --> 12. macOS Catalina (19H2)
 --> 13. macOS Catalina (19H4)
 --> 14. macOS Catalina (19H15)
 --> 15. macOS Big Sur (20G1427)
 --> 16. macOS Monterey (21H1123)
 --> 17. macOS Ventura (22H730)
 --> 18. macOS Big Sur (20G1443)
 --> 19. macOS Monterey (21H1320)
 --> 20. macOS Sequoia (24G720)
 --> 21. macOS Sonoma (23J520)
 --> 22. macOS Tahoe (25F84)
 --> 23. macOS Tahoe (25G72)
 --> 24. macOS Sequoia (24G824)
 --> 25. macOS Sonoma (23J620)
 --> 26. macOS Sonoma (23J631)
 --> 27. macOS Sequoia (24G830)
 --> 28. macOS Tahoe (25G76)
 --> 29. macOS Tahoe (25G83)
 --> 30. macOS 27 Golden Gate (26A428)
 --> 31. macOS Tahoe (25G229)
 --> 32. macOS Sequoia (24H23)
 --> 33. macOS 27 Golden Gate (26A434)
 --> 34. macOS Tahoe (25G241)
 --> 35. macOS Sequoia (24H32)
Downloading for 10.14 18G103
Downloading File 1 of 11
- 061-26589 - 10.14.6 macOS Mojave (18G103) -

Downloading BaseSystem.chunklist...


[K0.00 KB/1.95 KB |                                    0.00%
[K1.02 KB/1.95 KB | =================                 52.57%
[K1.95 KB/1.95 KB | ================================ 100.00%
[K1.95 KB/1.95 KB | ================================ 100.00%
Downloading File 2 of 11
- 061-26589 - 10.14.6 macOS Mojave (18G103) -

BaseSystem.chunklist --> Succeeded

Downloading AppleDiagnostics.dmg...


[K0.00 MB/2.99 MB |                                    0.00%
[K0.00 MB/2.99 MB |                                    0.03%
[K0.00 MB/2.99 MB |                                    0.09%
[K0.00 MB/2.99 MB |                                    0.16%
[K0.01 MB/2.99 MB |                                    0.28%
[K0.01 MB/2.99 MB |                                    0.45%
[K0.02 MB/2.99 MB |                                    0.71%
[K0.03 MB/2.99 MB |                                    1.10%
[K0.05 MB/2.99 MB |                                    1.69%
[K0.08 MB/2.99 MB |                                    2.56%
[K0.12 MB/2.99 MB | =                                  3.88%
[K0.18 MB/2.99 MB | =                                  5.85%
[K0.26 MB/2.99 MB | ==                                 8.82%
[K0.40 MB/2.99 MB | ====                              13.26%
[K0.60 MB/2.99 MB | ======                            19.92%
[K0.89 MB/2.99 MB | =========                         29.92%
[K1.28 MB/2.99 MB | ==============                    42.93%
[K1.87 MB/2.99 MB | ====================              62.45%
[K2.07 MB/2.99 MB | ======================            69.36%
[K2.29 MB/2.99 MB | =========================         76.70%
[K2.50 MB/2.99 MB | ===========================       83.69%
[K2.73 MB/2.99 MB | ==============================    91.13%
[K2.93 MB/2.99 MB | ================================  97.93%
[K2.99 MB/2.99 MB | ================================ 100.00% | 2.6 MB/s | 00:00:00 left
[K2.99 MB/2.99 MB | ================================ 100.00% | 2.6 MB/s | 00:00:00 left
Downloading File 3 of 11
- 061-26589 - 10.14.6 macOS Mojave (18G103) -

BaseSystem.chunklist --> Succeeded
AppleDiagnostics.dmg --> Succeeded

Downloading InstallAssistantAuto.pkg...


[K0.00 MB/11.61 MB |                                    0.00%
[K0.00 MB/11.61 MB |                                    0.01%
[K0.00 MB/11.61 MB |                                    0.02%
[K0.00 MB/11.61 MB |                                    0.04%
[K0.01 MB/11.61 MB |                                    0.07%
[K0.01 MB/11.61 MB |                                    0.12%
[K0.02 MB/11.61 MB |                                    0.18%
[K0.03 MB/11.61 MB |                                    0.28%
[K0.05 MB/11.61 MB |                                    0.43%
[K0.08 MB/11.61 MB |                                    0.66%
[K0.12 MB/11.61 MB |                                    1.00%
[K0.18 MB/11.61 MB |                                    1.51%
[K0.26 MB/11.61 MB |                                    2.27%
[K0.40 MB/11.61 MB | =                                  3.41%
[K0.60 MB/11.61 MB | =                                  5.13%
[K0.89 MB/11.61 MB | ==                                 7.70%
[K1.34 MB/11.61 MB | ===                               11.57%
[K2.02 MB/11.61 MB | =====                             17.36%
[K2.49 MB/11.61 MB | =======                           21.41%
[K2.99 MB/11.61 MB | ========                          25.71%
[K3.39 MB/11.61 MB | =========                         29.21%
[K3.71 MB/11.61 MB | ==========                        31.95%
[K3.92 MB/11.61 MB | ===========                       33.73%
[K4.22 MB/11.61 MB | ===========                       36.33%
[K4.66 MB/11.61 MB | =============                     40.16%
[K5.11 MB/11.61 MB | ==============                    44.01% | 4.1 MB/s | 00:00:02 left
[K5.51 MB/11.61 MB | ===============                   47.46% | 4.1 MB/s | 00:00:02 left
[K5.90 MB/11.61 MB | ================                  50.77% | 4.1 MB/s | 00:00:02 left
[K6.16 MB/11.61 MB | =================                 53.07% | 4.1 MB/s | 00:00:02 left
[K6.48 MB/11.61 MB | ==================                55.83% | 4.1 MB/s | 00:00:02 left
[K6.75 MB/11.61 MB | ===================               58.12% | 4.1 MB/s | 00:00:02 left
[K7.02 MB/11.61 MB | ===================               60.49% | 4.1 MB/s | 00:00:02 left
[K7.18 MB/11.61 MB | ====================              61.83% | 4.1 MB/s | 00:00:02 left
[K7.39 MB/11.61 MB | =====================             63.66% | 4.1 MB/s | 00:00:02 left
[K7.59 MB/11.61 MB | =====================             65.37% | 2.8 MB/s | 00:00:01 left
[K7.80 MB/11.61 MB | ======================            67.13% | 2.8 MB/s | 00:00:01 left
[K8.09 MB/11.61 MB | ======================            69.62% | 2.8 MB/s | 00:00:01 left
[K8.31 MB/11.61 MB | =======================           71.58% | 2.8 MB/s | 00:00:01 left
[K8.45 MB/11.61 MB | ========================          72.77% | 2.8 MB/s | 00:00:01 left
[K8.63 MB/11.61 MB | ========================          74.30% | 2.8 MB/s | 00:00:01 left
[K8.82 MB/11.61 MB | =========================         75.96% | 2.8 MB/s | 00:00:01 left
[K9.11 MB/11.61 MB | =========================         78.44% | 2.8 MB/s | 00:00:01 left
[K9.30 MB/11.61 MB | ==========================        80.10% | 2.8 MB/s | 00:00:01 left
[K9.50 MB/11.61 MB | ==========================        81.81% | 2.8 MB/s | 00:00:01 left
[K9.78 MB/11.61 MB | ===========================       84.23% | 2.8 MB/s | 00:00:01 left
[K10.04 MB/11.61 MB | ============================      86.49% | 2.4 MB/s | 00:00:01 left
[K10.28 MB/11.61 MB | =============================     88.48% | 2.4 MB/s | 00:00:01 left
[K10.51 MB/11.61 MB | =============================     90.54% | 2.4 MB/s | 00:00:01 left
[K10.78 MB/11.61 MB | ==============================    92.82% | 2.4 MB/s | 00:00:01 left
[K11.02 MB/11.61 MB | ===============================   94.93% | 2.4 MB/s | 00:00:01 left
[K11.24 MB/11.61 MB | ===============================   96.80% | 2.4 MB/s | 00:00:01 left
[K11.56 MB/11.61 MB | ================================  99.56% | 2.4 MB/s | 00:00:01 left
[K11.61 MB/11.61 MB | ================================ 100.00% | 2.4 MB/s | 00:00:01 left
[K11.61 MB/11.61 MB | ================================ 100.00% | 2.4 MB/s | 00:00:01 left
Downloading File 4 of 11
- 061-26589 - 10.14.6 macOS Mojave (18G103) -

BaseSystem.chunklist --> Succeeded
AppleDiagnostics.dmg --> Succeeded
InstallAssistantAuto.pkg --> Succeeded

Downloading InstallESDDmg.chunklist...


[K0.00 KB/19.34 KB |                                    0.00%
[K1.02 KB/19.34 KB | =                                  5.30%
[K2.56 KB/19.34 KB | ====                              13.24%
[K4.86 KB/19.34 KB | ========                          25.16%
[K8.32 KB/19.34 KB | ==============                    43.03%
[K13.50 KB/19.34 KB | =======================           69.84%
[K19.34 KB/19.34 KB | ================================ 100.00%
[K19.34 KB/19.34 KB | ================================ 100.00%
Downloading File 5 of 11
- 061-26589 - 10.14.6 macOS Mojave (18G103) -

BaseSystem.chunklist --> Succeeded
AppleDiagnostics.dmg --> Succeeded
InstallAssistantAuto.pkg --> Succeeded
InstallESDDmg.chunklist --> Succeeded

Downloading AppleDiagnostics.chunklist...


[K0.00 B/328.00 B |                                    0.00%
[K328.00 B/328.00 B | ================================ 100.00%
[K328.00 B/328.00 B | ================================ 100.00%
Downloading File 6 of 11
- 061-26589 - 10.14.6 macOS Mojave (18G103) -

BaseSystem.chunklist --> Succeeded
AppleDiagnostics.dmg --> Succeeded
InstallAssistantAuto.pkg --> Succeeded
InstallESDDmg.chunklist --> Succeeded
AppleDiagnostics.chunklist --> Succeeded

Downloading InstallInfo.plist...


[K0.00 KB/1.58 KB |                                    0.00%
[K1.02 KB/1.58 KB | =====================             64.65%
[K1.58 KB/1.58 KB | ================================ 100.00%
[K1.58 KB/1.58 KB | ================================ 100.00%
Downloading File 7 of 11
- 061-26589 - 10.14.6 macOS Mojave (18G103) -

BaseSystem.chunklist --> Succeeded
AppleDiagnostics.dmg --> Succeeded
InstallAssistantAuto.pkg --> Succeeded
InstallESDDmg.chunklist --> Succeeded
AppleDiagnostics.chunklist --> Succeeded
InstallInfo.plist --> Succeeded

Downloading BaseSystem.dmg...


[K0.00 MB/480.46 MB |                                    0.00%
[K0.00 MB/480.46 MB |                                    0.00%
[K0.00 MB/480.46 MB |                                    0.00%
[K0.00 MB/480.46 MB |                                    0.00%
[K0.01 MB/480.46 MB |                                    0.00%
[K0.01 MB/480.46 MB |                                    0.00%
[K0.02 MB/480.46 MB |                                    0.00%
[K0.03 MB/480.46 MB |                                    0.01%
[K0.05 MB/480.46 MB |                                    0.01%
[K0.08 MB/480.46 MB |                                    0.02%
[K0.12 MB/480.46 MB |                                    0.02%
[K0.18 MB/480.46 MB |                                    0.04%
[K0.26 MB/480.46 MB |                                    0.05%
[K0.40 MB/480.46 MB |                                    0.08%
[K0.52 MB/480.46 MB |                                    0.11%
[K0.61 MB/480.46 MB |                                    0.13%
[K0.74 MB/480.46 MB |                                    0.15%
[K0.88 MB/480.46 MB |                                    0.18%
[K1.06 MB/480.46 MB |                                    0.22%
[K1.27 MB/480.46 MB |                                    0.26%
[K1.46 MB/480.46 MB |                                    0.30%
[K1.58 MB/480.46 MB |                                    0.33%
[K1.71 MB/480.46 MB |                                    0.36% | 1.5 MB/s | 00:05:28 left
[K1.87 MB/480.46 MB |                                    0.39% | 1.5 MB/s | 00:05:28 left
[K2.11 MB/480.46 MB |                                    0.44% | 1.5 MB/s | 00:05:28 left
[K2.35 MB/480.46 MB |                                    0.49% | 1.5 MB/s | 00:05:28 left
[K2.58 MB/480.46 MB |                                    0.54% | 1.5 MB/s | 00:05:28 left
[K2.81 MB/480.46 MB |                                    0.59% | 1.5 MB/s | 00:05:28 left
[K2.99 MB/480.46 MB |                                    0.62% | 1.5 MB/s | 00:05:28 left
[K3.18 MB/480.46 MB |                                    0.66% | 1.3 MB/s | 00:06:13 left
[K3.21 MB/480.46 MB |                                    0.67% | 1.3 MB/s | 00:06:13 left
[K3.26 MB/480.46 MB |                                    0.68% | 1.3 MB/s | 00:06:13 left
[K3.33 MB/480.46 MB |                                    0.69% | 1.3 MB/s | 00:06:13 left
[K3.43 MB/480.46 MB |                                    0.71% | 1.3 MB/s | 00:06:13 left
[K3.58 MB/480.46 MB |                                    0.75% | 1.3 MB/s | 00:06:13 left
[K3.58 MB/480.46 MB |                                    0.75% | 0 B/s | ?? left
[K3.78 MB/480.46 MB |                                    0.79% | ?? B/s | ?? left
[K3.80 MB/480.46 MB |                                    0.79% | ?? B/s | ?? left
[K3.82 MB/480.46 MB |                                    0.80% | ?? B/s | ?? left
[K3.86 MB/480.46 MB |                                    0.80% | ?? B/s | ?? left
[K3.92 MB/480.46 MB |                                    0.82% | ?? B/s | ?? left
[K4.01 MB/480.46 MB |                                    0.83% | ?? B/s | ?? left
[K4.14 MB/480.46 MB |                                    0.86% | ?? B/s | ?? left
[K4.29 MB/480.46 MB |                                    0.89% | ?? B/s | ?? left
[K4.43 MB/480.46 MB |                                    0.92% | ?? B/s | ?? left
[K4.61 MB/480.46 MB |                                    0.96% | ?? B/s | ?? left
[K4.81 MB/480.46 MB |                                    1.00% | ?? B/s | ?? left
[K5.04 MB/480.46 MB |                                    1.05% | ?? B/s | ?? left
[K5.33 MB/480.46 MB |                                    1.11% | ?? B/s | ?? left
[K5.58 MB/480.46 MB |                                    1.16% | ?? B/s | ?? left
[K5.89 MB/480.46 MB |                                    1.23% | 1.3 MB/s | 00:06:14 left
[K5.92 MB/480.46 MB |                                    1.23% | 1.3 MB/s | 00:06:14 left
[K5.97 MB/480.46 MB |                                    1.24% | 1.3 MB/s | 00:06:14 left
[K6.04 MB/480.46 MB |                                    1.26% | 1.3 MB/s | 00:06:14 left
[K6.15 MB/480.46 MB |                                    1.28% | 1.3 MB/s | 00:06:14 left
[K6.31 MB/480.46 MB |                                    1.31% | 1.3 MB/s | 00:06:14 left
[K6.40 MB/480.46 MB |                                    1.33% | 1.3 MB/s | 00:06:14 left
[K6.54 MB/480.46 MB |                                    1.36% | 1.3 MB/s | 00:06:14 left
[K6.75 MB/480.46 MB |                                    1.40% | 1.3 MB/s | 00:06:14 left
[K7.00 MB/480.46 MB |                                    1.46% | 1.3 MB/s | 00:06:14 left
[K7.37 MB/480.46 MB |                                    1.53% | 1.3 MB/s | 00:06:14 left
[K7.72 MB/480.46 MB |                                    1.61% | 1.3 MB/s | 00:06:14 left
[K8.11 MB/480.46 MB |                                    1.69% | 1.3 MB/s | 00:06:14 left
[K8.37 MB/480.46 MB |                                    1.74% | 1.3 MB/s | 00:06:14 left
[K8.64 MB/480.46 MB |                                    1.80% | 2.2 MB/s | 00:03:30 left
[K8.72 MB/480.46 MB |                                    1.81% | 2.2 MB/s | 00:03:30 left
[K8.84 MB/480.46 MB |                                    1.84% | 2.2 MB/s | 00:03:30 left
[K9.01 MB/480.46 MB |                                    1.88% | 2.2 MB/s | 00:03:30 left
[K9.03 MB/480.46 MB |                                    1.88% | 2.2 MB/s | 00:03:30 left
[K9.06 MB/480.46 MB |                                    1.89% | 2.2 MB/s | 00:03:30 left
[K9.11 MB/480.46 MB |                                    1.90% | 2.2 MB/s | 00:03:30 left
[K9.17 MB/480.46 MB |                                    1.91% | 2.2 MB/s | 00:03:30 left
[K9.27 MB/480.46 MB |                                    1.93% | 644.9 KB/s | 00:12:11 left
[K9.42 MB/480.46 MB |                                    1.96% | 644.9 KB/s | 00:12:11 left
[K9.64 MB/480.46 MB |                                    2.01% | 644.9 KB/s | 00:12:11 left
[K9.68 MB/480.46 MB |                                    2.02% | 644.9 KB/s | 00:12:11 left
[K9.76 MB/480.46 MB |                                    2.03% | 644.9 KB/s | 00:12:11 left
[K9.86 MB/480.46 MB |                                    2.05% | 644.9 KB/s | 00:12:11 left
[K9.86 MB/480.46 MB |                                    2.05% | 0 B/s | ?? left
[K10.02 MB/480.46 MB |                                    2.09% | ?? B/s | ?? left
[K10.03 MB/480.46 MB |                                    2.09% | ?? B/s | ?? left
[K10.06 MB/480.46 MB |                                    2.09% | ?? B/s | ?? left
[K10.09 MB/480.46 MB |                                    2.10% | ?? B/s | ?? left
[K10.14 MB/480.46 MB |                                    2.11% | ?? B/s | ?? left
[K10.21 MB/480.46 MB |                                    2.13% | ?? B/s | ?? left
[K10.33 MB/480.46 MB |                                    2.15% | ?? B/s | ?? left
[K10.49 MB/480.46 MB |                                    2.18% | ?? B/s | ?? left
[K10.71 MB/480.46 MB |                                    2.23% | ?? B/s | ?? left
[K10.97 MB/480.46 MB |                                    2.28% | ?? B/s | ?? left
[K11.17 MB/480.46 MB |                                    2.32% | ?? B/s | ?? left
[K11.36 MB/480.46 MB |                                    2.36% | ?? B/s | ?? left
[K11.60 MB/480.46 MB |                                    2.41% | ?? B/s | ?? left
[K11.76 MB/480.46 MB |                                    2.45% | ?? B/s | ?? left
[K12.00 MB/480.46 MB |                                    2.50% | ?? B/s | ?? left
[K12.18 MB/480.46 MB |                                    2.53% | 2.1 MB/s | 00:03:41 left
[K12.32 MB/480.46 MB |                                    2.56% | 2.1 MB/s | 00:03:41 left
[K12.45 MB/480.46 MB |                                    2.59% | 2.1 MB/s | 00:03:41 left
[K12.65 MB/480.46 MB |                                    2.63% | 2.1 MB/s | 00:03:41 left
[K12.89 MB/480.46 MB |                                    2.68% | 2.1 MB/s | 00:03:41 left
[K13.13 MB/480.46 MB |                                    2.73% | 2.1 MB/s | 00:03:41 left
[K13.38 MB/480.46 MB |                                    2.78% | 2.1 MB/s | 00:03:41 left
[K13.56 MB/480.46 MB |                                    2.82% | 2.1 MB/s | 00:03:41 left
[K13.84 MB/480.46 MB |                                    2.88% | 2.1 MB/s | 00:03:41 left
[K14.03 MB/480.46 MB |                                    2.92% | 2.1 MB/s | 00:03:41 left
[K14.18 MB/480.46 MB | =                                  2.95% | 2.1 MB/s | 00:03:37 left
[K14.30 MB/480.46 MB | =                                  2.98% | 2.1 MB/s | 00:03:37 left
[K14.46 MB/480.46 MB | =                                  3.01% | 2.1 MB/s | 00:03:37 left
[K14.62 MB/480.46 MB | =                                  3.04% | 2.1 MB/s | 00:03:37 left
[K14.81 MB/480.46 MB | =                                  3.08% | 2.1 MB/s | 00:03:37 left
[K15.01 MB/480.46 MB | =                                  3.12% | 2.1 MB/s | 00:03:37 left
[K15.24 MB/480.46 MB | =                                  3.17% | 2.1 MB/s | 00:03:37 left
[K15.52 MB/480.46 MB | =                                  3.23% | 2.1 MB/s | 00:03:37 left
[K15.65 MB/480.46 MB | =                                  3.26% | 2.1 MB/s | 00:03:37 left
[K15.85 MB/480.46 MB | =                                  3.30% | 2.1 MB/s | 00:03:37 left
[K16.01 MB/480.46 MB | =                                  3.33% | 2.1 MB/s | 00:03:37 left
[K16.24 MB/480.46 MB | =                                  3.38% | 2.0 MB/s | 00:03:53 left
[K16.41 MB/480.46 MB | =                                  3.42% | 2.0 MB/s | 00:03:53 left
[K16.56 MB/480.46 MB | =                                  3.45% | 2.0 MB/s | 00:03:53 left
[K16.67 MB/480.46 MB | =                                  3.47% | 2.0 MB/s | 00:03:53 left
[K16.81 MB/480.46 MB | =                                  3.50% | 2.0 MB/s | 00:03:53 left
[K16.97 MB/480.46 MB | =                                  3.53% | 2.0 MB/s | 00:03:53 left
[K17.12 MB/480.46 MB | =                                  3.56% | 2.0 MB/s | 00:03:53 left
[K17.30 MB/480.46 MB | =                                  3.60% | 2.0 MB/s | 00:03:53 left
[K17.49 MB/480.46 MB | =                                  3.64% | 2.0 MB/s | 00:03:53 left
[K17.65 MB/480.46 MB | =                                  3.67% | 2.0 MB/s | 00:03:53 left
[K17.79 MB/480.46 MB | =                                  3.70% | 1.6 MB/s | 00:04:47 left
[K17.89 MB/480.46 MB | =                                  3.72% | 1.6 MB/s | 00:04:47 left
[K17.99 MB/480.46 MB | =                                  3.74% | 1.6 MB/s | 00:04:47 left
[K18.10 MB/480.46 MB | =                                  3.77% | 1.6 MB/s | 00:04:47 left
[K18.28 MB/480.46 MB | =                                  3.80% | 1.6 MB/s | 00:04:47 left
[K18.48 MB/480.46 MB | =                                  3.85% | 1.6 MB/s | 00:04:47 left
[K18.73 MB/480.46 MB | =                                  3.90% | 1.6 MB/s | 00:04:47 left
[K18.98 MB/480.46 MB | =                                  3.95% | 1.6 MB/s | 00:04:47 left
[K19.28 MB/480.46 MB | =                                  4.01% | 1.6 MB/s | 00:04:47 left
[K19.53 MB/480.46 MB | =                                  4.06% | 1.6 MB/s | 00:04:47 left
[K19.82 MB/480.46 MB | =                                  4.13% | 1.6 MB/s | 00:04:47 left
[K20.00 MB/480.46 MB | =                                  4.16% | 2.4 MB/s | 00:03:13 left
[K20.27 MB/480.46 MB | =                                  4.22% | 2.4 MB/s | 00:03:13 left
[K20.48 MB/480.46 MB | =                                  4.26% | 2.4 MB/s | 00:03:13 left
[K20.80 MB/480.46 MB | =                                  4.33% | 2.4 MB/s | 00:03:13 left
[K21.12 MB/480.46 MB | =                                  4.39% | 2.4 MB/s | 00:03:13 left
[K21.51 MB/480.46 MB | =                                  4.48% | 2.4 MB/s | 00:03:13 left
[K21.86 MB/480.46 MB | =                                  4.55% | 2.4 MB/s | 00:03:13 left
[K22.35 MB/480.46 MB | =                                  4.65% | 2.4 MB/s | 00:03:13 left
[K22.81 MB/480.46 MB | =                                  4.75% | 2.4 MB/s | 00:03:13 left
[K23.15 MB/480.46 MB | =                                  4.82% | 2.4 MB/s | 00:03:13 left
[K23.54 MB/480.46 MB | =                                  4.90% | 4.0 MB/s | 00:01:54 left
[K23.86 MB/480.46 MB | =                                  4.97% | 4.0 MB/s | 00:01:54 left
[K24.08 MB/480.46 MB | =                                  5.01% | 4.0 MB/s | 00:01:54 left
[K24.34 MB/480.46 MB | =                                  5.07% | 4.0 MB/s | 00:01:54 left
[K24.57 MB/480.46 MB | =                                  5.11% | 4.0 MB/s | 00:01:54 left
[K24.83 MB/480.46 MB | =                                  5.17% | 4.0 MB/s | 00:01:54 left
[K25.06 MB/480.46 MB | =                                  5.22% | 4.0 MB/s | 00:01:54 left
[K25.32 MB/480.46 MB | =                                  5.27% | 4.0 MB/s | 00:01:54 left
[K25.60 MB/480.46 MB | =                                  5.33% | 4.0 MB/s | 00:01:54 left
[K25.88 MB/480.46 MB | =                                  5.39% | 4.0 MB/s | 00:01:54 left
[K26.13 MB/480.46 MB | =                                  5.44% | 2.9 MB/s | 00:02:36 left
[K26.42 MB/480.46 MB | =                                  5.50% | 2.9 MB/s | 00:02:36 left
[K26.68 MB/480.46 MB | =                                  5.55% | 2.9 MB/s | 00:02:36 left
[K26.99 MB/480.46 MB | =                                  5.62% | 2.9 MB/s | 00:02:36 left
[K27.24 MB/480.46 MB | =                                  5.67% | 2.9 MB/s | 00:02:36 left
[K27.51 MB/480.46 MB | =                                  5.73% | 2.9 MB/s | 00:02:36 left
[K27.71 MB/480.46 MB | =                                  5.77% | 2.9 MB/s | 00:02:36 left
[K27.94 MB/480.46 MB | =                                  5.82% | 2.9 MB/s | 00:02:36 left
[K28.15 MB/480.46 MB | =                                  5.86% | 2.9 MB/s | 00:02:36 left
[K28.36 MB/480.46 MB | ==                                 5.90% | 2.9 MB/s | 00:02:36 left
[K28.57 MB/480.46 MB | ==                                 5.95% | 2.5 MB/s | 00:02:58 left
[K28.73 MB/480.46 MB | ==                                 5.98% | 2.5 MB/s | 00:02:58 left
[K28.96 MB/480.46 MB | ==                                 6.03% | 2.5 MB/s | 00:02:58 left
[K29.15 MB/480.46 MB | ==                                 6.07% | 2.5 MB/s | 00:02:58 left
[K29.35 MB/480.46 MB | ==                                 6.11% | 2.5 MB/s | 00:02:58 left
[K29.62 MB/480.46 MB | ==                                 6.16% | 2.5 MB/s | 00:02:58 left
[K29.78 MB/480.46 MB | ==                                 6.20% | 2.5 MB/s | 00:02:58 left
[K29.89 MB/480.46 MB | ==                                 6.22% | 2.5 MB/s | 00:02:58 left
[K30.04 MB/480.46 MB | ==                                 6.25% | 2.5 MB/s | 00:02:58 left
[K30.20 MB/480.46 MB | ==                                 6.29% | 2.5 MB/s | 00:02:58 left
[K30.36 MB/480.46 MB | ==                                 6.32% | 1.8 MB/s | 00:04:04 left
[K30.52 MB/480.46 MB | ==                                 6.35% | 1.8 MB/s | 00:04:04 left
[K30.69 MB/480.46 MB | ==                                 6.39% | 1.8 MB/s | 00:04:04 left
[K30.90 MB/480.46 MB | ==                                 6.43% | 1.8 MB/s | 00:04:04 left
[K31.06 MB/480.46 MB | ==                                 6.47% | 1.8 MB/s | 00:04:04 left
[K31.31 MB/480.46 MB | ==                                 6.52% | 1.8 MB/s | 00:04:04 left
[K31.55 MB/480.46 MB | ==                                 6.57% | 1.8 MB/s | 00:04:04 left
[K31.78 MB/480.46 MB | ==                                 6.61% | 1.8 MB/s | 00:04:04 left
[K31.98 MB/480.46 MB | ==                                 6.66% | 1.8 MB/s | 00:04:04 left
[K32.18 MB/480.46 MB | ==                                 6.70% | 1.8 MB/s | 00:04:04 left
[K32.30 MB/480.46 MB | ==                                 6.72% | 2.1 MB/s | 00:03:34 left
[K32.46 MB/480.46 MB | ==                                 6.76% | 2.1 MB/s | 00:03:34 left
[K32.61 MB/480.46 MB | ==                                 6.79% | 2.1 MB/s | 00:03:34 left
[K32.73 MB/480.46 MB | ==                                 6.81% | 2.1 MB/s | 00:03:34 left
[K32.82 MB/480.46 MB | ==                                 6.83% | 2.1 MB/s | 00:03:34 left
[K32.91 MB/480.46 MB | ==                                 6.85% | 2.1 MB/s | 00:03:34 left
[K33.02 MB/480.46 MB | ==                                 6.87% | 2.1 MB/s | 00:03:34 left
[K33.19 MB/480.46 MB | ==                                 6.91% | 2.1 MB/s | 00:03:34 left
[K33.35 MB/480.46 MB | ==                                 6.94% | 2.1 MB/s | 00:03:34 left
[K33.48 MB/480.46 MB | ==                                 6.97% | 2.1 MB/s | 00:03:34 left
[K33.68 MB/480.46 MB | ==                                 7.01% | 2.1 MB/s | 00:03:34 left
[K33.86 MB/480.46 MB | ==                                 7.05% | 1.6 MB/s | 00:04:40 left
[K34.03 MB/480.46 MB | ==                                 7.08% | 1.6 MB/s | 00:04:40 left
[K34.20 MB/480.46 MB | ==                                 7.12% | 1.6 MB/s | 00:04:40 left
[K34.32 MB/480.46 MB | ==                                 7.14% | 1.6 MB/s | 00:04:40 left
[K34.44 MB/480.46 MB | ==                                 7.17% | 1.6 MB/s | 00:04:40 left
[K34.57 MB/480.46 MB | ==                                 7.20% | 1.6 MB/s | 00:04:40 left
[K34.68 MB/480.46 MB | ==                                 7.22% | 1.6 MB/s | 00:04:40 left
[K34.78 MB/480.46 MB | ==                                 7.24% | 1.6 MB/s | 00:04:40 left
[K34.93 MB/480.46 MB | ==                                 7.27% | 1.6 MB/s | 00:04:40 left
[K35.07 MB/480.46 MB | ==                                 7.30% | 1.6 MB/s | 00:04:40 left
[K35.20 MB/480.46 MB | ==                                 7.33% | 1.6 MB/s | 00:04:40 left
[K35.36 MB/480.46 MB | ==                                 7.36% | 1.5 MB/s | 00:04:54 left
[K35.53 MB/480.46 MB | ==                                 7.40% | 1.5 MB/s | 00:04:54 left
[K35.75 MB/480.46 MB | ==                                 7.44% | 1.5 MB/s | 00:04:54 left
[K35.93 MB/480.46 MB | ==                                 7.48% | 1.5 MB/s | 00:04:54 left
[K36.08 MB/480.46 MB | ==                                 7.51% | 1.5 MB/s | 00:04:54 left
[K36.20 MB/480.46 MB | ==                                 7.54% | 1.5 MB/s | 00:04:54 left
[K36.28 MB/480.46 MB | ==                                 7.55% | 1.5 MB/s | 00:04:54 left
[K36.39 MB/480.46 MB | ==                                 7.57% | 1.5 MB/s | 00:04:54 left
[K36.48 MB/480.46 MB | ==                                 7.59% | 1.5 MB/s | 00:04:54 left
[K36.60 MB/480.46 MB | ==                                 7.62% | 1.5 MB/s | 00:04:54 left
[K36.72 MB/480.46 MB | ==                                 7.64% | 1.4 MB/s | 00:05:23 left
[K36.84 MB/480.46 MB | ==                                 7.67% | 1.4 MB/s | 00:05:23 left
[K36.94 MB/480.46 MB | ==                                 7.69% | 1.4 MB/s | 00:05:23 left
[K37.06 MB/480.46 MB | ==                                 7.71% | 1.4 MB/s | 00:05:23 left
[K37.16 MB/480.46 MB | ==                                 7.73% | 1.4 MB/s | 00:05:23 left
[K37.27 MB/480.46 MB | ==                                 7.76% | 1.4 MB/s | 00:05:23 left
[K37.38 MB/480.46 MB | ==                                 7.78% | 1.4 MB/s | 00:05:23 left
[K37.52 MB/480.46 MB | ==                                 7.81% | 1.4 MB/s | 00:05:23 left
[K37.67 MB/480.46 MB | ==                                 7.84% | 1.4 MB/s | 00:05:23 left
[K37.83 MB/480.46 MB | ==                                 7.87% | 1.4 MB/s | 00:05:23 left
[K38.00 MB/480.46 MB | ==                                 7.91% | 1.4 MB/s | 00:05:23 left
[K38.18 MB/480.46 MB | ==                                 7.95% | 1.5 MB/s | 00:04:58 left
[K38.33 MB/480.46 MB | ==                                 7.98% | 1.5 MB/s | 00:04:58 left
[K38.43 MB/480.46 MB | ==                                 8.00% | 1.5 MB/s | 00:04:58 left
[K38.53 MB/480.46 MB | ==                                 8.02% | 1.5 MB/s | 00:04:58 left
[K38.65 MB/480.46 MB | ==                                 8.04% | 1.5 MB/s | 00:04:58 left
[K38.75 MB/480.46 MB | ==                                 8.07% | 1.5 MB/s | 00:04:58 left
[K38.91 MB/480.46 MB | ==                                 8.10% | 1.5 MB/s | 00:04:58 left
[K39.10 MB/480.46 MB | ==                                 8.14% | 1.5 MB/s | 00:04:58 left
[K39.35 MB/480.46 MB | ==                                 8.19% | 1.5 MB/s | 00:04:58 left
[K39.58 MB/480.46 MB | ==                                 8.24% | 1.5 MB/s | 00:04:58 left
[K39.82 MB/480.46 MB | ==                                 8.29% | 1.5 MB/s | 00:04:58 left
[K40.08 MB/480.46 MB | ==                                 8.34% | 2.1 MB/s | 00:03:31 left
[K40.35 MB/480.46 MB | ==                                 8.40% | 2.1 MB/s | 00:03:31 left
[K40.66 MB/480.46 MB | ==                                 8.46% | 2.1 MB/s | 00:03:31 left
[K40.95 MB/480.46 MB | ==                                 8.52% | 2.1 MB/s | 00:03:31 left
[K41.23 MB/480.46 MB | ==                                 8.58% | 2.1 MB/s | 00:03:31 left
[K41.47 MB/480.46 MB | ==                                 8.63% | 2.1 MB/s | 00:03:31 left
[K41.65 MB/480.46 MB | ==                                 8.67% | 2.1 MB/s | 00:03:31 left
[K41.93 MB/480.46 MB | ==                                 8.73% | 2.1 MB/s | 00:03:31 left
[K42.17 MB/480.46 MB | ==                                 8.78% | 2.1 MB/s | 00:03:31 left
[K42.42 MB/480.46 MB | ===                                8.83% | 2.1 MB/s | 00:03:31 left
[K42.68 MB/480.46 MB | ===                                8.88% | 2.8 MB/s | 00:02:38 left
[K42.92 MB/480.46 MB | ===                                8.93% | 2.8 MB/s | 00:02:38 left
[K43.08 MB/480.46 MB | ===                                8.97% | 2.8 MB/s | 00:02:38 left
[K43.33 MB/480.46 MB | ===                                9.02% | 2.8 MB/s | 00:02:38 left
[K43.47 MB/480.46 MB | ===                                9.05% | 2.8 MB/s | 00:02:38 left
[K43.65 MB/480.46 MB | ===                                9.09% | 2.8 MB/s | 00:02:38 left
[K43.76 MB/480.46 MB | ===                                9.11% | 2.8 MB/s | 00:02:38 left
[K43.89 MB/480.46 MB | ===                                9.13% | 2.8 MB/s | 00:02:38 left
[K44.00 MB/480.46 MB | ===                                9.16% | 2.8 MB/s | 00:02:38 left
[K44.14 MB/480.46 MB | ===                                9.19% | 1.7 MB/s | 00:04:22 left
[K44.27 MB/480.46 MB | ===                                9.21% | 1.7 MB/s | 00:04:22 left
[K44.40 MB/480.46 MB | ===                                9.24% | 1.7 MB/s | 00:04:22 left
[K44.54 MB/480.46 MB | ===                                9.27% | 1.7 MB/s | 00:04:22 left
[K44.74 MB/480.46 MB | ===                                9.31% | 1.7 MB/s | 00:04:22 left
[K44.99 MB/480.46 MB | ===                                9.36% | 1.7 MB/s | 00:04:22 left
[K45.30 MB/480.46 MB | ===                                9.43% | 1.7 MB/s | 00:04:22 left
[K45.54 MB/480.46 MB | ===                                9.48% | 1.7 MB/s | 00:04:22 left
[K45.81 MB/480.46 MB | ===                                9.54% | 1.7 MB/s | 00:04:22 left
[K46.06 MB/480.46 MB | ===                                9.59% | 1.7 MB/s | 00:04:22 left
[K46.25 MB/480.46 MB | ===                                9.63% | 1.7 MB/s | 00:04:22 left
[K46.53 MB/480.46 MB | ===                                9.68% | 2.5 MB/s | 00:02:50 left
[K46.76 MB/480.46 MB | ===                                9.73% | 2.5 MB/s | 00:02:50 left
[K46.92 MB/480.46 MB | ===                                9.76% | 2.5 MB/s | 00:02:50 left
[K47.04 MB/480.46 MB | ===                                9.79% | 2.5 MB/s | 00:02:50 left
[K47.13 MB/480.46 MB | ===                                9.81% | 2.5 MB/s | 00:02:50 left
[K47.23 MB/480.46 MB | ===                                9.83% | 2.5 MB/s | 00:02:50 left
[K47.37 MB/480.46 MB | ===                                9.86% | 2.5 MB/s | 00:02:50 left
[K47.53 MB/480.46 MB | ===                                9.89% | 2.5 MB/s | 00:02:50 left
[K47.74 MB/480.46 MB | ===                                9.94% | 2.5 MB/s | 00:02:50 left
[K47.90 MB/480.46 MB | ===                                9.97% | 2.5 MB/s | 00:02:50 left
[K48.07 MB/480.46 MB | ===                               10.00% | 1.7 MB/s | 00:04:09 left
[K48.29 MB/480.46 MB | ===                               10.05% | 1.7 MB/s | 00:04:09 left
[K48.58 MB/480.46 MB | ===                               10.11% | 1.7 MB/s | 00:04:09 left
[K48.91 MB/480.46 MB | ===                               10.18% | 1.7 MB/s | 00:04:09 left
[K49.25 MB/480.46 MB | ===                               10.25% | 1.7 MB/s | 00:04:09 left
[K49.56 MB/480.46 MB | ===                               10.31% | 1.7 MB/s | 00:04:09 left
[K49.88 MB/480.46 MB | ===                               10.38% | 1.7 MB/s | 00:04:09 left
[K50.17 MB/480.46 MB | ===                               10.44% | 1.7 MB/s | 00:04:09 left
[K50.43 MB/480.46 MB | ===                               10.50% | 1.7 MB/s | 00:04:09 left
[K50.73 MB/480.46 MB | ===                               10.56% | 1.7 MB/s | 00:04:09 left
[K51.00 MB/480.46 MB | ===                               10.61% | 1.7 MB/s | 00:04:09 left
[K51.32 MB/480.46 MB | ===                               10.68% | 3.3 MB/s | 00:02:11 left
[K51.65 MB/480.46 MB | ===                               10.75% | 3.3 MB/s | 00:02:11 left
[K51.65 MB/480.46 MB | ===                               10.75% | 0 B/s | ?? left
[K51.93 MB/480.46 MB | ===                               10.81% | ?? B/s | ?? left
[K51.95 MB/480.46 MB | ===                               10.81% | ?? B/s | ?? left
[K51.98 MB/480.46 MB | ===                               10.82% | ?? B/s | ?? left
[K52.02 MB/480.46 MB | ===                               10.83% | ?? B/s | ?? left
[K52.08 MB/480.46 MB | ===                               10.84% | ?? B/s | ?? left
[K52.18 MB/480.46 MB | ===                               10.86% | ?? B/s | ?? left
[K52.32 MB/480.46 MB | ===                               10.89% | ?? B/s | ?? left
[K52.53 MB/480.46 MB | ===                               10.93% | ?? B/s | ?? left
[K52.78 MB/480.46 MB | ===                               10.99% | ?? B/s | ?? left
[K53.03 MB/480.46 MB | ===                               11.04% | ?? B/s | ?? left
[K53.24 MB/480.46 MB | ===                               11.08% | ?? B/s | ?? left
[K53.41 MB/480.46 MB | ===                               11.12% | ?? B/s | ?? left
[K53.56 MB/480.46 MB | ===                               11.15% | ?? B/s | ?? left
[K53.73 MB/480.46 MB | ===                               11.18% | ?? B/s | ?? left
[K53.89 MB/480.46 MB | ===                               11.22% | ?? B/s | ?? left
[K54.06 MB/480.46 MB | ===                               11.25% | 2.3 MB/s | 00:03:06 left
[K54.24 MB/480.46 MB | ===                               11.29% | 2.3 MB/s | 00:03:06 left
[K54.37 MB/480.46 MB | ===                               11.32% | 2.3 MB/s | 00:03:06 left
[K54.56 MB/480.46 MB | ===                               11.36% | 2.3 MB/s | 00:03:06 left
[K54.70 MB/480.46 MB | ===                               11.38% | 2.3 MB/s | 00:03:06 left
[K54.86 MB/480.46 MB | ===                               11.42% | 2.3 MB/s | 00:03:06 left
[K55.02 MB/480.46 MB | ===                               11.45% | 2.3 MB/s | 00:03:06 left
[K55.18 MB/480.46 MB | ===                               11.48% | 2.3 MB/s | 00:03:06 left
[K55.38 MB/480.46 MB | ===                               11.53% | 2.3 MB/s | 00:03:06 left
[K55.55 MB/480.46 MB | ===                               11.56% | 2.3 MB/s | 00:03:06 left
[K55.81 MB/480.46 MB | ===                               11.62% | 1.7 MB/s | 00:04:15 left
[K55.89 MB/480.46 MB | ===                               11.63% | 1.7 MB/s | 00:04:15 left
[K56.01 MB/480.46 MB | ===                               11.66% | 1.7 MB/s | 00:04:15 left
[K56.18 MB/480.46 MB | ===                               11.69% | 1.7 MB/s | 00:04:15 left
[K56.44 MB/480.46 MB | ===                               11.75% | 1.7 MB/s | 00:04:15 left
[K56.83 MB/480.46 MB | ===                               11.83% | 1.7 MB/s | 00:04:15 left
[K57.07 MB/480.46 MB | ===                               11.88% | 1.7 MB/s | 00:04:15 left
[K57.35 MB/480.46 MB | ===                               11.94% | 1.7 MB/s | 00:04:15 left
[K57.63 MB/480.46 MB | ===                               11.99% | 1.7 MB/s | 00:04:15 left
[K57.90 MB/480.46 MB | ===                               12.05% | 1.7 MB/s | 00:04:15 left
[K58.15 MB/480.46 MB | ===                               12.10% | 1.7 MB/s | 00:04:15 left
[K58.34 MB/480.46 MB | ====                              12.14% | 1.7 MB/s | 00:04:15 left
[K58.55 MB/480.46 MB | ====                              12.19% | 2.7 MB/s | 00:02:37 left
[K58.82 MB/480.46 MB | ====                              12.24% | 2.7 MB/s | 00:02:37 left
[K59.13 MB/480.46 MB | ====                              12.31% | 2.7 MB/s | 00:02:37 left
[K59.56 MB/480.46 MB | ====                              12.40% | 2.7 MB/s | 00:02:37 left
[K59.87 MB/480.46 MB | ====                              12.46% | 2.7 MB/s | 00:02:37 left
[K60.20 MB/480.46 MB | ====                              12.53% | 2.7 MB/s | 00:02:37 left
[K60.42 MB/480.46 MB | ====                              12.58% | 2.7 MB/s | 00:02:37 left
[K60.61 MB/480.46 MB | ====                              12.61% | 2.7 MB/s | 00:02:37 left
[K60.81 MB/480.46 MB | ====                              12.66% | 2.7 MB/s | 00:02:37 left
[K60.95 MB/480.46 MB | ====                              12.69% | 2.7 MB/s | 00:02:37 left
[K61.12 MB/480.46 MB | ====                              12.72% | 2.6 MB/s | 00:02:39 left
[K61.31 MB/480.46 MB | ====                              12.76% | 2.6 MB/s | 00:02:39 left
[K61.57 MB/480.46 MB | ====                              12.81% | 2.6 MB/s | 00:02:39 left
[K61.78 MB/480.46 MB | ====                              12.86% | 2.6 MB/s | 00:02:39 left
[K61.92 MB/480.46 MB | ====                              12.89% | 2.6 MB/s | 00:02:39 left
[K62.06 MB/480.46 MB | ====                              12.92% | 2.6 MB/s | 00:02:39 left
[K62.20 MB/480.46 MB | ====                              12.95% | 2.6 MB/s | 00:02:39 left
[K62.34 MB/480.46 MB | ====                              12.97% | 2.6 MB/s | 00:02:39 left
[K62.52 MB/480.46 MB | ====                              13.01% | 2.6 MB/s | 00:02:39 left
[K62.68 MB/480.46 MB | ====                              13.05% | 2.6 MB/s | 00:02:39 left
[K62.80 MB/480.46 MB | ====                              13.07% | 1.7 MB/s | 00:04:04 left
[K62.94 MB/480.46 MB | ====                              13.10% | 1.7 MB/s | 00:04:04 left
[K63.04 MB/480.46 MB | ====                              13.12% | 1.7 MB/s | 00:04:04 left
[K63.14 MB/480.46 MB | ====                              13.14% | 1.7 MB/s | 00:04:04 left
[K63.26 MB/480.46 MB | ====                              13.17% | 1.7 MB/s | 00:04:04 left
[K63.43 MB/480.46 MB | ====                              13.20% | 1.7 MB/s | 00:04:04 left
[K63.60 MB/480.46 MB | ====                              13.24% | 1.7 MB/s | 00:04:04 left
[K63.86 MB/480.46 MB | ====                              13.29% | 1.7 MB/s | 00:04:04 left
[K63.95 MB/480.46 MB | ====                              13.31% | 1.7 MB/s | 00:04:04 left
[K64.07 MB/480.46 MB | ====                              13.34% | 1.7 MB/s | 00:04:04 left
[K64.26 MB/480.46 MB | ====                              13.37% | 1.6 MB/s | 00:04:24 left
[K64.47 MB/480.46 MB | ====                              13.42% | 1.6 MB/s | 00:04:24 left
[K64.69 MB/480.46 MB | ====                              13.47% | 1.6 MB/s | 00:04:24 left
[K64.86 MB/480.46 MB | ====                              13.50% | 1.6 MB/s | 00:04:24 left
[K65.00 MB/480.46 MB | ====                              13.53% | 1.6 MB/s | 00:04:24 left
[K65.10 MB/480.46 MB | ====                              13.55% | 1.6 MB/s | 00:04:24 left
[K65.24 MB/480.46 MB | ====                              13.58% | 1.6 MB/s | 00:04:24 left
[K65.35 MB/480.46 MB | ====                              13.60% | 1.6 MB/s | 00:04:24 left
[K65.49 MB/480.46 MB | ====                              13.63% | 1.6 MB/s | 00:04:24 left
[K65.67 MB/480.46 MB | ====                              13.67% | 1.6 MB/s | 00:04:24 left
[K65.88 MB/480.46 MB | ====                              13.71% | 1.8 MB/s | 00:03:55 left
[K66.13 MB/480.46 MB | ====                              13.76% | 1.8 MB/s | 00:03:55 left
[K66.41 MB/480.46 MB | ====                              13.82% | 1.8 MB/s | 00:03:55 left
[K66.62 MB/480.46 MB | ====                              13.87% | 1.8 MB/s | 00:03:55 left
[K66.79 MB/480.46 MB | ====                              13.90% | 1.8 MB/s | 00:03:55 left
[K66.94 MB/480.46 MB | ====                              13.93% | 1.8 MB/s | 00:03:55 left
[K67.15 MB/480.46 MB | ====                              13.98% | 1.8 MB/s | 00:03:55 left
[K67.32 MB/480.46 MB | ====                              14.01% | 1.8 MB/s | 00:03:55 left
[K67.46 MB/480.46 MB | ====                              14.04% | 1.8 MB/s | 00:03:55 left
[K67.68 MB/480.46 MB | ====                              14.09% | 1.8 MB/s | 00:03:55 left
[K67.90 MB/480.46 MB | ====                              14.13% | 2.2 MB/s | 00:03:10 left
[K68.17 MB/480.46 MB | ====                              14.19% | 2.2 MB/s | 00:03:10 left
[K68.42 MB/480.46 MB | ====                              14.24% | 2.2 MB/s | 00:03:10 left
[K68.69 MB/480.46 MB | ====                              14.30% | 2.2 MB/s | 00:03:10 left
[K69.03 MB/480.46 MB | ====                              14.37% | 2.2 MB/s | 00:03:10 left
[K69.39 MB/480.46 MB | ====                              14.44% | 2.2 MB/s | 00:03:10 left
[K69.83 MB/480.46 MB | ====                              14.53% | 2.2 MB/s | 00:03:10 left
[K70.21 MB/480.46 MB | ====                              14.61% | 2.2 MB/s | 00:03:10 left
[K70.50 MB/480.46 MB | ====                              14.67% | 2.2 MB/s | 00:03:10 left
[K70.75 MB/480.46 MB | ====                              14.73% | 2.2 MB/s | 00:03:10 left
[K70.93 MB/480.46 MB | ====                              14.76% | 3.2 MB/s | 00:02:10 left
[K71.09 MB/480.46 MB | ====                              14.80% | 3.2 MB/s | 00:02:10 left
[K71.34 MB/480.46 MB | ====                              14.85% | 3.2 MB/s | 00:02:10 left
[K71.60 MB/480.46 MB | ====                              14.90% | 3.2 MB/s | 00:02:10 left
[K71.85 MB/480.46 MB | ====                              14.95% | 3.2 MB/s | 00:02:10 left
[K72.09 MB/480.46 MB | ====                              15.00% | 3.2 MB/s | 00:02:10 left
[K72.23 MB/480.46 MB | ====                              15.03% | 3.2 MB/s | 00:02:10 left
[K72.40 MB/480.46 MB | ====                              15.07% | 3.2 MB/s | 00:02:10 left
[K72.54 MB/480.46 MB | ====                              15.10% | 3.2 MB/s | 00:02:10 left
[K72.74 MB/480.46 MB | ====                              15.14% | 3.2 MB/s | 00:02:10 left
[K72.87 MB/480.46 MB | =====                             15.17% | 1.9 MB/s | 00:03:33 left
[K72.98 MB/480.46 MB | =====                             15.19% | 1.9 MB/s | 00:03:33 left
[K73.08 MB/480.46 MB | =====                             15.21% | 1.9 MB/s | 00:03:33 left
[K73.16 MB/480.46 MB | =====                             15.23% | 1.9 MB/s | 00:03:33 left
[K73.28 MB/480.46 MB | =====                             15.25% | 1.9 MB/s | 00:03:33 left
[K73.40 MB/480.46 MB | =====                             15.28% | 1.9 MB/s | 00:03:33 left
[K73.54 MB/480.46 MB | =====                             15.31% | 1.9 MB/s | 00:03:33 left
[K73.66 MB/480.46 MB | =====                             15.33% | 1.9 MB/s | 00:03:33 left
[K73.79 MB/480.46 MB | =====                             15.36% | 1.9 MB/s | 00:03:33 left
[K73.97 MB/480.46 MB | =====                             15.40% | 1.9 MB/s | 00:03:33 left
[K74.14 MB/480.46 MB | =====                             15.43% | 1.9 MB/s | 00:03:33 left
[K74.31 MB/480.46 MB | =====                             15.47% | 1.5 MB/s | 00:04:24 left
[K74.48 MB/480.46 MB | =====                             15.50% | 1.5 MB/s | 00:04:24 left
[K74.61 MB/480.46 MB | =====                             15.53% | 1.5 MB/s | 00:04:24 left
[K74.73 MB/480.46 MB | =====                             15.55% | 1.5 MB/s | 00:04:24 left
[K74.84 MB/480.46 MB | =====                             15.58% | 1.5 MB/s | 00:04:24 left
[K75.00 MB/480.46 MB | =====                             15.61% | 1.5 MB/s | 00:04:24 left
[K75.16 MB/480.46 MB | =====                             15.64% | 1.5 MB/s | 00:04:24 left
[K75.36 MB/480.46 MB | =====                             15.69% | 1.5 MB/s | 00:04:24 left
[K75.59 MB/480.46 MB | =====                             15.73% | 1.5 MB/s | 00:04:24 left
[K75.81 MB/480.46 MB | =====                             15.78% | 1.5 MB/s | 00:04:24 left
[K76.00 MB/480.46 MB | =====                             15.82% | 1.9 MB/s | 00:03:33 left
[K76.16 MB/480.46 MB | =====                             15.85% | 1.9 MB/s | 00:03:33 left
[K76.39 MB/480.46 MB | =====                             15.90% | 1.9 MB/s | 00:03:33 left
[K76.63 MB/480.46 MB | =====                             15.95% | 1.9 MB/s | 00:03:33 left
[K76.91 MB/480.46 MB | =====                             16.01% | 1.9 MB/s | 00:03:33 left
[K77.19 MB/480.46 MB | =====                             16.07% | 1.9 MB/s | 00:03:33 left
[K77.43 MB/480.46 MB | =====                             16.12% | 1.9 MB/s | 00:03:33 left
[K77.61 MB/480.46 MB | =====                             16.15% | 1.9 MB/s | 00:03:33 left
[K77.76 MB/480.46 MB | =====                             16.18% | 1.9 MB/s | 00:03:33 left
[K77.92 MB/480.46 MB | =====                             16.22% | 1.9 MB/s | 00:03:33 left
[K78.12 MB/480.46 MB | =====                             16.26% | 1.9 MB/s | 00:03:33 left
[K78.33 MB/480.46 MB | =====                             16.30% | 2.4 MB/s | 00:02:51 left
[K78.63 MB/480.46 MB | =====                             16.37% | 2.4 MB/s | 00:02:51 left
[K78.87 MB/480.46 MB | =====                             16.42% | 2.4 MB/s | 00:02:51 left
[K79.06 MB/480.46 MB | =====                             16.45% | 2.4 MB/s | 00:02:51 left
[K79.28 MB/480.46 MB | =====                             16.50% | 2.4 MB/s | 00:02:51 left
[K79.57 MB/480.46 MB | =====                             16.56% | 2.4 MB/s | 00:02:51 left
[K79.84 MB/480.46 MB | =====                             16.62% | 2.4 MB/s | 00:02:51 left
[K80.04 MB/480.46 MB | =====                             16.66% | 2.4 MB/s | 00:02:51 left
[K80.34 MB/480.46 MB | =====                             16.72% | 2.4 MB/s | 00:02:51 left
[K80.57 MB/480.46 MB | =====                             16.77% | 2.4 MB/s | 00:02:51 left
[K80.86 MB/480.46 MB | =====                             16.83% | 2.8 MB/s | 00:02:23 left
[K81.13 MB/480.46 MB | =====                             16.89% | 2.8 MB/s | 00:02:23 left
[K81.35 MB/480.46 MB | =====                             16.93% | 2.8 MB/s | 00:02:23 left
[K81.51 MB/480.46 MB | =====                             16.96% | 2.8 MB/s | 00:02:23 left
[K81.72 MB/480.46 MB | =====                             17.01% | 2.8 MB/s | 00:02:23 left
[K81.93 MB/480.46 MB | =====                             17.05% | 2.8 MB/s | 00:02:23 left
[K82.10 MB/480.46 MB | =====                             17.09% | 2.8 MB/s | 00:02:23 left
[K82.24 MB/480.46 MB | =====                             17.12% | 2.8 MB/s | 00:02:23 left
[K82.45 MB/480.46 MB | =====                             17.16% | 2.8 MB/s | 00:02:23 left
[K82.67 MB/480.46 MB | =====                             17.21% | 2.8 MB/s | 00:02:23 left
[K82.94 MB/480.46 MB | =====                             17.26% | 2.3 MB/s | 00:02:49 left
[K83.19 MB/480.46 MB | =====                             17.32% | 2.3 MB/s | 00:02:49 left
[K83.47 MB/480.46 MB | =====                             17.37% | 2.3 MB/s | 00:02:49 left
[K83.66 MB/480.46 MB | =====                             17.41% | 2.3 MB/s | 00:02:49 left
[K83.82 MB/480.46 MB | =====                             17.45% | 2.3 MB/s | 00:02:49 left
[K84.01 MB/480.46 MB | =====                             17.49% | 2.3 MB/s | 00:02:49 left
[K84.20 MB/480.46 MB | =====                             17.52% | 2.3 MB/s | 00:02:49 left
[K84.42 MB/480.46 MB | =====                             17.57% | 2.3 MB/s | 00:02:49 left
[K84.67 MB/480.46 MB | =====                             17.62% | 2.3 MB/s | 00:02:49 left
[K84.86 MB/480.46 MB | =====                             17.66% | 2.3 MB/s | 00:02:49 left
[K85.05 MB/480.46 MB | =====                             17.70% | 2.1 MB/s | 00:03:08 left
[K85.18 MB/480.46 MB | =====                             17.73% | 2.1 MB/s | 00:03:08 left
[K85.32 MB/480.46 MB | =====                             17.76% | 2.1 MB/s | 00:03:08 left
[K85.46 MB/480.46 MB | =====                             17.79% | 2.1 MB/s | 00:03:08 left
[K85.61 MB/480.46 MB | =====                             17.82% | 2.1 MB/s | 00:03:08 left
[K85.77 MB/480.46 MB | =====                             17.85% | 2.1 MB/s | 00:03:08 left
[K85.93 MB/480.46 MB | =====                             17.89% | 2.1 MB/s | 00:03:08 left
[K86.10 MB/480.46 MB | =====                             17.92% | 2.1 MB/s | 00:03:08 left
[K86.22 MB/480.46 MB | =====                             17.94% | 2.1 MB/s | 00:03:08 left
[K86.38 MB/480.46 MB | =====                             17.98% | 2.1 MB/s | 00:03:08 left
[K86.56 MB/480.46 MB | =====                             18.02% | 2.1 MB/s | 00:03:08 left
[K86.76 MB/480.46 MB | =====                             18.06% | 1.7 MB/s | 00:03:54 left
[K86.91 MB/480.46 MB | =====                             18.09% | 1.7 MB/s | 00:03:54 left
[K87.04 MB/480.46 MB | =====                             18.12% | 1.7 MB/s | 00:03:54 left
[K87.19 MB/480.46 MB | =====                             18.15% | 1.7 MB/s | 00:03:54 left
[K87.35 MB/480.46 MB | =====                             18.18% | 1.7 MB/s | 00:03:54 left
[K87.58 MB/480.46 MB | ======                            18.23% | 1.7 MB/s | 00:03:54 left
[K87.76 MB/480.46 MB | ======                            18.27% | 1.7 MB/s | 00:03:54 left
[K88.05 MB/480.46 MB | ======                            18.33% | 1.7 MB/s | 00:03:54 left
[K88.33 MB/480.46 MB | ======                            18.38% | 1.7 MB/s | 00:03:54 left
[K88.65 MB/480.46 MB | ======                            18.45% | 1.7 MB/s | 00:03:54 left
[K89.03 MB/480.46 MB | ======                            18.53% | 1.7 MB/s | 00:03:54 left
[K89.23 MB/480.46 MB | ======                            18.57% | 2.5 MB/s | 00:02:34 left
[K89.46 MB/480.46 MB | ======                            18.62% | 2.5 MB/s | 00:02:34 left
[K89.63 MB/480.46 MB | ======                            18.65% | 2.5 MB/s | 00:02:34 left
[K89.81 MB/480.46 MB | ======                            18.69% | 2.5 MB/s | 00:02:34 left
[K89.98 MB/480.46 MB | ======                            18.73% | 2.5 MB/s | 00:02:34 left
[K90.10 MB/480.46 MB | ======                            18.75% | 2.5 MB/s | 00:02:34 left
[K90.21 MB/480.46 MB | ======                            18.78% | 2.5 MB/s | 00:02:34 left
[K90.33 MB/480.46 MB | ======                            18.80% | 2.5 MB/s | 00:02:34 left
[K90.45 MB/480.46 MB | ======                            18.83% | 2.5 MB/s | 00:02:34 left
[K90.63 MB/480.46 MB | ======                            18.86% | 2.5 MB/s | 00:02:34 left
[K90.85 MB/480.46 MB | ======                            18.91% | 1.8 MB/s | 00:03:42 left
[K91.03 MB/480.46 MB | ======                            18.95% | 1.8 MB/s | 00:03:42 left
[K91.23 MB/480.46 MB | ======                            18.99% | 1.8 MB/s | 00:03:42 left
[K91.40 MB/480.46 MB | ======                            19.02% | 1.8 MB/s | 00:03:42 left
[K91.60 MB/480.46 MB | ======                            19.07% | 1.8 MB/s | 00:03:42 left
[K91.78 MB/480.46 MB | ======                            19.10% | 1.8 MB/s | 00:03:42 left
[K91.89 MB/480.46 MB | ======                            19.13% | 1.8 MB/s | 00:03:42 left
[K92.05 MB/480.46 MB | ======                            19.16% | 1.8 MB/s | 00:03:42 left
[K92.20 MB/480.46 MB | ======                            19.19% | 1.8 MB/s | 00:03:42 left
[K92.40 MB/480.46 MB | ======                            19.23% | 1.8 MB/s | 00:03:42 left
[K92.52 MB/480.46 MB | ======                            19.26% | 1.7 MB/s | 00:03:51 left
[K92.65 MB/480.46 MB | ======                            19.28% | 1.7 MB/s | 00:03:51 left
[K92.81 MB/480.46 MB | ======                            19.32% | 1.7 MB/s | 00:03:51 left
[K92.96 MB/480.46 MB | ======                            19.35% | 1.7 MB/s | 00:03:51 left
[K93.09 MB/480.46 MB | ======                            19.38% | 1.7 MB/s | 00:03:51 left
[K93.22 MB/480.46 MB | ======                            19.40% | 1.7 MB/s | 00:03:51 left
[K93.36 MB/480.46 MB | ======                            19.43% | 1.7 MB/s | 00:03:51 left
[K93.49 MB/480.46 MB | ======                            19.46% | 1.7 MB/s | 00:03:51 left
[K93.62 MB/480.46 MB | ======                            19.49% | 1.7 MB/s | 00:03:51 left
[K93.78 MB/480.46 MB | ======                            19.52% | 1.7 MB/s | 00:03:51 left
[K93.94 MB/480.46 MB | ======                            19.55% | 1.7 MB/s | 00:03:51 left
[K94.14 MB/480.46 MB | ======                            19.59% | 1.7 MB/s | 00:03:50 left
[K94.38 MB/480.46 MB | ======                            19.64% | 1.7 MB/s | 00:03:50 left
[K94.58 MB/480.46 MB | ======                            19.69% | 1.7 MB/s | 00:03:50 left
[K94.89 MB/480.46 MB | ======                            19.75% | 1.7 MB/s | 00:03:50 left
[K95.12 MB/480.46 MB | ======                            19.80% | 1.7 MB/s | 00:03:50 left
[K95.26 MB/480.46 MB | ======                            19.83% | 1.7 MB/s | 00:03:50 left
[K95.43 MB/480.46 MB | ======                            19.86% | 1.7 MB/s | 00:03:50 left
[K95.58 MB/480.46 MB | ======                            19.89% | 1.7 MB/s | 00:03:50 left
[K95.73 MB/480.46 MB | ======                            19.92% | 1.7 MB/s | 00:03:50 left
[K95.91 MB/480.46 MB | ======                            19.96% | 1.7 MB/s | 00:03:50 left
[K96.06 MB/480.46 MB | ======                            19.99% | 1.9 MB/s | 00:03:21 left
[K96.16 MB/480.46 MB | ======                            20.01% | 1.9 MB/s | 00:03:21 left
[K96.31 MB/480.46 MB | ======                            20.05% | 1.9 MB/s | 00:03:21 left
[K96.46 MB/480.46 MB | ======                            20.08% | 1.9 MB/s | 00:03:21 left
[K96.58 MB/480.46 MB | ======                            20.10% | 1.9 MB/s | 00:03:21 left
[K96.76 MB/480.46 MB | ======                            20.14% | 1.9 MB/s | 00:03:21 left
[K96.94 MB/480.46 MB | ======                            20.18% | 1.9 MB/s | 00:03:21 left
[K97.15 MB/480.46 MB | ======                            20.22% | 1.9 MB/s | 00:03:21 left
[K97.39 MB/480.46 MB | ======                            20.27% | 1.9 MB/s | 00:03:21 left
[K97.63 MB/480.46 MB | ======                            20.32% | 1.9 MB/s | 00:03:21 left
[K98.00 MB/480.46 MB | ======                            20.40% | 1.9 MB/s | 00:03:21 left
[K98.18 MB/480.46 MB | ======                            20.44% | 2.0 MB/s | 00:03:09 left
[K98.32 MB/480.46 MB | ======                            20.46% | 2.0 MB/s | 00:03:09 left
[K98.42 MB/480.46 MB | ======                            20.48% | 2.0 MB/s | 00:03:09 left
[K98.52 MB/480.46 MB | ======                            20.51% | 2.0 MB/s | 00:03:09 left
[K98.62 MB/480.46 MB | ======                            20.53% | 2.0 MB/s | 00:03:09 left
[K98.74 MB/480.46 MB | ======                            20.55% | 2.0 MB/s | 00:03:09 left
[K98.86 MB/480.46 MB | ======                            20.58% | 2.0 MB/s | 00:03:09 left
[K99.03 MB/480.46 MB | ======                            20.61% | 2.0 MB/s | 00:03:09 left
[K99.14 MB/480.46 MB | ======                            20.63% | 2.0 MB/s | 00:03:09 left
[K99.26 MB/480.46 MB | ======                            20.66% | 2.0 MB/s | 00:03:09 left
[K99.35 MB/480.46 MB | ======                            20.68% | 1.3 MB/s | 00:04:59 left
[K99.46 MB/480.46 MB | ======                            20.70% | 1.3 MB/s | 00:04:59 left
[K99.58 MB/480.46 MB | ======                            20.73% | 1.3 MB/s | 00:04:59 left
[K99.70 MB/480.46 MB | ======                            20.75% | 1.3 MB/s | 00:04:59 left
[K99.85 MB/480.46 MB | ======                            20.78% | 1.3 MB/s | 00:04:59 left
[K99.99 MB/480.46 MB | ======                            20.81% | 1.3 MB/s | 00:04:59 left
[K100.11 MB/480.46 MB | ======                            20.84% | 1.3 MB/s | 00:04:59 left
[K100.22 MB/480.46 MB | ======                            20.86% | 1.3 MB/s | 00:04:59 left
[K100.37 MB/480.46 MB | ======                            20.89% | 1.3 MB/s | 00:04:59 left
[K100.45 MB/480.46 MB | ======                            20.91% | 1.3 MB/s | 00:04:59 left
[K100.56 MB/480.46 MB | ======                            20.93% | 1.3 MB/s | 00:04:59 left
[K100.72 MB/480.46 MB | ======                            20.96% | 1.4 MB/s | 00:04:40 left
[K100.86 MB/480.46 MB | ======                            20.99% | 1.4 MB/s | 00:04:40 left
[K100.97 MB/480.46 MB | ======                            21.02% | 1.4 MB/s | 00:04:40 left
[K101.12 MB/480.46 MB | ======                            21.05% | 1.4 MB/s | 00:04:40 left
[K101.26 MB/480.46 MB | ======                            21.08% | 1.4 MB/s | 00:04:40 left
[K101.38 MB/480.46 MB | ======                            21.10% | 1.4 MB/s | 00:04:40 left
[K101.57 MB/480.46 MB | ======                            21.14% | 1.4 MB/s | 00:04:40 left
[K101.73 MB/480.46 MB | ======                            21.17% | 1.4 MB/s | 00:04:40 left
[K101.95 MB/480.46 MB | =======                           21.22% | 1.4 MB/s | 00:04:40 left
[K102.14 MB/480.46 MB | =======                           21.26% | 1.4 MB/s | 00:04:40 left
[K102.33 MB/480.46 MB | =======                           21.30% | 1.7 MB/s | 00:03:40 left
[K102.44 MB/480.46 MB | =======                           21.32% | 1.7 MB/s | 00:03:40 left
[K102.56 MB/480.46 MB | =======                           21.35% | 1.7 MB/s | 00:03:40 left
[K102.67 MB/480.46 MB | =======                           21.37% | 1.7 MB/s | 00:03:40 left
[K102.76 MB/480.46 MB | =======                           21.39% | 1.7 MB/s | 00:03:40 left
[K102.87 MB/480.46 MB | =======                           21.41% | 1.7 MB/s | 00:03:40 left
[K102.96 MB/480.46 MB | =======                           21.43% | 1.7 MB/s | 00:03:40 left
[K103.04 MB/480.46 MB | =======                           21.45% | 1.7 MB/s | 00:03:40 left
[K103.16 MB/480.46 MB | =======                           21.47% | 1.7 MB/s | 00:03:40 left
[K103.23 MB/480.46 MB | =======                           21.49% | 1.7 MB/s | 00:03:40 left
[K103.31 MB/480.46 MB | =======                           21.50% | 1.0 MB/s | 00:06:08 left
[K103.40 MB/480.46 MB | =======                           21.52% | 1.0 MB/s | 00:06:08 left
[K103.53 MB/480.46 MB | =======                           21.55% | 1.0 MB/s | 00:06:08 left
[K103.65 MB/480.46 MB | =======                           21.57% | 1.0 MB/s | 00:06:08 left
[K103.76 MB/480.46 MB | =======                           21.60% | 1.0 MB/s | 00:06:08 left
[K103.90 MB/480.46 MB | =======                           21.63% | 1.0 MB/s | 00:06:08 left
[K104.08 MB/480.46 MB | =======                           21.66% | 1.0 MB/s | 00:06:08 left
[K104.27 MB/480.46 MB | =======                           21.70% | 1.0 MB/s | 00:06:08 left
[K104.43 MB/480.46 MB | =======                           21.73% | 1.0 MB/s | 00:06:08 left
[K104.60 MB/480.46 MB | =======                           21.77% | 1.0 MB/s | 00:06:08 left
[K104.72 MB/480.46 MB | =======                           21.80% | 1.0 MB/s | 00:06:08 left
[K104.91 MB/480.46 MB | =======                           21.84% | 1.6 MB/s | 00:03:54 left
[K105.05 MB/480.46 MB | =======                           21.87% | 1.6 MB/s | 00:03:54 left
[K105.21 MB/480.46 MB | =======                           21.90% | 1.6 MB/s | 00:03:54 left
[K105.36 MB/480.46 MB | =======                           21.93% | 1.6 MB/s | 00:03:54 left
[K105.55 MB/480.46 MB | =======                           21.97% | 1.6 MB/s | 00:03:54 left
[K105.70 MB/480.46 MB | =======                           22.00% | 1.6 MB/s | 00:03:54 left
[K105.91 MB/480.46 MB | =======                           22.04% | 1.6 MB/s | 00:03:54 left
[K106.04 MB/480.46 MB | =======                           22.07% | 1.6 MB/s | 00:03:54 left
[K106.24 MB/480.46 MB | =======                           22.11% | 1.6 MB/s | 00:03:54 left
[K106.37 MB/480.46 MB | =======                           22.14% | 1.6 MB/s | 00:03:54 left
[K106.55 MB/480.46 MB | =======                           22.18% | 1.7 MB/s | 00:03:42 left
[K106.67 MB/480.46 MB | =======                           22.20% | 1.7 MB/s | 00:03:42 left
[K106.80 MB/480.46 MB | =======                           22.23% | 1.7 MB/s | 00:03:42 left
[K106.91 MB/480.46 MB | =======                           22.25% | 1.7 MB/s | 00:03:42 left
[K107.03 MB/480.46 MB | =======                           22.28% | 1.7 MB/s | 00:03:42 left
[K107.13 MB/480.46 MB | =======                           22.30% | 1.7 MB/s | 00:03:42 left
[K107.28 MB/480.46 MB | =======                           22.33% | 1.7 MB/s | 00:03:42 left
[K107.41 MB/480.46 MB | =======                           22.36% | 1.7 MB/s | 00:03:42 left
[K107.60 MB/480.46 MB | =======                           22.40% | 1.7 MB/s | 00:03:42 left
[K107.77 MB/480.46 MB | =======                           22.43% | 1.7 MB/s | 00:03:42 left
[K107.99 MB/480.46 MB | =======                           22.48% | 1.7 MB/s | 00:03:42 left
[K108.23 MB/480.46 MB | =======                           22.53% | 1.6 MB/s | 00:03:47 left
[K108.37 MB/480.46 MB | =======                           22.56% | 1.6 MB/s | 00:03:47 left
[K108.54 MB/480.46 MB | =======                           22.59% | 1.6 MB/s | 00:03:47 left
[K108.67 MB/480.46 MB | =======                           22.62% | 1.6 MB/s | 00:03:47 left
[K108.79 MB/480.46 MB | =======                           22.64% | 1.6 MB/s | 00:03:47 left
[K108.96 MB/480.46 MB | =======                           22.68% | 1.6 MB/s | 00:03:47 left
[K109.18 MB/480.46 MB | =======                           22.73% | 1.6 MB/s | 00:03:47 left
[K109.35 MB/480.46 MB | =======                           22.76% | 1.6 MB/s | 00:03:47 left
[K109.52 MB/480.46 MB | =======                           22.80% | 1.6 MB/s | 00:03:47 left
[K109.69 MB/480.46 MB | =======                           22.83% | 1.6 MB/s | 00:03:47 left
[K109.87 MB/480.46 MB | =======                           22.87% | 1.8 MB/s | 00:03:25 left
[K110.05 MB/480.46 MB | =======                           22.90% | 1.8 MB/s | 00:03:25 left
[K110.27 MB/480.46 MB | =======                           22.95% | 1.8 MB/s | 00:03:25 left
[K110.45 MB/480.46 MB | =======                           22.99% | 1.8 MB/s | 00:03:25 left
[K110.57 MB/480.46 MB | =======                           23.01% | 1.8 MB/s | 00:03:25 left
[K110.75 MB/480.46 MB | =======                           23.05% | 1.8 MB/s | 00:03:25 left
[K110.86 MB/480.46 MB | =======                           23.07% | 1.8 MB/s | 00:03:25 left
[K110.94 MB/480.46 MB | =======                           23.09% | 1.8 MB/s | 00:03:25 left
[K110.99 MB/480.46 MB | =======                           23.10% | 1.8 MB/s | 00:03:25 left
[K111.03 MB/480.46 MB | =======                           23.11% | 1.2 MB/s | 00:05:06 left
[K111.10 MB/480.46 MB | =======                           23.12% | 1.2 MB/s | 00:05:06 left
[K111.15 MB/480.46 MB | =======                           23.13% | 1.2 MB/s | 00:05:06 left
[K111.22 MB/480.46 MB | =======                           23.15% | 1.2 MB/s | 00:05:06 left
[K111.31 MB/480.46 MB | =======                           23.17% | 1.2 MB/s | 00:05:06 left
[K111.44 MB/480.46 MB | =======                           23.20% | 1.2 MB/s | 00:05:06 left
[K111.56 MB/480.46 MB | =======                           23.22% | 1.2 MB/s | 00:05:06 left
[K111.73 MB/480.46 MB | =======                           23.26% | 1.2 MB/s | 00:05:06 left
[K111.91 MB/480.46 MB | =======                           23.29% | 1.2 MB/s | 00:05:06 left
[K112.10 MB/480.46 MB | =======                           23.33% | 1.2 MB/s | 00:05:06 left
[K112.33 MB/480.46 MB | =======                           23.38% | 1.2 MB/s | 00:05:06 left
[K112.61 MB/480.46 MB | =======                           23.44% | 1.2 MB/s | 00:05:06 left
[K112.93 MB/480.46 MB | =======                           23.51% | 2.0 MB/s | 00:02:59 left
[K113.29 MB/480.46 MB | =======                           23.58% | 2.0 MB/s | 00:02:59 left
[K113.55 MB/480.46 MB | =======                           23.63% | 2.0 MB/s | 00:02:59 left
[K113.77 MB/480.46 MB | =======                           23.68% | 2.0 MB/s | 00:02:59 left
[K113.97 MB/480.46 MB | =======                           23.72% | 2.0 MB/s | 00:02:59 left
[K114.28 MB/480.46 MB | =======                           23.79% | 2.0 MB/s | 00:02:59 left
[K114.45 MB/480.46 MB | =======                           23.82% | 2.0 MB/s | 00:02:59 left
[K114.71 MB/480.46 MB | =======                           23.87% | 2.0 MB/s | 00:02:59 left
[K114.87 MB/480.46 MB | =======                           23.91% | 2.0 MB/s | 00:02:59 left
[K115.12 MB/480.46 MB | =======                           23.96% | 2.0 MB/s | 00:02:59 left
[K115.32 MB/480.46 MB | =======                           24.00% | 2.4 MB/s | 00:02:31 left
[K115.47 MB/480.46 MB | =======                           24.03% | 2.4 MB/s | 00:02:31 left
[K115.63 MB/480.46 MB | =======                           24.07% | 2.4 MB/s | 00:02:31 left
[K115.83 MB/480.46 MB | =======                           24.11% | 2.4 MB/s | 00:02:31 left
[K115.98 MB/480.46 MB | =======                           24.14% | 2.4 MB/s | 00:02:31 left
[K116.14 MB/480.46 MB | =======                           24.17% | 2.4 MB/s | 00:02:31 left
[K116.32 MB/480.46 MB | =======                           24.21% | 2.4 MB/s | 00:02:31 left
[K116.57 MB/480.46 MB | ========                          24.26% | 2.4 MB/s | 00:02:31 left
[K116.88 MB/480.46 MB | ========                          24.33% | 2.4 MB/s | 00:02:31 left
[K117.17 MB/480.46 MB | ========                          24.39% | 2.4 MB/s | 00:02:31 left
[K117.51 MB/480.46 MB | ========                          24.46% | 2.4 MB/s | 00:02:31 left
[K117.81 MB/480.46 MB | ========                          24.52% | 2.7 MB/s | 00:02:16 left
[K118.22 MB/480.46 MB | ========                          24.61% | 2.7 MB/s | 00:02:16 left
[K118.50 MB/480.46 MB | ========                          24.66% | 2.7 MB/s | 00:02:16 left
[K118.64 MB/480.46 MB | ========                          24.69% | 2.7 MB/s | 00:02:16 left
[K118.86 MB/480.46 MB | ========                          24.74% | 2.7 MB/s | 00:02:16 left
[K119.02 MB/480.46 MB | ========                          24.77% | 2.7 MB/s | 00:02:16 left
[K119.25 MB/480.46 MB | ========                          24.82% | 2.7 MB/s | 00:02:16 left
[K119.46 MB/480.46 MB | ========                          24.86% | 2.7 MB/s | 00:02:16 left
[K119.73 MB/480.46 MB | ========                          24.92% | 2.7 MB/s | 00:02:16 left
[K120.00 MB/480.46 MB | ========                          24.98% | 2.7 MB/s | 00:02:16 left
[K120.29 MB/480.46 MB | ========                          25.04% | 2.7 MB/s | 00:02:13 left
[K120.66 MB/480.46 MB | ========                          25.11% | 2.7 MB/s | 00:02:13 left
[K121.03 MB/480.46 MB | ========                          25.19% | 2.7 MB/s | 00:02:13 left
[K121.27 MB/480.46 MB | ========                          25.24% | 2.7 MB/s | 00:02:13 left
[K121.51 MB/480.46 MB | ========                          25.29% | 2.7 MB/s | 00:02:13 left
[K121.75 MB/480.46 MB | ========                          25.34% | 2.7 MB/s | 00:02:13 left
[K121.96 MB/480.46 MB | ========                          25.38% | 2.7 MB/s | 00:02:13 left
[K122.27 MB/480.46 MB | ========                          25.45% | 2.7 MB/s | 00:02:13 left
[K122.53 MB/480.46 MB | ========                          25.50% | 2.7 MB/s | 00:02:13 left
[K122.80 MB/480.46 MB | ========                          25.56% | 2.7 MB/s | 00:02:13 left
[K123.04 MB/480.46 MB | ========                          25.61% | 2.9 MB/s | 00:02:05 left
[K123.31 MB/480.46 MB | ========                          25.66% | 2.9 MB/s | 00:02:05 left
[K123.62 MB/480.46 MB | ========                          25.73% | 2.9 MB/s | 00:02:05 left
[K123.93 MB/480.46 MB | ========                          25.79% | 2.9 MB/s | 00:02:05 left
[K124.23 MB/480.46 MB | ========                          25.86% | 2.9 MB/s | 00:02:05 left
[K124.48 MB/480.46 MB | ========                          25.91% | 2.9 MB/s | 00:02:05 left
[K124.65 MB/480.46 MB | ========                          25.94% | 2.9 MB/s | 00:02:05 left
[K124.83 MB/480.46 MB | ========                          25.98% | 2.9 MB/s | 00:02:05 left
[K125.02 MB/480.46 MB | ========                          26.02% | 2.9 MB/s | 00:02:05 left
[K125.14 MB/480.46 MB | ========                          26.05% | 2.3 MB/s | 00:02:36 left
[K125.26 MB/480.46 MB | ========                          26.07% | 2.3 MB/s | 00:02:36 left
[K125.42 MB/480.46 MB | ========                          26.11% | 2.3 MB/s | 00:02:36 left
[K125.62 MB/480.46 MB | ========                          26.15% | 2.3 MB/s | 00:02:36 left
[K125.82 MB/480.46 MB | ========                          26.19% | 2.3 MB/s | 00:02:36 left
[K126.12 MB/480.46 MB | ========                          26.25% | 2.3 MB/s | 00:02:36 left
[K126.33 MB/480.46 MB | ========                          26.29% | 2.3 MB/s | 00:02:36 left
[K126.53 MB/480.46 MB | ========                          26.34% | 2.3 MB/s | 00:02:36 left
[K126.72 MB/480.46 MB | ========                          26.37% | 2.3 MB/s | 00:02:36 left
[K126.94 MB/480.46 MB | ========                          26.42% | 2.3 MB/s | 00:02:36 left
[K127.17 MB/480.46 MB | ========                          26.47% | 2.3 MB/s | 00:02:36 left
[K127.40 MB/480.46 MB | ========                          26.52% | 2.2 MB/s | 00:02:39 left
[K127.58 MB/480.46 MB | ========                          26.55% | 2.2 MB/s | 00:02:39 left
[K127.76 MB/480.46 MB | ========                          26.59% | 2.2 MB/s | 00:02:39 left
[K127.95 MB/480.46 MB | ========                          26.63% | 2.2 MB/s | 00:02:39 left
[K128.14 MB/480.46 MB | ========                          26.67% | 2.2 MB/s | 00:02:39 left
[K128.30 MB/480.46 MB | ========                          26.70% | 2.2 MB/s | 00:02:39 left
[K128.51 MB/480.46 MB | ========                          26.75% | 2.2 MB/s | 00:02:39 left
[K128.79 MB/480.46 MB | ========                          26.81% | 2.2 MB/s | 00:02:39 left
[K129.16 MB/480.46 MB | ========                          26.88% | 2.2 MB/s | 00:02:39 left
[K129.46 MB/480.46 MB | ========                          26.95% | 2.2 MB/s | 00:02:39 left
[K129.82 MB/480.46 MB | ========                          27.02% | 2.2 MB/s | 00:02:39 left
[K130.11 MB/480.46 MB | ========                          27.08% | 2.7 MB/s | 00:02:12 left
[K130.31 MB/480.46 MB | ========                          27.12% | 2.7 MB/s | 00:02:12 left
[K130.51 MB/480.46 MB | ========                          27.16% | 2.7 MB/s | 00:02:12 left
[K130.70 MB/480.46 MB | ========                          27.20% | 2.7 MB/s | 00:02:12 left
[K130.84 MB/480.46 MB | ========                          27.23% | 2.7 MB/s | 00:02:12 left
[K130.98 MB/480.46 MB | ========                          27.26% | 2.7 MB/s | 00:02:12 left
[K131.13 MB/480.46 MB | =========                         27.29% | 2.7 MB/s | 00:02:12 left
[K131.31 MB/480.46 MB | =========                         27.33% | 2.7 MB/s | 00:02:12 left
[K131.52 MB/480.46 MB | =========                         27.37% | 2.7 MB/s | 00:02:12 left
[K131.78 MB/480.46 MB | =========                         27.43% | 2.7 MB/s | 00:02:12 left
[K131.97 MB/480.46 MB | =========                         27.47% | 2.0 MB/s | 00:02:56 left
[K132.14 MB/480.46 MB | =========                         27.50% | 2.0 MB/s | 00:02:56 left
[K132.36 MB/480.46 MB | =========                         27.55% | 2.0 MB/s | 00:02:56 left
[K132.50 MB/480.46 MB | =========                         27.58% | 2.0 MB/s | 00:02:56 left
[K132.62 MB/480.46 MB | =========                         27.60% | 2.0 MB/s | 00:02:56 left
[K132.76 MB/480.46 MB | =========                         27.63% | 2.0 MB/s | 00:02:56 left
[K132.92 MB/480.46 MB | =========                         27.67% | 2.0 MB/s | 00:02:56 left
[K133.05 MB/480.46 MB | =========                         27.69% | 2.0 MB/s | 00:02:56 left
[K133.23 MB/480.46 MB | =========                         27.73% | 2.0 MB/s | 00:02:56 left
[K133.36 MB/480.46 MB | =========                         27.76% | 2.0 MB/s | 00:02:56 left
[K133.45 MB/480.46 MB | =========                         27.78% | 1.5 MB/s | 00:03:52 left
[K133.57 MB/480.46 MB | =========                         27.80% | 1.5 MB/s | 00:03:52 left
[K133.69 MB/480.46 MB | =========                         27.83% | 1.5 MB/s | 00:03:52 left
[K133.80 MB/480.46 MB | =========                         27.85% | 1.5 MB/s | 00:03:52 left
[K133.97 MB/480.46 MB | =========                         27.88% | 1.5 MB/s | 00:03:52 left
[K134.11 MB/480.46 MB | =========                         27.91% | 1.5 MB/s | 00:03:52 left
[K134.26 MB/480.46 MB | =========                         27.94% | 1.5 MB/s | 00:03:52 left
[K134.44 MB/480.46 MB | =========                         27.98% | 1.5 MB/s | 00:03:52 left
[K134.68 MB/480.46 MB | =========                         28.03% | 1.5 MB/s | 00:03:52 left
[K134.92 MB/480.46 MB | =========                         28.08% | 1.5 MB/s | 00:03:52 left
[K135.20 MB/480.46 MB | =========                         28.14% | 1.5 MB/s | 00:03:52 left
[K135.49 MB/480.46 MB | =========                         28.20% | 1.5 MB/s | 00:03:52 left
[K135.78 MB/480.46 MB | =========                         28.26% | 2.3 MB/s | 00:02:30 left
[K136.04 MB/480.46 MB | =========                         28.31% | 2.3 MB/s | 00:02:30 left
[K136.33 MB/480.46 MB | =========                         28.37% | 2.3 MB/s | 00:02:30 left
[K136.52 MB/480.46 MB | =========                         28.41% | 2.3 MB/s | 00:02:30 left
[K136.81 MB/480.46 MB | =========                         28.48% | 2.3 MB/s | 00:02:30 left
[K137.02 MB/480.46 MB | =========                         28.52% | 2.3 MB/s | 00:02:30 left
[K137.17 MB/480.46 MB | =========                         28.55% | 2.3 MB/s | 00:02:30 left
[K137.34 MB/480.46 MB | =========                         28.59% | 2.3 MB/s | 00:02:30 left
[K137.51 MB/480.46 MB | =========                         28.62% | 2.3 MB/s | 00:02:30 left
[K137.66 MB/480.46 MB | =========                         28.65% | 2.3 MB/s | 00:02:30 left
[K137.87 MB/480.46 MB | =========                         28.70% | 2.2 MB/s | 00:02:35 left
[K138.05 MB/480.46 MB | =========                         28.73% | 2.2 MB/s | 00:02:35 left
[K138.21 MB/480.46 MB | =========                         28.77% | 2.2 MB/s | 00:02:35 left
[K138.32 MB/480.46 MB | =========                         28.79% | 2.2 MB/s | 00:02:35 left
[K138.44 MB/480.46 MB | =========                         28.81% | 2.2 MB/s | 00:02:35 left
[K138.56 MB/480.46 MB | =========                         28.84% | 2.2 MB/s | 00:02:35 left
[K138.67 MB/480.46 MB | =========                         28.86% | 2.2 MB/s | 00:02:35 left
[K138.80 MB/480.46 MB | =========                         28.89% | 2.2 MB/s | 00:02:35 left
[K138.95 MB/480.46 MB | =========                         28.92% | 2.2 MB/s | 00:02:35 left
[K139.09 MB/480.46 MB | =========                         28.95% | 2.2 MB/s | 00:02:35 left
[K139.31 MB/480.46 MB | =========                         29.00% | 2.2 MB/s | 00:02:35 left
[K139.57 MB/480.46 MB | =========                         29.05% | 1.7 MB/s | 00:03:16 left
[K139.78 MB/480.46 MB | =========                         29.09% | 1.7 MB/s | 00:03:16 left
[K140.05 MB/480.46 MB | =========                         29.15% | 1.7 MB/s | 00:03:16 left
[K140.26 MB/480.46 MB | =========                         29.19% | 1.7 MB/s | 00:03:16 left
[K140.46 MB/480.46 MB | =========                         29.23% | 1.7 MB/s | 00:03:16 left
[K140.65 MB/480.46 MB | =========                         29.27% | 1.7 MB/s | 00:03:16 left
[K140.80 MB/480.46 MB | =========                         29.31% | 1.7 MB/s | 00:03:16 left
[K140.94 MB/480.46 MB | =========                         29.34% | 1.7 MB/s | 00:03:16 left
[K141.16 MB/480.46 MB | =========                         29.38% | 1.7 MB/s | 00:03:16 left
[K141.29 MB/480.46 MB | =========                         29.41% | 1.7 MB/s | 00:03:16 left
[K141.42 MB/480.46 MB | =========                         29.43% | 1.9 MB/s | 00:02:59 left
[K141.60 MB/480.46 MB | =========                         29.47% | 1.9 MB/s | 00:02:59 left
[K141.78 MB/480.46 MB | =========                         29.51% | 1.9 MB/s | 00:02:59 left
[K141.95 MB/480.46 MB | =========                         29.54% | 1.9 MB/s | 00:02:59 left
[K142.17 MB/480.46 MB | =========                         29.59% | 1.9 MB/s | 00:02:59 left
[K142.33 MB/480.46 MB | =========                         29.62% | 1.9 MB/s | 00:02:59 left
[K142.49 MB/480.46 MB | =========                         29.66% | 1.9 MB/s | 00:02:59 left
[K142.64 MB/480.46 MB | =========                         29.69% | 1.9 MB/s | 00:02:59 left
[K142.82 MB/480.46 MB | =========                         29.73% | 1.9 MB/s | 00:02:59 left
[K142.98 MB/480.46 MB | =========                         29.76% | 1.9 MB/s | 00:02:59 left
[K143.18 MB/480.46 MB | =========                         29.80% | 1.9 MB/s | 00:02:56 left
[K143.36 MB/480.46 MB | =========                         29.84% | 1.9 MB/s | 00:02:56 left
[K143.54 MB/480.46 MB | =========                         29.88% | 1.9 MB/s | 00:02:56 left
[K143.70 MB/480.46 MB | =========                         29.91% | 1.9 MB/s | 00:02:56 left
[K143.90 MB/480.46 MB | =========                         29.95% | 1.9 MB/s | 00:02:56 left
[K144.02 MB/480.46 MB | =========                         29.98% | 1.9 MB/s | 00:02:56 left
[K144.17 MB/480.46 MB | =========                         30.01% | 1.9 MB/s | 00:02:56 left
[K144.29 MB/480.46 MB | =========                         30.03% | 1.9 MB/s | 00:02:56 left
[K144.45 MB/480.46 MB | =========                         30.07% | 1.9 MB/s | 00:02:56 left
[K144.63 MB/480.46 MB | =========                         30.10% | 1.9 MB/s | 00:02:56 left
[K144.77 MB/480.46 MB | =========                         30.13% | 1.6 MB/s | 00:03:26 left
[K144.88 MB/480.46 MB | =========                         30.15% | 1.6 MB/s | 00:03:26 left
[K145.01 MB/480.46 MB | =========                         30.18% | 1.6 MB/s | 00:03:26 left
[K145.18 MB/480.46 MB | =========                         30.22% | 1.6 MB/s | 00:03:26 left
[K145.37 MB/480.46 MB | =========                         30.26% | 1.6 MB/s | 00:03:26 left
[K145.55 MB/480.46 MB | =========                         30.29% | 1.6 MB/s | 00:03:26 left
[K145.80 MB/480.46 MB | ==========                        30.35% | 1.6 MB/s | 00:03:26 left
[K145.97 MB/480.46 MB | ==========                        30.38% | 1.6 MB/s | 00:03:26 left
[K146.09 MB/480.46 MB | ==========                        30.41% | 1.6 MB/s | 00:03:26 left
[K146.25 MB/480.46 MB | ==========                        30.44% | 1.6 MB/s | 00:03:26 left
[K146.43 MB/480.46 MB | ==========                        30.48% | 1.6 MB/s | 00:03:26 left
[K146.66 MB/480.46 MB | ==========                        30.53% | 1.9 MB/s | 00:02:51 left
[K146.89 MB/480.46 MB | ==========                        30.57% | 1.9 MB/s | 00:02:51 left
[K147.12 MB/480.46 MB | ==========                        30.62% | 1.9 MB/s | 00:02:51 left
[K147.37 MB/480.46 MB | ==========                        30.67% | 1.9 MB/s | 00:02:51 left
[K147.69 MB/480.46 MB | ==========                        30.74% | 1.9 MB/s | 00:02:51 left
[K147.89 MB/480.46 MB | ==========                        30.78% | 1.9 MB/s | 00:02:51 left
[K148.05 MB/480.46 MB | ==========                        30.81% | 1.9 MB/s | 00:02:51 left
[K148.21 MB/480.46 MB | ==========                        30.85% | 1.9 MB/s | 00:02:51 left
[K148.35 MB/480.46 MB | ==========                        30.88% | 1.9 MB/s | 00:02:51 left
[K148.55 MB/480.46 MB | ==========                        30.92% | 1.9 MB/s | 00:02:51 left
[K148.80 MB/480.46 MB | ==========                        30.97% | 1.9 MB/s | 00:02:51 left
[K149.10 MB/480.46 MB | ==========                        31.03% | 2.4 MB/s | 00:02:19 left
[K149.36 MB/480.46 MB | ==========                        31.09% | 2.4 MB/s | 00:02:19 left
[K149.64 MB/480.46 MB | ==========                        31.15% | 2.4 MB/s | 00:02:19 left
[K149.77 MB/480.46 MB | ==========                        31.17% | 2.4 MB/s | 00:02:19 left
[K149.89 MB/480.46 MB | ==========                        31.20% | 2.4 MB/s | 00:02:19 left
[K149.96 MB/480.46 MB | ==========                        31.21% | 2.4 MB/s | 00:02:19 left
[K150.04 MB/480.46 MB | ==========                        31.23% | 2.4 MB/s | 00:02:19 left
[K150.12 MB/480.46 MB | ==========                        31.24% | 2.4 MB/s | 00:02:19 left
[K150.17 MB/480.46 MB | ==========                        31.26% | 2.4 MB/s | 00:02:19 left
[K150.25 MB/480.46 MB | ==========                        31.27% | 1.2 MB/s | 00:04:42 left
[K150.34 MB/480.46 MB | ==========                        31.29% | 1.2 MB/s | 00:04:42 left
[K150.41 MB/480.46 MB | ==========                        31.30% | 1.2 MB/s | 00:04:42 left
[K150.45 MB/480.46 MB | ==========                        31.31% | 1.2 MB/s | 00:04:42 left
[K150.51 MB/480.46 MB | ==========                        31.33% | 1.2 MB/s | 00:04:42 left
[K150.59 MB/480.46 MB | ==========                        31.34% | 1.2 MB/s | 00:04:42 left
[K150.70 MB/480.46 MB | ==========                        31.37% | 1.2 MB/s | 00:04:42 left
[K150.82 MB/480.46 MB | ==========                        31.39% | 1.2 MB/s | 00:04:42 left
[K150.96 MB/480.46 MB | ==========                        31.42% | 1.2 MB/s | 00:04:42 left
[K151.10 MB/480.46 MB | ==========                        31.45% | 1.2 MB/s | 00:04:42 left
[K151.23 MB/480.46 MB | ==========                        31.48% | 1.1 MB/s | 00:05:01 left
[K151.33 MB/480.46 MB | ==========                        31.50% | 1.1 MB/s | 00:05:01 left
[K151.42 MB/480.46 MB | ==========                        31.52% | 1.1 MB/s | 00:05:01 left
[K151.53 MB/480.46 MB | ==========                        31.54% | 1.1 MB/s | 00:05:01 left
[K151.60 MB/480.46 MB | ==========                        31.55% | 1.1 MB/s | 00:05:01 left
[K151.67 MB/480.46 MB | ==========                        31.57% | 1.1 MB/s | 00:05:01 left
[K151.73 MB/480.46 MB | ==========                        31.58% | 1.1 MB/s | 00:05:01 left
[K151.80 MB/480.46 MB | ==========                        31.59% | 1.1 MB/s | 00:05:01 left
[K151.90 MB/480.46 MB | ==========                        31.62% | 1.1 MB/s | 00:05:01 left
[K152.00 MB/480.46 MB | ==========                        31.64% | 1.1 MB/s | 00:05:01 left
[K152.13 MB/480.46 MB | ==========                        31.66% | 979.9 KB/s | 00:05:35 left
[K152.24 MB/480.46 MB | ==========                        31.69% | 979.9 KB/s | 00:05:35 left
[K152.40 MB/480.46 MB | ==========                        31.72% | 979.9 KB/s | 00:05:35 left
[K152.55 MB/480.46 MB | ==========                        31.75% | 979.9 KB/s | 00:05:35 left
[K152.66 MB/480.46 MB | ==========                        31.77% | 979.9 KB/s | 00:05:35 left
[K152.73 MB/480.46 MB | ==========                        31.79% | 979.9 KB/s | 00:05:35 left
[K152.82 MB/480.46 MB | ==========                        31.81% | 979.9 KB/s | 00:05:35 left
[K152.95 MB/480.46 MB | ==========                        31.83% | 979.9 KB/s | 00:05:35 left
[K153.07 MB/480.46 MB | ==========                        31.86% | 979.9 KB/s | 00:05:35 left
[K153.19 MB/480.46 MB | ==========                        31.88% | 979.9 KB/s | 00:05:35 left
[K153.27 MB/480.46 MB | ==========                        31.90% | 1.2 MB/s | 00:04:35 left
[K153.38 MB/480.46 MB | ==========                        31.92% | 1.2 MB/s | 00:04:35 left
[K153.55 MB/480.46 MB | ==========                        31.96% | 1.2 MB/s | 00:04:35 left
[K153.64 MB/480.46 MB | ==========                        31.98% | 1.2 MB/s | 00:04:35 left
[K153.71 MB/480.46 MB | ==========                        31.99% | 1.2 MB/s | 00:04:35 left
[K153.81 MB/480.46 MB | ==========                        32.01% | 1.2 MB/s | 00:04:35 left
[K153.96 MB/480.46 MB | ==========                        32.04% | 1.2 MB/s | 00:04:35 left
[K154.06 MB/480.46 MB | ==========                        32.07% | 1.2 MB/s | 00:04:35 left
[K154.18 MB/480.46 MB | ==========                        32.09% | 1.2 MB/s | 00:04:35 left
[K154.28 MB/480.46 MB | ==========                        32.11% | 1.2 MB/s | 00:04:35 left
[K154.39 MB/480.46 MB | ==========                        32.13% | 1.1 MB/s | 00:04:58 left
[K154.47 MB/480.46 MB | ==========                        32.15% | 1.1 MB/s | 00:04:58 left
[K154.55 MB/480.46 MB | ==========                        32.17% | 1.1 MB/s | 00:04:58 left
[K154.65 MB/480.46 MB | ==========                        32.19% | 1.1 MB/s | 00:04:58 left
[K154.74 MB/480.46 MB | ==========                        32.21% | 1.1 MB/s | 00:04:58 left
[K154.88 MB/480.46 MB | ==========                        32.24% | 1.1 MB/s | 00:04:58 left
[K155.03 MB/480.46 MB | ==========                        32.27% | 1.1 MB/s | 00:04:58 left
[K155.15 MB/480.46 MB | ==========                        32.29% | 1.1 MB/s | 00:04:58 left
[K155.34 MB/480.46 MB | ==========                        32.33% | 1.1 MB/s | 00:04:58 left
[K155.44 MB/480.46 MB | ==========                        32.35% | 1.1 MB/s | 00:04:58 left
[K155.57 MB/480.46 MB | ==========                        32.38% | 1.1 MB/s | 00:04:58 left
[K155.69 MB/480.46 MB | ==========                        32.40% | 1.3 MB/s | 00:04:07 left
[K155.79 MB/480.46 MB | ==========                        32.43% | 1.3 MB/s | 00:04:07 left
[K155.94 MB/480.46 MB | ==========                        32.46% | 1.3 MB/s | 00:04:07 left
[K156.09 MB/480.46 MB | ==========                        32.49% | 1.3 MB/s | 00:04:07 left
[K156.22 MB/480.46 MB | ==========                        32.51% | 1.3 MB/s | 00:04:07 left
[K156.35 MB/480.46 MB | ==========                        32.54% | 1.3 MB/s | 00:04:07 left
[K156.44 MB/480.46 MB | ==========                        32.56% | 1.3 MB/s | 00:04:07 left
[K156.50 MB/480.46 MB | ==========                        32.57% | 1.3 MB/s | 00:04:07 left
[K156.58 MB/480.46 MB | ==========                        32.59% | 1.3 MB/s | 00:04:07 left
[K156.69 MB/480.46 MB | ==========                        32.61% | 1.3 MB/s | 00:04:07 left
[K156.81 MB/480.46 MB | ==========                        32.64% | 1.1 MB/s | 00:04:44 left
[K156.89 MB/480.46 MB | ==========                        32.66% | 1.1 MB/s | 00:04:44 left
[K156.97 MB/480.46 MB | ==========                        32.67% | 1.1 MB/s | 00:04:44 left
[K157.09 MB/480.46 MB | ==========                        32.70% | 1.1 MB/s | 00:04:44 left
[K157.16 MB/480.46 MB | ==========                        32.71% | 1.1 MB/s | 00:04:44 left
[K157.23 MB/480.46 MB | ==========                        32.72% | 1.1 MB/s | 00:04:44 left
[K157.32 MB/480.46 MB | ==========                        32.74% | 1.1 MB/s | 00:04:44 left
[K157.40 MB/480.46 MB | ==========                        32.76% | 1.1 MB/s | 00:04:44 left
[K157.47 MB/480.46 MB | ==========                        32.78% | 1.1 MB/s | 00:04:44 left
[K157.55 MB/480.46 MB | ==========                        32.79% | 1.1 MB/s | 00:04:44 left
[K157.65 MB/480.46 MB | ==========                        32.81% | 923.9 KB/s | 00:05:49 left
[K157.74 MB/480.46 MB | ==========                        32.83% | 923.9 KB/s | 00:05:49 left
[K157.85 MB/480.46 MB | ==========                        32.85% | 923.9 KB/s | 00:05:49 left
[K157.93 MB/480.46 MB | ==========                        32.87% | 923.9 KB/s | 00:05:49 left
[K158.01 MB/480.46 MB | ==========                        32.89% | 923.9 KB/s | 00:05:49 left
[K158.09 MB/480.46 MB | ==========                        32.90% | 923.9 KB/s | 00:05:49 left
[K158.19 MB/480.46 MB | ==========                        32.92% | 923.9 KB/s | 00:05:49 left
[K158.26 MB/480.46 MB | ==========                        32.94% | 923.9 KB/s | 00:05:49 left
[K158.36 MB/480.46 MB | ==========                        32.96% | 923.9 KB/s | 00:05:49 left
[K158.41 MB/480.46 MB | ==========                        32.97% | 923.9 KB/s | 00:05:49 left
[K158.48 MB/480.46 MB | ==========                        32.99% | 838.0 KB/s | 00:06:24 left
[K158.55 MB/480.46 MB | ==========                        33.00% | 838.0 KB/s | 00:06:24 left
[K158.64 MB/480.46 MB | ==========                        33.02% | 838.0 KB/s | 00:06:24 left
[K158.71 MB/480.46 MB | ==========                        33.03% | 838.0 KB/s | 00:06:24 left
[K158.77 MB/480.46 MB | ==========                        33.04% | 838.0 KB/s | 00:06:24 left
[K158.84 MB/480.46 MB | ==========                        33.06% | 838.0 KB/s | 00:06:24 left
[K158.91 MB/480.46 MB | ==========                        33.08% | 838.0 KB/s | 00:06:24 left
[K159.01 MB/480.46 MB | ==========                        33.09% | 838.0 KB/s | 00:06:24 left
[K159.14 MB/480.46 MB | ==========                        33.12% | 838.0 KB/s | 00:06:24 left
[K159.30 MB/480.46 MB | ==========                        33.16% | 838.0 KB/s | 00:06:24 left
[K159.50 MB/480.46 MB | ==========                        33.20% | 838.0 KB/s | 00:06:24 left
[K159.66 MB/480.46 MB | ==========                        33.23% | 1.2 MB/s | 00:04:17 left
[K159.89 MB/480.46 MB | ==========                        33.28% | 1.2 MB/s | 00:04:17 left
[K160.06 MB/480.46 MB | ==========                        33.31% | 1.2 MB/s | 00:04:17 left
[K160.24 MB/480.46 MB | ===========                       33.35% | 1.2 MB/s | 00:04:17 left
[K160.38 MB/480.46 MB | ===========                       33.38% | 1.2 MB/s | 00:04:17 left
[K160.54 MB/480.46 MB | ===========                       33.41% | 1.2 MB/s | 00:04:17 left
[K160.60 MB/480.46 MB | ===========                       33.43% | 1.2 MB/s | 00:04:17 left
[K160.68 MB/480.46 MB | ===========                       33.44% | 1.2 MB/s | 00:04:17 left
[K160.80 MB/480.46 MB | ===========                       33.47% | 1.2 MB/s | 00:04:17 left
[K160.96 MB/480.46 MB | ===========                       33.50% | 1.2 MB/s | 00:04:17 left
[K161.12 MB/480.46 MB | ===========                       33.54% | 1.6 MB/s | 00:03:15 left
[K161.37 MB/480.46 MB | ===========                       33.59% | 1.6 MB/s | 00:03:15 left
[K161.64 MB/480.46 MB | ===========                       33.64% | 1.6 MB/s | 00:03:15 left
[K161.92 MB/480.46 MB | ===========                       33.70% | 1.6 MB/s | 00:03:15 left
[K162.10 MB/480.46 MB | ===========                       33.74% | 1.6 MB/s | 00:03:15 left
[K162.26 MB/480.46 MB | ===========                       33.77% | 1.6 MB/s | 00:03:15 left
[K162.45 MB/480.46 MB | ===========                       33.81% | 1.6 MB/s | 00:03:15 left
[K162.56 MB/480.46 MB | ===========                       33.84% | 1.6 MB/s | 00:03:15 left
[K162.69 MB/480.46 MB | ===========                       33.86% | 1.6 MB/s | 00:03:15 left
[K162.82 MB/480.46 MB | ===========                       33.89% | 1.6 MB/s | 00:03:15 left
[K163.02 MB/480.46 MB | ===========                       33.93% | 1.9 MB/s | 00:02:49 left
[K163.15 MB/480.46 MB | ===========                       33.96% | 1.9 MB/s | 00:02:49 left
[K163.31 MB/480.46 MB | ===========                       33.99% | 1.9 MB/s | 00:02:49 left
[K163.47 MB/480.46 MB | ===========                       34.02% | 1.9 MB/s | 00:02:49 left
[K163.61 MB/480.46 MB | ===========                       34.05% | 1.9 MB/s | 00:02:49 left
[K163.71 MB/480.46 MB | ===========                       34.07% | 1.9 MB/s | 00:02:49 left
[K163.86 MB/480.46 MB | ===========                       34.11% | 1.9 MB/s | 00:02:49 left
[K164.01 MB/480.46 MB | ===========                       34.14% | 1.9 MB/s | 00:02:49 left
[K164.13 MB/480.46 MB | ===========                       34.16% | 1.9 MB/s | 00:02:49 left
[K164.26 MB/480.46 MB | ===========                       34.19% | 1.9 MB/s | 00:02:49 left
[K164.37 MB/480.46 MB | ===========                       34.21% | 1.4 MB/s | 00:03:39 left
[K164.47 MB/480.46 MB | ===========                       34.23% | 1.4 MB/s | 00:03:39 left
[K164.57 MB/480.46 MB | ===========                       34.25% | 1.4 MB/s | 00:03:39 left
[K164.66 MB/480.46 MB | ===========                       34.27% | 1.4 MB/s | 00:03:39 left
[K164.77 MB/480.46 MB | ===========                       34.29% | 1.4 MB/s | 00:03:39 left
[K164.87 MB/480.46 MB | ===========                       34.32% | 1.4 MB/s | 00:03:39 left
[K165.00 MB/480.46 MB | ===========                       34.34% | 1.4 MB/s | 00:03:39 left
[K165.15 MB/480.46 MB | ===========                       34.37% | 1.4 MB/s | 00:03:39 left
[K165.29 MB/480.46 MB | ===========                       34.40% | 1.4 MB/s | 00:03:39 left
[K165.42 MB/480.46 MB | ===========                       34.43% | 1.4 MB/s | 00:03:39 left
[K165.51 MB/480.46 MB | ===========                       34.45% | 1.2 MB/s | 00:04:13 left
[K165.60 MB/480.46 MB | ===========                       34.47% | 1.2 MB/s | 00:04:13 left
[K165.70 MB/480.46 MB | ===========                       34.49% | 1.2 MB/s | 00:04:13 left
[K165.81 MB/480.46 MB | ===========                       34.51% | 1.2 MB/s | 00:04:13 left
[K165.87 MB/480.46 MB | ===========                       34.52% | 1.2 MB/s | 00:04:13 left
[K165.97 MB/480.46 MB | ===========                       34.54% | 1.2 MB/s | 00:04:13 left
[K166.05 MB/480.46 MB | ===========                       34.56% | 1.2 MB/s | 00:04:13 left
[K166.12 MB/480.46 MB | ===========                       34.57% | 1.2 MB/s | 00:04:13 left
[K166.20 MB/480.46 MB | ===========                       34.59% | 1.2 MB/s | 00:04:13 left
[K166.31 MB/480.46 MB | ===========                       34.62% | 1.2 MB/s | 00:04:13 left
[K166.45 MB/480.46 MB | ===========                       34.65% | 1.2 MB/s | 00:04:13 left
[K166.63 MB/480.46 MB | ===========                       34.68% | 1.1 MB/s | 00:04:47 left
[K166.73 MB/480.46 MB | ===========                       34.70% | 1.1 MB/s | 00:04:47 left
[K166.83 MB/480.46 MB | ===========                       34.72% | 1.1 MB/s | 00:04:47 left
[K166.91 MB/480.46 MB | ===========                       34.74% | 1.1 MB/s | 00:04:47 left
[K166.99 MB/480.46 MB | ===========                       34.76% | 1.1 MB/s | 00:04:47 left
[K167.07 MB/480.46 MB | ===========                       34.77% | 1.1 MB/s | 00:04:47 left
[K167.17 MB/480.46 MB | ===========                       34.79% | 1.1 MB/s | 00:04:47 left
[K167.23 MB/480.46 MB | ===========                       34.81% | 1.1 MB/s | 00:04:47 left
[K167.30 MB/480.46 MB | ===========                       34.82% | 1.1 MB/s | 00:04:47 left
[K167.38 MB/480.46 MB | ===========                       34.84% | 1.1 MB/s | 00:04:47 left
[K167.46 MB/480.46 MB | ===========                       34.85% | 884.1 KB/s | 00:05:54 left
[K167.54 MB/480.46 MB | ===========                       34.87% | 884.1 KB/s | 00:05:54 left
[K167.66 MB/480.46 MB | ===========                       34.90% | 884.1 KB/s | 00:05:54 left
[K167.76 MB/480.46 MB | ===========                       34.92% | 884.1 KB/s | 00:05:54 left
[K167.87 MB/480.46 MB | ===========                       34.94% | 884.1 KB/s | 00:05:54 left
[K167.97 MB/480.46 MB | ===========                       34.96% | 884.1 KB/s | 00:05:54 left
[K168.10 MB/480.46 MB | ===========                       34.99% | 884.1 KB/s | 00:05:54 left
[K168.17 MB/480.46 MB | ===========                       35.00% | 884.1 KB/s | 00:05:54 left
[K168.23 MB/480.46 MB | ===========                       35.01% | 884.1 KB/s | 00:05:54 left
[K168.31 MB/480.46 MB | ===========                       35.03% | 884.1 KB/s | 00:05:54 left
[K168.43 MB/480.46 MB | ===========                       35.06% | 989.2 KB/s | 00:05:15 left
[K168.52 MB/480.46 MB | ===========                       35.07% | 989.2 KB/s | 00:05:15 left
[K168.65 MB/480.46 MB | ===========                       35.10% | 989.2 KB/s | 00:05:15 left
[K168.76 MB/480.46 MB | ===========                       35.12% | 989.2 KB/s | 00:05:15 left
[K168.90 MB/480.46 MB | ===========                       35.15% | 989.2 KB/s | 00:05:15 left
[K169.02 MB/480.46 MB | ===========                       35.18% | 989.2 KB/s | 00:05:15 left
[K169.11 MB/480.46 MB | ===========                       35.20% | 989.2 KB/s | 00:05:15 left
[K169.24 MB/480.46 MB | ===========                       35.22% | 989.2 KB/s | 00:05:15 left
[K169.39 MB/480.46 MB | ===========                       35.26% | 989.2 KB/s | 00:05:15 left
[K169.52 MB/480.46 MB | ===========                       35.28% | 989.2 KB/s | 00:05:15 left
[K169.68 MB/480.46 MB | ===========                       35.32% | 1.3 MB/s | 00:03:58 left
[K169.77 MB/480.46 MB | ===========                       35.34% | 1.3 MB/s | 00:03:58 left
[K169.91 MB/480.46 MB | ===========                       35.36% | 1.3 MB/s | 00:03:58 left
[K170.01 MB/480.46 MB | ===========                       35.39% | 1.3 MB/s | 00:03:58 left
[K170.10 MB/480.46 MB | ===========                       35.40% | 1.3 MB/s | 00:03:58 left
[K170.19 MB/480.46 MB | ===========                       35.42% | 1.3 MB/s | 00:03:58 left
[K170.29 MB/480.46 MB | ===========                       35.44% | 1.3 MB/s | 00:03:58 left
[K170.36 MB/480.46 MB | ===========                       35.46% | 1.3 MB/s | 00:03:58 left
[K170.45 MB/480.46 MB | ===========                       35.48% | 1.3 MB/s | 00:03:58 left
[K170.53 MB/480.46 MB | ===========                       35.49% | 1.3 MB/s | 00:03:58 left
[K170.62 MB/480.46 MB | ===========                       35.51% | 1.0 MB/s | 00:05:07 left
[K170.73 MB/480.46 MB | ===========                       35.54% | 1.0 MB/s | 00:05:07 left
[K170.90 MB/480.46 MB | ===========                       35.57% | 1.0 MB/s | 00:05:07 left
[K171.06 MB/480.46 MB | ===========                       35.60% | 1.0 MB/s | 00:05:07 left
[K171.26 MB/480.46 MB | ===========                       35.65% | 1.0 MB/s | 00:05:07 left
[K171.42 MB/480.46 MB | ===========                       35.68% | 1.0 MB/s | 00:05:07 left
[K171.53 MB/480.46 MB | ===========                       35.70% | 1.0 MB/s | 00:05:07 left
[K171.59 MB/480.46 MB | ===========                       35.71% | 1.0 MB/s | 00:05:07 left
[K171.65 MB/480.46 MB | ===========                       35.73% | 1.0 MB/s | 00:05:07 left
[K171.75 MB/480.46 MB | ===========                       35.75% | 1.0 MB/s | 00:05:07 left
[K171.81 MB/480.46 MB | ===========                       35.76% | 1.1 MB/s | 00:04:39 left
[K171.85 MB/480.46 MB | ===========                       35.77% | 1.1 MB/s | 00:04:39 left
[K171.91 MB/480.46 MB | ===========                       35.78% | 1.1 MB/s | 00:04:39 left
[K172.00 MB/480.46 MB | ===========                       35.80% | 1.1 MB/s | 00:04:39 left
[K172.11 MB/480.46 MB | ===========                       35.82% | 1.1 MB/s | 00:04:39 left
[K172.23 MB/480.46 MB | ===========                       35.85% | 1.1 MB/s | 00:04:39 left
[K172.34 MB/480.46 MB | ===========                       35.87% | 1.1 MB/s | 00:04:39 left
[K172.49 MB/480.46 MB | ===========                       35.90% | 1.1 MB/s | 00:04:39 left
[K172.64 MB/480.46 MB | ===========                       35.93% | 1.1 MB/s | 00:04:39 left
[K172.77 MB/480.46 MB | ===========                       35.96% | 1.1 MB/s | 00:04:39 left
[K172.92 MB/480.46 MB | ===========                       35.99% | 1.1 MB/s | 00:04:39 left
[K173.08 MB/480.46 MB | ===========                       36.02% | 1.4 MB/s | 00:03:47 left
[K173.20 MB/480.46 MB | ===========                       36.05% | 1.4 MB/s | 00:03:47 left
[K173.34 MB/480.46 MB | ===========                       36.08% | 1.4 MB/s | 00:03:47 left
[K173.48 MB/480.46 MB | ===========                       36.11% | 1.4 MB/s | 00:03:47 left
[K173.62 MB/480.46 MB | ===========                       36.14% | 1.4 MB/s | 00:03:47 left
[K173.81 MB/480.46 MB | ===========                       36.18% | 1.4 MB/s | 00:03:47 left
[K173.97 MB/480.46 MB | ===========                       36.21% | 1.4 MB/s | 00:03:47 left
[K174.21 MB/480.46 MB | ===========                       36.26% | 1.4 MB/s | 00:03:47 left
[K174.35 MB/480.46 MB | ===========                       36.29% | 1.4 MB/s | 00:03:47 left
[K174.49 MB/480.46 MB | ===========                       36.32% | 1.4 MB/s | 00:03:47 left
[K174.69 MB/480.46 MB | ===========                       36.36% | 1.7 MB/s | 00:02:55 left
[K174.86 MB/480.46 MB | ============                      36.39% | 1.7 MB/s | 00:02:55 left
[K175.01 MB/480.46 MB | ============                      36.43% | 1.7 MB/s | 00:02:55 left
[K175.11 MB/480.46 MB | ============                      36.45% | 1.7 MB/s | 00:02:55 left
[K175.21 MB/480.46 MB | ============                      36.47% | 1.7 MB/s | 00:02:55 left
[K175.30 MB/480.46 MB | ============                      36.49% | 1.7 MB/s | 00:02:55 left
[K175.38 MB/480.46 MB | ============                      36.50% | 1.7 MB/s | 00:02:55 left
[K175.49 MB/480.46 MB | ============                      36.53% | 1.7 MB/s | 00:02:55 left
[K175.63 MB/480.46 MB | ============                      36.56% | 1.7 MB/s | 00:02:55 left
[K175.81 MB/480.46 MB | ============                      36.59% | 1.7 MB/s | 00:02:55 left
[K175.94 MB/480.46 MB | ============                      36.62% | 1.4 MB/s | 00:03:42 left
[K176.09 MB/480.46 MB | ============                      36.65% | 1.4 MB/s | 00:03:42 left
[K176.20 MB/480.46 MB | ============                      36.67% | 1.4 MB/s | 00:03:42 left
[K176.36 MB/480.46 MB | ============                      36.71% | 1.4 MB/s | 00:03:42 left
[K176.47 MB/480.46 MB | ============                      36.73% | 1.4 MB/s | 00:03:42 left
[K176.55 MB/480.46 MB | ============                      36.75% | 1.4 MB/s | 00:03:42 left
[K176.67 MB/480.46 MB | ============                      36.77% | 1.4 MB/s | 00:03:42 left
[K176.78 MB/480.46 MB | ============                      36.79% | 1.4 MB/s | 00:03:42 left
[K176.94 MB/480.46 MB | ============                      36.83% | 1.4 MB/s | 00:03:42 left
[K177.10 MB/480.46 MB | ============                      36.86% | 1.4 MB/s | 00:03:42 left
[K177.25 MB/480.46 MB | ============                      36.89% | 1.4 MB/s | 00:03:36 left
[K177.36 MB/480.46 MB | ============                      36.91% | 1.4 MB/s | 00:03:36 left
[K177.45 MB/480.46 MB | ============                      36.93% | 1.4 MB/s | 00:03:36 left
[K177.55 MB/480.46 MB | ============                      36.95% | 1.4 MB/s | 00:03:36 left
[K177.62 MB/480.46 MB | ============                      36.97% | 1.4 MB/s | 00:03:36 left
[K177.72 MB/480.46 MB | ============                      36.99% | 1.4 MB/s | 00:03:36 left
[K177.82 MB/480.46 MB | ============                      37.01% | 1.4 MB/s | 00:03:36 left
[K177.95 MB/480.46 MB | ============                      37.04% | 1.4 MB/s | 00:03:36 left
[K178.05 MB/480.46 MB | ============                      37.06% | 1.4 MB/s | 00:03:36 left
[K178.15 MB/480.46 MB | ============                      37.08% | 1.4 MB/s | 00:03:36 left
[K178.25 MB/480.46 MB | ============                      37.10% | 1.1 MB/s | 00:04:36 left
[K178.35 MB/480.46 MB | ============                      37.12% | 1.1 MB/s | 00:04:36 left
[K178.44 MB/480.46 MB | ============                      37.14% | 1.1 MB/s | 00:04:36 left
[K178.57 MB/480.46 MB | ============                      37.17% | 1.1 MB/s | 00:04:36 left
[K178.70 MB/480.46 MB | ============                      37.19% | 1.1 MB/s | 00:04:36 left
[K178.86 MB/480.46 MB | ============                      37.23% | 1.1 MB/s | 00:04:36 left
[K178.98 MB/480.46 MB | ============                      37.25% | 1.1 MB/s | 00:04:36 left
[K179.15 MB/480.46 MB | ============                      37.29% | 1.1 MB/s | 00:04:36 left
[K179.35 MB/480.46 MB | ============                      37.33% | 1.1 MB/s | 00:04:36 left
[K179.65 MB/480.46 MB | ============                      37.39% | 1.1 MB/s | 00:04:36 left
[K179.91 MB/480.46 MB | ============                      37.45% | 1.1 MB/s | 00:04:36 left
[K180.12 MB/480.46 MB | ============                      37.49% | 1.1 MB/s | 00:04:36 left
[K180.44 MB/480.46 MB | ============                      37.56% | 2.0 MB/s | 00:02:28 left
[K180.61 MB/480.46 MB | ============                      37.59% | 2.0 MB/s | 00:02:28 left
[K180.74 MB/480.46 MB | ============                      37.62% | 2.0 MB/s | 00:02:28 left
[K180.86 MB/480.46 MB | ============                      37.64% | 2.0 MB/s | 00:02:28 left
[K180.98 MB/480.46 MB | ============                      37.67% | 2.0 MB/s | 00:02:28 left
[K181.16 MB/480.46 MB | ============                      37.71% | 2.0 MB/s | 00:02:28 left
[K181.33 MB/480.46 MB | ============                      37.74% | 2.0 MB/s | 00:02:28 left
[K181.55 MB/480.46 MB | ============                      37.79% | 2.0 MB/s | 00:02:28 left
[K181.75 MB/480.46 MB | ============                      37.83% | 2.0 MB/s | 00:02:28 left
[K181.95 MB/480.46 MB | ============                      37.87% | 2.0 MB/s | 00:02:28 left
[K182.14 MB/480.46 MB | ============                      37.91% | 1.9 MB/s | 00:02:34 left
[K182.29 MB/480.46 MB | ============                      37.94% | 1.9 MB/s | 00:02:34 left
[K182.42 MB/480.46 MB | ============                      37.97% | 1.9 MB/s | 00:02:34 left
[K182.56 MB/480.46 MB | ============                      38.00% | 1.9 MB/s | 00:02:34 left
[K182.65 MB/480.46 MB | ============                      38.02% | 1.9 MB/s | 00:02:34 left
[K182.71 MB/480.46 MB | ============                      38.03% | 1.9 MB/s | 00:02:34 left
[K182.80 MB/480.46 MB | ============                      38.05% | 1.9 MB/s | 00:02:34 left
[K182.90 MB/480.46 MB | ============                      38.07% | 1.9 MB/s | 00:02:34 left
[K183.05 MB/480.46 MB | ============                      38.10% | 1.9 MB/s | 00:02:34 left
[K183.16 MB/480.46 MB | ============                      38.12% | 1.1 MB/s | 00:04:20 left
[K183.23 MB/480.46 MB | ============                      38.14% | 1.1 MB/s | 00:04:20 left
[K183.32 MB/480.46 MB | ============                      38.16% | 1.1 MB/s | 00:04:20 left
[K183.42 MB/480.46 MB | ============                      38.18% | 1.1 MB/s | 00:04:20 left
[K183.54 MB/480.46 MB | ============                      38.20% | 1.1 MB/s | 00:04:20 left
[K183.64 MB/480.46 MB | ============                      38.22% | 1.1 MB/s | 00:04:20 left
[K183.77 MB/480.46 MB | ============                      38.25% | 1.1 MB/s | 00:04:20 left
[K183.92 MB/480.46 MB | ============                      38.28% | 1.1 MB/s | 00:04:20 left
[K184.02 MB/480.46 MB | ============                      38.30% | 1.1 MB/s | 00:04:20 left
[K184.18 MB/480.46 MB | ============                      38.33% | 1.1 MB/s | 00:04:20 left
[K184.26 MB/480.46 MB | ============                      38.35% | 1.1 MB/s | 00:04:22 left
[K184.33 MB/480.46 MB | ============                      38.37% | 1.1 MB/s | 00:04:22 left
[K184.42 MB/480.46 MB | ============                      38.38% | 1.1 MB/s | 00:04:22 left
[K184.48 MB/480.46 MB | ============                      38.40% | 1.1 MB/s | 00:04:22 left
[K184.58 MB/480.46 MB | ============                      38.42% | 1.1 MB/s | 00:04:22 left
[K184.66 MB/480.46 MB | ============                      38.43% | 1.1 MB/s | 00:04:22 left
[K184.76 MB/480.46 MB | ============                      38.45% | 1.1 MB/s | 00:04:22 left
[K184.87 MB/480.46 MB | ============                      38.48% | 1.1 MB/s | 00:04:22 left
[K184.97 MB/480.46 MB | ============                      38.50% | 1.1 MB/s | 00:04:22 left
[K185.04 MB/480.46 MB | ============                      38.51% | 1.1 MB/s | 00:04:22 left
[K185.09 MB/480.46 MB | ============                      38.52% | 867.2 KB/s | 00:05:41 left
[K185.15 MB/480.46 MB | ============                      38.54% | 867.2 KB/s | 00:05:41 left
[K185.24 MB/480.46 MB | ============                      38.55% | 867.2 KB/s | 00:05:41 left
[K185.34 MB/480.46 MB | ============                      38.58% | 867.2 KB/s | 00:05:41 left
[K185.48 MB/480.46 MB | ============                      38.61% | 867.2 KB/s | 00:05:41 left
[K185.65 MB/480.46 MB | ============                      38.64% | 867.2 KB/s | 00:05:41 left
[K185.80 MB/480.46 MB | ============                      38.67% | 867.2 KB/s | 00:05:41 left
[K186.04 MB/480.46 MB | ============                      38.72% | 867.2 KB/s | 00:05:41 left
[K186.21 MB/480.46 MB | ============                      38.76% | 867.2 KB/s | 00:05:41 left
[K186.35 MB/480.46 MB | ============                      38.79% | 867.2 KB/s | 00:05:41 left
[K186.48 MB/480.46 MB | ============                      38.81% | 867.2 KB/s | 00:05:41 left
[K186.57 MB/480.46 MB | ============                      38.83% | 1.4 MB/s | 00:03:23 left
[K186.66 MB/480.46 MB | ============                      38.85% | 1.4 MB/s | 00:03:23 left
[K186.76 MB/480.46 MB | ============                      38.87% | 1.4 MB/s | 00:03:23 left
[K186.87 MB/480.46 MB | ============                      38.89% | 1.4 MB/s | 00:03:23 left
[K187.00 MB/480.46 MB | ============                      38.92% | 1.4 MB/s | 00:03:23 left
[K187.16 MB/480.46 MB | ============                      38.95% | 1.4 MB/s | 00:03:23 left
[K187.35 MB/480.46 MB | ============                      38.99% | 1.4 MB/s | 00:03:23 left
[K187.49 MB/480.46 MB | ============                      39.02% | 1.4 MB/s | 00:03:23 left
[K187.62 MB/480.46 MB | ============                      39.05% | 1.4 MB/s | 00:03:23 left
[K187.78 MB/480.46 MB | ============                      39.08% | 1.4 MB/s | 00:03:23 left
[K187.95 MB/480.46 MB | ============                      39.12% | 1.4 MB/s | 00:03:23 left
[K188.16 MB/480.46 MB | ============                      39.16% | 1.7 MB/s | 00:02:48 left
[K188.46 MB/480.46 MB | ============                      39.22% | 1.7 MB/s | 00:02:48 left
[K188.76 MB/480.46 MB | ============                      39.29% | 1.7 MB/s | 00:02:48 left
[K188.97 MB/480.46 MB | ============                      39.33% | 1.7 MB/s | 00:02:48 left
[K189.14 MB/480.46 MB | ============                      39.37% | 1.7 MB/s | 00:02:48 left
[K189.33 MB/480.46 MB | =============                     39.41% | 1.7 MB/s | 00:02:48 left
[K189.51 MB/480.46 MB | =============                     39.44% | 1.7 MB/s | 00:02:48 left
[K189.63 MB/480.46 MB | =============                     39.47% | 1.7 MB/s | 00:02:48 left
[K189.78 MB/480.46 MB | =============                     39.50% | 1.7 MB/s | 00:02:48 left
[K189.90 MB/480.46 MB | =============                     39.52% | 1.8 MB/s | 00:02:39 left
[K189.99 MB/480.46 MB | =============                     39.54% | 1.8 MB/s | 00:02:39 left
[K190.06 MB/480.46 MB | =============                     39.56% | 1.8 MB/s | 00:02:39 left
[K190.16 MB/480.46 MB | =============                     39.58% | 1.8 MB/s | 00:02:39 left
[K190.30 MB/480.46 MB | =============                     39.61% | 1.8 MB/s | 00:02:39 left
[K190.47 MB/480.46 MB | =============                     39.64% | 1.8 MB/s | 00:02:39 left
[K190.61 MB/480.46 MB | =============                     39.67% | 1.8 MB/s | 00:02:39 left
[K190.70 MB/480.46 MB | =============                     39.69% | 1.8 MB/s | 00:02:39 left
[K190.83 MB/480.46 MB | =============                     39.72% | 1.8 MB/s | 00:02:39 left
[K190.92 MB/480.46 MB | =============                     39.74% | 1.8 MB/s | 00:02:39 left
[K190.98 MB/480.46 MB | =============                     39.75% | 1.2 MB/s | 00:04:07 left
[K191.05 MB/480.46 MB | =============                     39.76% | 1.2 MB/s | 00:04:07 left
[K191.13 MB/480.46 MB | =============                     39.78% | 1.2 MB/s | 00:04:07 left
[K191.17 MB/480.46 MB | =============                     39.79% | 1.2 MB/s | 00:04:07 left
[K191.23 MB/480.46 MB | =============                     39.80% | 1.2 MB/s | 00:04:07 left
[K191.30 MB/480.46 MB | =============                     39.82% | 1.2 MB/s | 00:04:07 left
[K191.35 MB/480.46 MB | =============                     39.83% | 1.2 MB/s | 00:04:07 left
[K191.43 MB/480.46 MB | =============                     39.84% | 1.2 MB/s | 00:04:07 left
[K191.55 MB/480.46 MB | =============                     39.87% | 1.2 MB/s | 00:04:07 left
[K191.64 MB/480.46 MB | =============                     39.89% | 1.2 MB/s | 00:04:07 left
[K191.76 MB/480.46 MB | =============                     39.91% | 1.2 MB/s | 00:04:07 left
[K191.87 MB/480.46 MB | =============                     39.93% | 892.7 KB/s | 00:05:23 left
[K191.94 MB/480.46 MB | =============                     39.95% | 892.7 KB/s | 00:05:23 left
[K192.00 MB/480.46 MB | =============                     39.96% | 892.7 KB/s | 00:05:23 left
[K192.09 MB/480.46 MB | =============                     39.98% | 892.7 KB/s | 00:05:23 left
[K192.17 MB/480.46 MB | =============                     40.00% | 892.7 KB/s | 00:05:23 left
[K192.30 MB/480.46 MB | =============                     40.03% | 892.7 KB/s | 00:05:23 left
[K192.42 MB/480.46 MB | =============                     40.05% | 892.7 KB/s | 00:05:23 left
[K192.51 MB/480.46 MB | =============                     40.07% | 892.7 KB/s | 00:05:23 left
[K192.61 MB/480.46 MB | =============                     40.09% | 892.7 KB/s | 00:05:23 left
[K192.71 MB/480.46 MB | =============                     40.11% | 892.7 KB/s | 00:05:23 left
[K192.84 MB/480.46 MB | =============                     40.14% | 892.7 KB/s | 00:05:23 left
[K192.94 MB/480.46 MB | =============                     40.16% | 1.2 MB/s | 00:04:04 left
[K193.08 MB/480.46 MB | =============                     40.19% | 1.2 MB/s | 00:04:04 left
[K193.18 MB/480.46 MB | =============                     40.21% | 1.2 MB/s | 00:04:04 left
[K193.33 MB/480.46 MB | =============                     40.24% | 1.2 MB/s | 00:04:04 left
[K193.44 MB/480.46 MB | =============                     40.26% | 1.2 MB/s | 00:04:04 left
[K193.50 MB/480.46 MB | =============                     40.27% | 1.2 MB/s | 00:04:04 left
[K193.58 MB/480.46 MB | =============                     40.29% | 1.2 MB/s | 00:04:04 left
[K193.66 MB/480.46 MB | =============                     40.31% | 1.2 MB/s | 00:04:04 left
[K193.76 MB/480.46 MB | =============                     40.33% | 1.2 MB/s | 00:04:04 left
[K193.87 MB/480.46 MB | =============                     40.35% | 1.2 MB/s | 00:04:04 left
[K194.01 MB/480.46 MB | =============                     40.38% | 1.2 MB/s | 00:03:56 left
[K194.14 MB/480.46 MB | =============                     40.41% | 1.2 MB/s | 00:03:56 left
[K194.27 MB/480.46 MB | =============                     40.43% | 1.2 MB/s | 00:03:56 left
[K194.42 MB/480.46 MB | =============                     40.46% | 1.2 MB/s | 00:03:56 left
[K194.58 MB/480.46 MB | =============                     40.50% | 1.2 MB/s | 00:03:56 left
[K194.77 MB/480.46 MB | =============                     40.54% | 1.2 MB/s | 00:03:56 left
[K194.96 MB/480.46 MB | =============                     40.58% | 1.2 MB/s | 00:03:56 left
[K195.13 MB/480.46 MB | =============                     40.61% | 1.2 MB/s | 00:03:56 left
[K195.34 MB/480.46 MB | =============                     40.66% | 1.2 MB/s | 00:03:56 left
[K195.48 MB/480.46 MB | =============                     40.69% | 1.2 MB/s | 00:03:56 left
[K195.58 MB/480.46 MB | =============                     40.71% | 1.2 MB/s | 00:03:56 left
[K195.72 MB/480.46 MB | =============                     40.74% | 1.7 MB/s | 00:02:49 left
[K195.83 MB/480.46 MB | =============                     40.76% | 1.7 MB/s | 00:02:49 left
[K195.94 MB/480.46 MB | =============                     40.78% | 1.7 MB/s | 00:02:49 left
[K196.06 MB/480.46 MB | =============                     40.81% | 1.7 MB/s | 00:02:49 left
[K196.18 MB/480.46 MB | =============                     40.83% | 1.7 MB/s | 00:02:49 left
[K196.34 MB/480.46 MB | =============                     40.87% | 1.7 MB/s | 00:02:49 left
[K196.49 MB/480.46 MB | =============                     40.90% | 1.7 MB/s | 00:02:49 left
[K196.60 MB/480.46 MB | =============                     40.92% | 1.7 MB/s | 00:02:49 left
[K196.77 MB/480.46 MB | =============                     40.95% | 1.7 MB/s | 00:02:49 left
[K196.83 MB/480.46 MB | =============                     40.97% | 1.1 MB/s | 00:04:14 left
[K196.87 MB/480.46 MB | =============                     40.98% | 1.1 MB/s | 00:04:14 left
[K196.93 MB/480.46 MB | =============                     40.99% | 1.1 MB/s | 00:04:14 left
[K197.00 MB/480.46 MB | =============                     41.00% | 1.1 MB/s | 00:04:14 left
[K197.10 MB/480.46 MB | =============                     41.02% | 1.1 MB/s | 00:04:14 left
[K197.22 MB/480.46 MB | =============                     41.05% | 1.1 MB/s | 00:04:14 left
[K197.37 MB/480.46 MB | =============                     41.08% | 1.1 MB/s | 00:04:14 left
[K197.57 MB/480.46 MB | =============                     41.12% | 1.1 MB/s | 00:04:14 left
[K197.77 MB/480.46 MB | =============                     41.16% | 1.1 MB/s | 00:04:14 left
[K197.95 MB/480.46 MB | =============                     41.20% | 1.1 MB/s | 00:04:14 left
[K198.09 MB/480.46 MB | =============                     41.23% | 1.1 MB/s | 00:04:14 left
[K198.21 MB/480.46 MB | =============                     41.25% | 1.4 MB/s | 00:03:25 left
[K198.29 MB/480.46 MB | =============                     41.27% | 1.4 MB/s | 00:03:25 left
[K198.39 MB/480.46 MB | =============                     41.29% | 1.4 MB/s | 00:03:25 left
[K198.52 MB/480.46 MB | =============                     41.32% | 1.4 MB/s | 00:03:25 left
[K198.69 MB/480.46 MB | =============                     41.35% | 1.4 MB/s | 00:03:25 left
[K198.86 MB/480.46 MB | =============                     41.39% | 1.4 MB/s | 00:03:25 left
[K199.05 MB/480.46 MB | =============                     41.43% | 1.4 MB/s | 00:03:25 left
[K199.18 MB/480.46 MB | =============                     41.46% | 1.4 MB/s | 00:03:25 left
[K199.33 MB/480.46 MB | =============                     41.49% | 1.4 MB/s | 00:03:25 left
[K199.46 MB/480.46 MB | =============                     41.51% | 1.3 MB/s | 00:03:37 left
[K199.50 MB/480.46 MB | =============                     41.52% | 1.3 MB/s | 00:03:37 left
[K199.57 MB/480.46 MB | =============                     41.54% | 1.3 MB/s | 00:03:37 left
[K199.68 MB/480.46 MB | =============                     41.56% | 1.3 MB/s | 00:03:37 left
[K199.81 MB/480.46 MB | =============                     41.59% | 1.3 MB/s | 00:03:37 left
[K199.88 MB/480.46 MB | =============                     41.60% | 1.3 MB/s | 00:03:37 left
[K199.98 MB/480.46 MB | =============                     41.62% | 1.3 MB/s | 00:03:37 left
[K200.07 MB/480.46 MB | =============                     41.64% | 1.3 MB/s | 00:03:37 left
[K200.12 MB/480.46 MB | =============                     41.65% | 1.3 MB/s | 00:03:37 left
[K200.19 MB/480.46 MB | =============                     41.67% | 1.3 MB/s | 00:03:37 left
[K200.25 MB/480.46 MB | =============                     41.68% | 1.3 MB/s | 00:03:37 left
[K200.34 MB/480.46 MB | =============                     41.70% | 832.2 KB/s | 00:05:37 left
[K200.41 MB/480.46 MB | =============                     41.71% | 832.2 KB/s | 00:05:37 left
[K200.51 MB/480.46 MB | =============                     41.73% | 832.2 KB/s | 00:05:37 left
[K200.59 MB/480.46 MB | =============                     41.75% | 832.2 KB/s | 00:05:37 left
[K200.70 MB/480.46 MB | =============                     41.77% | 832.2 KB/s | 00:05:37 left
[K200.78 MB/480.46 MB | =============                     41.79% | 832.2 KB/s | 00:05:37 left
[K200.82 MB/480.46 MB | =============                     41.80% | 832.2 KB/s | 00:05:37 left
[K200.87 MB/480.46 MB | =============                     41.81% | 832.2 KB/s | 00:05:37 left
[K200.95 MB/480.46 MB | =============                     41.82% | 832.2 KB/s | 00:05:37 left
[K201.01 MB/480.46 MB | =============                     41.84% | 832.2 KB/s | 00:05:37 left
[K201.09 MB/480.46 MB | =============                     41.85% | 832.2 KB/s | 00:05:37 left
[K201.21 MB/480.46 MB | =============                     41.88% | 888.8 KB/s | 00:05:14 left
[K201.38 MB/480.46 MB | =============                     41.91% | 888.8 KB/s | 00:05:14 left
[K201.56 MB/480.46 MB | =============                     41.95% | 888.8 KB/s | 00:05:14 left
[K201.69 MB/480.46 MB | =============                     41.98% | 888.8 KB/s | 00:05:14 left
[K201.82 MB/480.46 MB | =============                     42.01% | 888.8 KB/s | 00:05:14 left
[K202.00 MB/480.46 MB | =============                     42.04% | 888.8 KB/s | 00:05:14 left
[K202.14 MB/480.46 MB | =============                     42.07% | 888.8 KB/s | 00:05:14 left
[K202.34 MB/480.46 MB | =============                     42.11% | 888.8 KB/s | 00:05:14 left
[K202.57 MB/480.46 MB | =============                     42.16% | 888.8 KB/s | 00:05:14 left
[K202.73 MB/480.46 MB | =============                     42.19% | 888.8 KB/s | 00:05:14 left
[K202.94 MB/480.46 MB | =============                     42.24% | 1.8 MB/s | 00:02:31 left
[K203.11 MB/480.46 MB | =============                     42.27% | 1.8 MB/s | 00:02:31 left
[K203.24 MB/480.46 MB | =============                     42.30% | 1.8 MB/s | 00:02:31 left
[K203.39 MB/480.46 MB | =============                     42.33% | 1.8 MB/s | 00:02:31 left
[K203.48 MB/480.46 MB | =============                     42.35% | 1.8 MB/s | 00:02:31 left
[K203.58 MB/480.46 MB | =============                     42.37% | 1.8 MB/s | 00:02:31 left
[K203.68 MB/480.46 MB | =============                     42.39% | 1.8 MB/s | 00:02:31 left
[K203.80 MB/480.46 MB | =============                     42.42% | 1.8 MB/s | 00:02:31 left
[K203.91 MB/480.46 MB | ==============                    42.44% | 1.8 MB/s | 00:02:31 left
[K204.02 MB/480.46 MB | ==============                    42.46% | 1.2 MB/s | 00:03:51 left
[K204.09 MB/480.46 MB | ==============                    42.48% | 1.2 MB/s | 00:03:51 left
[K204.19 MB/480.46 MB | ==============                    42.50% | 1.2 MB/s | 00:03:51 left
[K204.28 MB/480.46 MB | ==============                    42.52% | 1.2 MB/s | 00:03:51 left
[K204.42 MB/480.46 MB | ==============                    42.55% | 1.2 MB/s | 00:03:51 left
[K204.56 MB/480.46 MB | ==============                    42.58% | 1.2 MB/s | 00:03:51 left
[K204.68 MB/480.46 MB | ==============                    42.60% | 1.2 MB/s | 00:03:51 left
[K204.77 MB/480.46 MB | ==============                    42.62% | 1.2 MB/s | 00:03:51 left
[K204.88 MB/480.46 MB | ==============                    42.64% | 1.2 MB/s | 00:03:51 left
[K205.01 MB/480.46 MB | ==============                    42.67% | 1.2 MB/s | 00:03:51 left
[K205.13 MB/480.46 MB | ==============                    42.70% | 1.2 MB/s | 00:03:51 left
[K205.22 MB/480.46 MB | ==============                    42.71% | 1.1 MB/s | 00:04:08 left
[K205.28 MB/480.46 MB | ==============                    42.73% | 1.1 MB/s | 00:04:08 left
[K205.34 MB/480.46 MB | ==============                    42.74% | 1.1 MB/s | 00:04:08 left
[K205.42 MB/480.46 MB | ==============                    42.76% | 1.1 MB/s | 00:04:08 left
[K205.48 MB/480.46 MB | ==============                    42.77% | 1.1 MB/s | 00:04:08 left
[K205.56 MB/480.46 MB | ==============                    42.78% | 1.1 MB/s | 00:04:08 left
[K205.65 MB/480.46 MB | ==============                    42.80% | 1.1 MB/s | 00:04:08 left
[K205.72 MB/480.46 MB | ==============                    42.82% | 1.1 MB/s | 00:04:08 left
[K205.78 MB/480.46 MB | ==============                    42.83% | 1.1 MB/s | 00:04:08 left
[K205.85 MB/480.46 MB | ==============                    42.85% | 1.1 MB/s | 00:04:08 left
[K205.93 MB/480.46 MB | ==============                    42.86% | 1.1 MB/s | 00:04:08 left
[K206.01 MB/480.46 MB | ==============                    42.88% | 824.2 KB/s | 00:05:33 left
[K206.09 MB/480.46 MB | ==============                    42.89% | 824.2 KB/s | 00:05:33 left
[K206.19 MB/480.46 MB | ==============                    42.92% | 824.2 KB/s | 00:05:33 left
[K206.31 MB/480.46 MB | ==============                    42.94% | 824.2 KB/s | 00:05:33 left
[K206.44 MB/480.46 MB | ==============                    42.97% | 824.2 KB/s | 00:05:33 left
[K206.59 MB/480.46 MB | ==============                    43.00% | 824.2 KB/s | 00:05:33 left
[K206.68 MB/480.46 MB | ==============                    43.02% | 824.2 KB/s | 00:05:33 left
[K206.80 MB/480.46 MB | ==============                    43.04% | 824.2 KB/s | 00:05:33 left
[K206.85 MB/480.46 MB | ==============                    43.05% | 824.2 KB/s | 00:05:33 left
[K206.92 MB/480.46 MB | ==============                    43.07% | 824.2 KB/s | 00:05:33 left
[K206.98 MB/480.46 MB | ==============                    43.08% | 996.2 KB/s | 00:04:35 left
[K207.07 MB/480.46 MB | ==============                    43.10% | 996.2 KB/s | 00:04:35 left
[K207.13 MB/480.46 MB | ==============                    43.11% | 996.2 KB/s | 00:04:35 left
[K207.19 MB/480.46 MB | ==============                    43.12% | 996.2 KB/s | 00:04:35 left
[K207.27 MB/480.46 MB | ==============                    43.14% | 996.2 KB/s | 00:04:35 left
[K207.38 MB/480.46 MB | ==============                    43.16% | 996.2 KB/s | 00:04:35 left
[K207.49 MB/480.46 MB | ==============                    43.19% | 996.2 KB/s | 00:04:35 left
[K207.59 MB/480.46 MB | ==============                    43.21% | 996.2 KB/s | 00:04:35 left
[K207.65 MB/480.46 MB | ==============                    43.22% | 996.2 KB/s | 00:04:35 left
[K207.74 MB/480.46 MB | ==============                    43.24% | 996.2 KB/s | 00:04:35 left
[K207.83 MB/480.46 MB | ==============                    43.26% | 955.9 KB/s | 00:04:45 left
[K207.91 MB/480.46 MB | ==============                    43.27% | 955.9 KB/s | 00:04:45 left
[K208.01 MB/480.46 MB | ==============                    43.29% | 955.9 KB/s | 00:04:45 left
[K208.11 MB/480.46 MB | ==============                    43.32% | 955.9 KB/s | 00:04:45 left
[K208.19 MB/480.46 MB | ==============                    43.33% | 955.9 KB/s | 00:04:45 left
[K208.29 MB/480.46 MB | ==============                    43.35% | 955.9 KB/s | 00:04:45 left
[K208.43 MB/480.46 MB | ==============                    43.38% | 955.9 KB/s | 00:04:45 left
[K208.61 MB/480.46 MB | ==============                    43.42% | 955.9 KB/s | 00:04:45 left
[K208.86 MB/480.46 MB | ==============                    43.47% | 955.9 KB/s | 00:04:45 left
[K208.97 MB/480.46 MB | ==============                    43.49% | 955.9 KB/s | 00:04:45 left
[K209.04 MB/480.46 MB | ==============                    43.51% | 1.2 MB/s | 00:03:53 left
[K209.09 MB/480.46 MB | ==============                    43.52% | 1.2 MB/s | 00:03:53 left
[K209.17 MB/480.46 MB | ==============                    43.53% | 1.2 MB/s | 00:03:53 left
[K209.25 MB/480.46 MB | ==============                    43.55% | 1.2 MB/s | 00:03:53 left
[K209.29 MB/480.46 MB | ==============                    43.56% | 1.2 MB/s | 00:03:53 left
[K209.35 MB/480.46 MB | ==============                    43.57% | 1.2 MB/s | 00:03:53 left
[K209.43 MB/480.46 MB | ==============                    43.59% | 1.2 MB/s | 00:03:53 left
[K209.53 MB/480.46 MB | ==============                    43.61% | 1.2 MB/s | 00:03:53 left
[K209.62 MB/480.46 MB | ==============                    43.63% | 1.2 MB/s | 00:03:53 left
[K209.75 MB/480.46 MB | ==============                    43.66% | 1.2 MB/s | 00:03:53 left
[K209.86 MB/480.46 MB | ==============                    43.68% | 1.2 MB/s | 00:03:53 left
[K209.96 MB/480.46 MB | ==============                    43.70% | 884.0 KB/s | 00:05:06 left
[K210.03 MB/480.46 MB | ==============                    43.71% | 884.0 KB/s | 00:05:06 left
[K210.05 MB/480.46 MB | ==============                    43.72% | 884.0 KB/s | 00:05:06 left
[K210.09 MB/480.46 MB | ==============                    43.73% | 884.0 KB/s | 00:05:06 left
[K210.11 MB/480.46 MB | ==============                    43.73% | 884.0 KB/s | 00:05:06 left
[K210.14 MB/480.46 MB | ==============                    43.74% | 884.0 KB/s | 00:05:06 left
[K210.18 MB/480.46 MB | ==============                    43.75% | 884.0 KB/s | 00:05:06 left
[K210.23 MB/480.46 MB | ==============                    43.76% | 884.0 KB/s | 00:05:06 left
[K210.29 MB/480.46 MB | ==============                    43.77% | 884.0 KB/s | 00:05:06 left
[K210.36 MB/480.46 MB | ==============                    43.78% | 884.0 KB/s | 00:05:06 left
[K210.44 MB/480.46 MB | ==============                    43.80% | 642.8 KB/s | 00:07:00 left
[K210.52 MB/480.46 MB | ==============                    43.82% | 642.8 KB/s | 00:07:00 left
[K210.62 MB/480.46 MB | ==============                    43.84% | 642.8 KB/s | 00:07:00 left
[K210.70 MB/480.46 MB | ==============                    43.85% | 642.8 KB/s | 00:07:00 left
[K210.75 MB/480.46 MB | ==============                    43.87% | 642.8 KB/s | 00:07:00 left
[K210.84 MB/480.46 MB | ==============                    43.88% | 642.8 KB/s | 00:07:00 left
[K210.92 MB/480.46 MB | ==============                    43.90% | 642.8 KB/s | 00:07:00 left
[K211.03 MB/480.46 MB | ==============                    43.92% | 642.8 KB/s | 00:07:00 left
[K211.14 MB/480.46 MB | ==============                    43.95% | 642.8 KB/s | 00:07:00 left
[K211.24 MB/480.46 MB | ==============                    43.97% | 642.8 KB/s | 00:07:00 left
[K211.30 MB/480.46 MB | ==============                    43.98% | 868.5 KB/s | 00:05:10 left
[K211.36 MB/480.46 MB | ==============                    43.99% | 868.5 KB/s | 00:05:10 left
[K211.43 MB/480.46 MB | ==============                    44.01% | 868.5 KB/s | 00:05:10 left
[K211.47 MB/480.46 MB | ==============                    44.02% | 868.5 KB/s | 00:05:10 left
[K211.54 MB/480.46 MB | ==============                    44.03% | 868.5 KB/s | 00:05:10 left
[K211.62 MB/480.46 MB | ==============                    44.05% | 868.5 KB/s | 00:05:10 left
[K211.68 MB/480.46 MB | ==============                    44.06% | 868.5 KB/s | 00:05:10 left
[K211.78 MB/480.46 MB | ==============                    44.08% | 868.5 KB/s | 00:05:10 left
[K211.86 MB/480.46 MB | ==============                    44.10% | 868.5 KB/s | 00:05:10 left
[K211.93 MB/480.46 MB | ==============                    44.11% | 868.5 KB/s | 00:05:10 left
[K212.00 MB/480.46 MB | ==============                    44.12% | 868.5 KB/s | 00:05:10 left
[K212.08 MB/480.46 MB | ==============                    44.14% | 758.1 KB/s | 00:05:54 left
[K212.15 MB/480.46 MB | ==============                    44.15% | 758.1 KB/s | 00:05:54 left
[K212.25 MB/480.46 MB | ==============                    44.18% | 758.1 KB/s | 00:05:54 left
[K212.38 MB/480.46 MB | ==============                    44.20% | 758.1 KB/s | 00:05:54 left
[K212.55 MB/480.46 MB | ==============                    44.24% | 758.1 KB/s | 00:05:54 left
[K212.72 MB/480.46 MB | ==============                    44.28% | 758.1 KB/s | 00:05:54 left
[K212.83 MB/480.46 MB | ==============                    44.30% | 758.1 KB/s | 00:05:54 left
[K212.94 MB/480.46 MB | ==============                    44.32% | 758.1 KB/s | 00:05:54 left
[K213.07 MB/480.46 MB | ==============                    44.35% | 758.1 KB/s | 00:05:54 left
[K213.16 MB/480.46 MB | ==============                    44.37% | 758.1 KB/s | 00:05:54 left
[K213.29 MB/480.46 MB | ==============                    44.39% | 758.1 KB/s | 00:05:54 left
[K213.43 MB/480.46 MB | ==============                    44.42% | 1.4 MB/s | 00:03:05 left
[K213.63 MB/480.46 MB | ==============                    44.46% | 1.4 MB/s | 00:03:05 left
[K213.80 MB/480.46 MB | ==============                    44.50% | 1.4 MB/s | 00:03:05 left
[K213.91 MB/480.46 MB | ==============                    44.52% | 1.4 MB/s | 00:03:05 left
[K214.03 MB/480.46 MB | ==============                    44.55% | 1.4 MB/s | 00:03:05 left
[K214.14 MB/480.46 MB | ==============                    44.57% | 1.4 MB/s | 00:03:05 left
[K214.22 MB/480.46 MB | ==============                    44.59% | 1.4 MB/s | 00:03:05 left
[K214.34 MB/480.46 MB | ==============                    44.61% | 1.4 MB/s | 00:03:05 left
[K214.41 MB/480.46 MB | ==============                    44.63% | 1.4 MB/s | 00:03:05 left
[K214.52 MB/480.46 MB | ==============                    44.65% | 1.4 MB/s | 00:03:05 left
[K214.65 MB/480.46 MB | ==============                    44.68% | 1.2 MB/s | 00:03:35 left
[K214.75 MB/480.46 MB | ==============                    44.70% | 1.2 MB/s | 00:03:35 left
[K214.83 MB/480.46 MB | ==============                    44.71% | 1.2 MB/s | 00:03:35 left
[K214.94 MB/480.46 MB | ==============                    44.74% | 1.2 MB/s | 00:03:35 left
[K214.99 MB/480.46 MB | ==============                    44.75% | 1.2 MB/s | 00:03:35 left
[K215.05 MB/480.46 MB | ==============                    44.76% | 1.2 MB/s | 00:03:35 left
[K215.13 MB/480.46 MB | ==============                    44.78% | 1.2 MB/s | 00:03:35 left
[K215.18 MB/480.46 MB | ==============                    44.79% | 1.2 MB/s | 00:03:35 left
[K215.24 MB/480.46 MB | ==============                    44.80% | 1.2 MB/s | 00:03:35 left
[K215.29 MB/480.46 MB | ==============                    44.81% | 1.2 MB/s | 00:03:35 left
[K215.37 MB/480.46 MB | ==============                    44.83% | 724.5 KB/s | 00:06:06 left
[K215.43 MB/480.46 MB | ==============                    44.84% | 724.5 KB/s | 00:06:06 left
[K215.51 MB/480.46 MB | ==============                    44.86% | 724.5 KB/s | 00:06:06 left
[K215.59 MB/480.46 MB | ==============                    44.87% | 724.5 KB/s | 00:06:06 left
[K215.70 MB/480.46 MB | ==============                    44.89% | 724.5 KB/s | 00:06:06 left
[K215.79 MB/480.46 MB | ==============                    44.91% | 724.5 KB/s | 00:06:06 left
[K215.87 MB/480.46 MB | ==============                    44.93% | 724.5 KB/s | 00:06:06 left
[K215.99 MB/480.46 MB | ==============                    44.96% | 724.5 KB/s | 00:06:06 left
[K216.10 MB/480.46 MB | ==============                    44.98% | 724.5 KB/s | 00:06:06 left
[K216.24 MB/480.46 MB | ==============                    45.01% | 724.5 KB/s | 00:06:06 left
[K216.32 MB/480.46 MB | ==============                    45.02% | 724.5 KB/s | 00:06:06 left
[K216.38 MB/480.46 MB | ==============                    45.04% | 954.6 KB/s | 00:04:37 left
[K216.45 MB/480.46 MB | ==============                    45.05% | 954.6 KB/s | 00:04:37 left
[K216.52 MB/480.46 MB | ==============                    45.07% | 954.6 KB/s | 00:04:37 left
[K216.62 MB/480.46 MB | ==============                    45.09% | 954.6 KB/s | 00:04:37 left
[K216.76 MB/480.46 MB | ==============                    45.12% | 954.6 KB/s | 00:04:37 left
[K216.87 MB/480.46 MB | ==============                    45.14% | 954.6 KB/s | 00:04:37 left
[K217.02 MB/480.46 MB | ==============                    45.17% | 954.6 KB/s | 00:04:37 left
[K217.11 MB/480.46 MB | ==============                    45.19% | 954.6 KB/s | 00:04:37 left
[K217.24 MB/480.46 MB | ==============                    45.22% | 954.6 KB/s | 00:04:37 left
[K217.33 MB/480.46 MB | ==============                    45.23% | 954.6 KB/s | 00:04:37 left
[K217.41 MB/480.46 MB | ==============                    45.25% | 1.1 MB/s | 00:03:55 left
[K217.48 MB/480.46 MB | ==============                    45.27% | 1.1 MB/s | 00:03:55 left
[K217.56 MB/480.46 MB | ==============                    45.28% | 1.1 MB/s | 00:03:55 left
[K217.62 MB/480.46 MB | ==============                    45.30% | 1.1 MB/s | 00:03:55 left
[K217.69 MB/480.46 MB | ==============                    45.31% | 1.1 MB/s | 00:03:55 left
[K217.75 MB/480.46 MB | ==============                    45.32% | 1.1 MB/s | 00:03:55 left
[K217.80 MB/480.46 MB | ==============                    45.33% | 1.1 MB/s | 00:03:55 left
[K217.86 MB/480.46 MB | ==============                    45.34% | 1.1 MB/s | 00:03:55 left
[K217.93 MB/480.46 MB | ==============                    45.36% | 1.1 MB/s | 00:03:55 left
[K217.99 MB/480.46 MB | ==============                    45.37% | 1.1 MB/s | 00:03:55 left
[K218.06 MB/480.46 MB | ==============                    45.39% | 660.0 KB/s | 00:06:38 left
[K218.10 MB/480.46 MB | ==============                    45.40% | 660.0 KB/s | 00:06:38 left
[K218.15 MB/480.46 MB | ==============                    45.40% | 660.0 KB/s | 00:06:38 left
[K218.22 MB/480.46 MB | ==============                    45.42% | 660.0 KB/s | 00:06:38 left
[K218.29 MB/480.46 MB | ==============                    45.43% | 660.0 KB/s | 00:06:38 left
[K218.37 MB/480.46 MB | ==============                    45.45% | 660.0 KB/s | 00:06:38 left
[K218.45 MB/480.46 MB | ===============                   45.47% | 660.0 KB/s | 00:06:38 left
[K218.58 MB/480.46 MB | ===============                   45.49% | 660.0 KB/s | 00:06:38 left
[K218.71 MB/480.46 MB | ===============                   45.52% | 660.0 KB/s | 00:06:38 left
[K218.86 MB/480.46 MB | ===============                   45.55% | 660.0 KB/s | 00:06:38 left
[K218.95 MB/480.46 MB | ===============                   45.57% | 985.6 KB/s | 00:04:25 left
[K219.01 MB/480.46 MB | ===============                   45.58% | 985.6 KB/s | 00:04:25 left
[K219.10 MB/480.46 MB | ===============                   45.60% | 985.6 KB/s | 00:04:25 left
[K219.21 MB/480.46 MB | ===============                   45.63% | 985.6 KB/s | 00:04:25 left
[K219.35 MB/480.46 MB | ===============                   45.65% | 985.6 KB/s | 00:04:25 left
[K219.50 MB/480.46 MB | ===============                   45.69% | 985.6 KB/s | 00:04:25 left
[K219.58 MB/480.46 MB | ===============                   45.70% | 985.6 KB/s | 00:04:25 left
[K219.65 MB/480.46 MB | ===============                   45.72% | 985.6 KB/s | 00:04:25 left
[K219.71 MB/480.46 MB | ===============                   45.73% | 985.6 KB/s | 00:04:25 left
[K219.78 MB/480.46 MB | ===============                   45.74% | 985.6 KB/s | 00:04:25 left
[K219.83 MB/480.46 MB | ===============                   45.75% | 851.1 KB/s | 00:05:06 left
[K219.87 MB/480.46 MB | ===============                   45.76% | 851.1 KB/s | 00:05:06 left
[K219.92 MB/480.46 MB | ===============                   45.77% | 851.1 KB/s | 00:05:06 left
[K219.98 MB/480.46 MB | ===============                   45.78% | 851.1 KB/s | 00:05:06 left
[K220.06 MB/480.46 MB | ===============                   45.80% | 851.1 KB/s | 00:05:06 left
[K220.15 MB/480.46 MB | ===============                   45.82% | 851.1 KB/s | 00:05:06 left
[K220.28 MB/480.46 MB | ===============                   45.85% | 851.1 KB/s | 00:05:06 left
[K220.36 MB/480.46 MB | ===============                   45.86% | 851.1 KB/s | 00:05:06 left
[K220.42 MB/480.46 MB | ===============                   45.88% | 851.1 KB/s | 00:05:06 left
[K220.46 MB/480.46 MB | ===============                   45.89% | 851.1 KB/s | 00:05:06 left
[K220.53 MB/480.46 MB | ===============                   45.90% | 851.1 KB/s | 00:05:06 left
[K220.61 MB/480.46 MB | ===============                   45.92% | 755.2 KB/s | 00:05:44 left
[K220.65 MB/480.46 MB | ===============                   45.93% | 755.2 KB/s | 00:05:44 left
[K220.71 MB/480.46 MB | ===============                   45.94% | 755.2 KB/s | 00:05:44 left
[K220.77 MB/480.46 MB | ===============                   45.95% | 755.2 KB/s | 00:05:44 left
[K220.86 MB/480.46 MB | ===============                   45.97% | 755.2 KB/s | 00:05:44 left
[K220.93 MB/480.46 MB | ===============                   45.98% | 755.2 KB/s | 00:05:44 left
[K221.00 MB/480.46 MB | ===============                   46.00% | 755.2 KB/s | 00:05:44 left
[K221.10 MB/480.46 MB | ===============                   46.02% | 755.2 KB/s | 00:05:44 left
[K221.18 MB/480.46 MB | ===============                   46.04% | 755.2 KB/s | 00:05:44 left
[K221.24 MB/480.46 MB | ===============                   46.05% | 755.2 KB/s | 00:05:44 left
[K221.33 MB/480.46 MB | ===============                   46.07% | 755.2 KB/s | 00:05:44 left
[K221.40 MB/480.46 MB | ===============                   46.08% | 785.9 KB/s | 00:05:30 left
[K221.45 MB/480.46 MB | ===============                   46.09% | 785.9 KB/s | 00:05:30 left
[K221.50 MB/480.46 MB | ===============                   46.10% | 785.9 KB/s | 00:05:30 left
[K221.57 MB/480.46 MB | ===============                   46.12% | 785.9 KB/s | 00:05:30 left
[K221.66 MB/480.46 MB | ===============                   46.14% | 785.9 KB/s | 00:05:30 left
[K221.73 MB/480.46 MB | ===============                   46.15% | 785.9 KB/s | 00:05:30 left
[K221.84 MB/480.46 MB | ===============                   46.17% | 785.9 KB/s | 00:05:30 left
[K221.93 MB/480.46 MB | ===============                   46.19% | 785.9 KB/s | 00:05:30 left
[K222.06 MB/480.46 MB | ===============                   46.22% | 785.9 KB/s | 00:05:30 left
[K222.15 MB/480.46 MB | ===============                   46.24% | 785.9 KB/s | 00:05:30 left
[K222.22 MB/480.46 MB | ===============                   46.25% | 785.9 KB/s | 00:05:30 left
[K222.31 MB/480.46 MB | ===============                   46.27% | 968.7 KB/s | 00:04:26 left
[K222.39 MB/480.46 MB | ===============                   46.29% | 968.7 KB/s | 00:04:26 left
[K222.50 MB/480.46 MB | ===============                   46.31% | 968.7 KB/s | 00:04:26 left
[K222.60 MB/480.46 MB | ===============                   46.33% | 968.7 KB/s | 00:04:26 left
[K222.71 MB/480.46 MB | ===============                   46.35% | 968.7 KB/s | 00:04:26 left
[K222.77 MB/480.46 MB | ===============                   46.37% | 968.7 KB/s | 00:04:26 left
[K222.83 MB/480.46 MB | ===============                   46.38% | 968.7 KB/s | 00:04:26 left
[K222.91 MB/480.46 MB | ===============                   46.40% | 968.7 KB/s | 00:04:26 left
[K223.00 MB/480.46 MB | ===============                   46.41% | 968.7 KB/s | 00:04:26 left
[K223.07 MB/480.46 MB | ===============                   46.43% | 968.7 KB/s | 00:04:26 left
[K223.15 MB/480.46 MB | ===============                   46.45% | 968.7 KB/s | 00:04:26 left
[K223.24 MB/480.46 MB | ===============                   46.46% | 929.3 KB/s | 00:04:37 left
[K223.33 MB/480.46 MB | ===============                   46.48% | 929.3 KB/s | 00:04:37 left
[K223.40 MB/480.46 MB | ===============                   46.50% | 929.3 KB/s | 00:04:37 left
[K223.49 MB/480.46 MB | ===============                   46.52% | 929.3 KB/s | 00:04:37 left
[K223.57 MB/480.46 MB | ===============                   46.53% | 929.3 KB/s | 00:04:37 left
[K223.68 MB/480.46 MB | ===============                   46.56% | 929.3 KB/s | 00:04:37 left
[K223.77 MB/480.46 MB | ===============                   46.57% | 929.3 KB/s | 00:04:37 left
[K223.89 MB/480.46 MB | ===============                   46.60% | 929.3 KB/s | 00:04:37 left
[K223.97 MB/480.46 MB | ===============                   46.62% | 929.3 KB/s | 00:04:37 left
[K224.05 MB/480.46 MB | ===============                   46.63% | 929.3 KB/s | 00:04:37 left
[K224.14 MB/480.46 MB | ===============                   46.65% | 897.3 KB/s | 00:04:46 left
[K224.18 MB/480.46 MB | ===============                   46.66% | 897.3 KB/s | 00:04:46 left
[K224.22 MB/480.46 MB | ===============                   46.67% | 897.3 KB/s | 00:04:46 left
[K224.27 MB/480.46 MB | ===============                   46.68% | 897.3 KB/s | 00:04:46 left
[K224.34 MB/480.46 MB | ===============                   46.69% | 897.3 KB/s | 00:04:46 left
[K224.43 MB/480.46 MB | ===============                   46.71% | 897.3 KB/s | 00:04:46 left
[K224.52 MB/480.46 MB | ===============                   46.73% | 897.3 KB/s | 00:04:46 left
[K224.60 MB/480.46 MB | ===============                   46.75% | 897.3 KB/s | 00:04:46 left
[K224.66 MB/480.46 MB | ===============                   46.76% | 897.3 KB/s | 00:04:46 left
[K224.71 MB/480.46 MB | ===============                   46.77% | 897.3 KB/s | 00:04:46 left
[K224.77 MB/480.46 MB | ===============                   46.78% | 718.8 KB/s | 00:05:56 left
[K224.83 MB/480.46 MB | ===============                   46.79% | 718.8 KB/s | 00:05:56 left
[K224.91 MB/480.46 MB | ===============                   46.81% | 718.8 KB/s | 00:05:56 left
[K224.99 MB/480.46 MB | ===============                   46.83% | 718.8 KB/s | 00:05:56 left
[K225.03 MB/480.46 MB | ===============                   46.84% | 718.8 KB/s | 00:05:56 left
[K225.10 MB/480.46 MB | ===============                   46.85% | 718.8 KB/s | 00:05:56 left
[K225.14 MB/480.46 MB | ===============                   46.86% | 718.8 KB/s | 00:05:56 left
[K225.21 MB/480.46 MB | ===============                   46.87% | 718.8 KB/s | 00:05:56 left
[K225.26 MB/480.46 MB | ===============                   46.88% | 718.8 KB/s | 00:05:56 left
[K225.34 MB/480.46 MB | ===============                   46.90% | 718.8 KB/s | 00:05:56 left
[K225.43 MB/480.46 MB | ===============                   46.92% | 718.8 KB/s | 00:05:56 left
[K225.53 MB/480.46 MB | ===============                   46.94% | 725.1 KB/s | 00:05:52 left
[K225.61 MB/480.46 MB | ===============                   46.96% | 725.1 KB/s | 00:05:52 left
[K225.73 MB/480.46 MB | ===============                   46.98% | 725.1 KB/s | 00:05:52 left
[K225.81 MB/480.46 MB | ===============                   47.00% | 725.1 KB/s | 00:05:52 left
[K225.93 MB/480.46 MB | ===============                   47.02% | 725.1 KB/s | 00:05:52 left
[K226.03 MB/480.46 MB | ===============                   47.04% | 725.1 KB/s | 00:05:52 left
[K226.13 MB/480.46 MB | ===============                   47.07% | 725.1 KB/s | 00:05:52 left
[K226.22 MB/480.46 MB | ===============                   47.08% | 725.1 KB/s | 00:05:52 left
[K226.32 MB/480.46 MB | ===============                   47.11% | 725.1 KB/s | 00:05:52 left
[K226.45 MB/480.46 MB | ===============                   47.13% | 725.1 KB/s | 00:05:52 left
[K226.55 MB/480.46 MB | ===============                   47.15% | 725.1 KB/s | 00:05:52 left
[K226.71 MB/480.46 MB | ===============                   47.19% | 1.1 MB/s | 00:03:43 left
[K226.81 MB/480.46 MB | ===============                   47.21% | 1.1 MB/s | 00:03:43 left
[K226.88 MB/480.46 MB | ===============                   47.22% | 1.1 MB/s | 00:03:43 left
[K226.94 MB/480.46 MB | ===============                   47.23% | 1.1 MB/s | 00:03:43 left
[K226.99 MB/480.46 MB | ===============                   47.25% | 1.1 MB/s | 00:03:43 left
[K227.07 MB/480.46 MB | ===============                   47.26% | 1.1 MB/s | 00:03:43 left
[K227.13 MB/480.46 MB | ===============                   47.27% | 1.1 MB/s | 00:03:43 left
[K227.20 MB/480.46 MB | ===============                   47.29% | 1.1 MB/s | 00:03:43 left
[K227.26 MB/480.46 MB | ===============                   47.30% | 1.1 MB/s | 00:03:43 left
[K227.31 MB/480.46 MB | ===============                   47.31% | 682.0 KB/s | 00:06:11 left
[K227.35 MB/480.46 MB | ===============                   47.32% | 682.0 KB/s | 00:06:11 left
[K227.39 MB/480.46 MB | ===============                   47.33% | 682.0 KB/s | 00:06:11 left
[K227.44 MB/480.46 MB | ===============                   47.34% | 682.0 KB/s | 00:06:11 left
[K227.48 MB/480.46 MB | ===============                   47.35% | 682.0 KB/s | 00:06:11 left
[K227.52 MB/480.46 MB | ===============                   47.35% | 682.0 KB/s | 00:06:11 left
[K227.56 MB/480.46 MB | ===============                   47.36% | 682.0 KB/s | 00:06:11 left
[K227.59 MB/480.46 MB | ===============                   47.37% | 682.0 KB/s | 00:06:11 left
[K227.62 MB/480.46 MB | ===============                   47.38% | 682.0 KB/s | 00:06:11 left
[K227.65 MB/480.46 MB | ===============                   47.38% | 682.0 KB/s | 00:06:11 left
[K227.69 MB/480.46 MB | ===============                   47.39% | 682.0 KB/s | 00:06:11 left
[K227.74 MB/480.46 MB | ===============                   47.40% | 470.8 KB/s | 00:08:57 left
[K227.80 MB/480.46 MB | ===============                   47.41% | 470.8 KB/s | 00:08:57 left
[K227.88 MB/480.46 MB | ===============                   47.43% | 470.8 KB/s | 00:08:57 left
[K227.92 MB/480.46 MB | ===============                   47.44% | 470.8 KB/s | 00:08:57 left
[K227.98 MB/480.46 MB | ===============                   47.45% | 470.8 KB/s | 00:08:57 left
[K228.05 MB/480.46 MB | ===============                   47.46% | 470.8 KB/s | 00:08:57 left
[K228.11 MB/480.46 MB | ===============                   47.48% | 470.8 KB/s | 00:08:57 left
[K228.20 MB/480.46 MB | ===============                   47.50% | 470.8 KB/s | 00:08:57 left
[K228.29 MB/480.46 MB | ===============                   47.51% | 470.8 KB/s | 00:08:57 left
[K228.35 MB/480.46 MB | ===============                   47.53% | 470.8 KB/s | 00:08:57 left
[K228.40 MB/480.46 MB | ===============                   47.54% | 670.1 KB/s | 00:06:16 left
[K228.46 MB/480.46 MB | ===============                   47.55% | 670.1 KB/s | 00:06:16 left
[K228.50 MB/480.46 MB | ===============                   47.56% | 670.1 KB/s | 00:06:16 left
[K228.56 MB/480.46 MB | ===============                   47.57% | 670.1 KB/s | 00:06:16 left
[K228.64 MB/480.46 MB | ===============                   47.59% | 670.1 KB/s | 00:06:16 left
[K228.73 MB/480.46 MB | ===============                   47.61% | 670.1 KB/s | 00:06:16 left
[K228.86 MB/480.46 MB | ===============                   47.63% | 670.1 KB/s | 00:06:16 left
[K229.04 MB/480.46 MB | ===============                   47.67% | 670.1 KB/s | 00:06:16 left
[K229.19 MB/480.46 MB | ===============                   47.70% | 670.1 KB/s | 00:06:16 left
[K229.33 MB/480.46 MB | ===============                   47.73% | 670.1 KB/s | 00:06:16 left
[K229.44 MB/480.46 MB | ===============                   47.75% | 670.1 KB/s | 00:06:16 left
[K229.52 MB/480.46 MB | ===============                   47.77% | 1.2 MB/s | 00:03:28 left
[K229.58 MB/480.46 MB | ===============                   47.78% | 1.2 MB/s | 00:03:28 left
[K229.67 MB/480.46 MB | ===============                   47.80% | 1.2 MB/s | 00:03:28 left
[K229.75 MB/480.46 MB | ===============                   47.82% | 1.2 MB/s | 00:03:28 left
[K229.85 MB/480.46 MB | ===============                   47.84% | 1.2 MB/s | 00:03:28 left
[K229.99 MB/480.46 MB | ===============                   47.87% | 1.2 MB/s | 00:03:28 left
[K230.12 MB/480.46 MB | ===============                   47.90% | 1.2 MB/s | 00:03:28 left
[K230.31 MB/480.46 MB | ===============                   47.94% | 1.2 MB/s | 00:03:28 left
[K230.41 MB/480.46 MB | ===============                   47.96% | 1.2 MB/s | 00:03:28 left
[K230.47 MB/480.46 MB | ===============                   47.97% | 1.2 MB/s | 00:03:28 left
[K230.56 MB/480.46 MB | ===============                   47.99% | 1.1 MB/s | 00:03:42 left
[K230.67 MB/480.46 MB | ===============                   48.01% | 1.1 MB/s | 00:03:42 left
[K230.80 MB/480.46 MB | ===============                   48.04% | 1.1 MB/s | 00:03:42 left
[K230.93 MB/480.46 MB | ===============                   48.06% | 1.1 MB/s | 00:03:42 left
[K231.09 MB/480.46 MB | ===============                   48.10% | 1.1 MB/s | 00:03:42 left
[K231.25 MB/480.46 MB | ===============                   48.13% | 1.1 MB/s | 00:03:42 left
[K231.41 MB/480.46 MB | ===============                   48.16% | 1.1 MB/s | 00:03:42 left
[K231.60 MB/480.46 MB | ===============                   48.20% | 1.1 MB/s | 00:03:42 left
[K231.78 MB/480.46 MB | ===============                   48.24% | 1.1 MB/s | 00:03:42 left
[K232.02 MB/480.46 MB | ===============                   48.29% | 1.1 MB/s | 00:03:42 left
[K232.25 MB/480.46 MB | ===============                   48.34% | 1.1 MB/s | 00:03:42 left
[K232.48 MB/480.46 MB | ===============                   48.39% | 2.0 MB/s | 00:02:03 left
[K232.71 MB/480.46 MB | ===============                   48.44% | 2.0 MB/s | 00:02:03 left
[K232.95 MB/480.46 MB | ================                  48.49% | 2.0 MB/s | 00:02:03 left
[K233.21 MB/480.46 MB | ================                  48.54% | 2.0 MB/s | 00:02:03 left
[K233.33 MB/480.46 MB | ================                  48.56% | 2.0 MB/s | 00:02:03 left
[K233.44 MB/480.46 MB | ================                  48.59% | 2.0 MB/s | 00:02:03 left
[K233.52 MB/480.46 MB | ================                  48.60% | 2.0 MB/s | 00:02:03 left
[K233.60 MB/480.46 MB | ================                  48.62% | 2.0 MB/s | 00:02:03 left
[K233.66 MB/480.46 MB | ================                  48.63% | 2.0 MB/s | 00:02:03 left
[K233.74 MB/480.46 MB | ================                  48.65% | 1.3 MB/s | 00:03:15 left
[K233.80 MB/480.46 MB | ================                  48.66% | 1.3 MB/s | 00:03:15 left
[K233.90 MB/480.46 MB | ================                  48.68% | 1.3 MB/s | 00:03:15 left
[K234.01 MB/480.46 MB | ================                  48.71% | 1.3 MB/s | 00:03:15 left
[K234.14 MB/480.46 MB | ================                  48.73% | 1.3 MB/s | 00:03:15 left
[K234.24 MB/480.46 MB | ================                  48.75% | 1.3 MB/s | 00:03:15 left
[K234.29 MB/480.46 MB | ================                  48.76% | 1.3 MB/s | 00:03:15 left
[K234.36 MB/480.46 MB | ================                  48.78% | 1.3 MB/s | 00:03:15 left
[K234.47 MB/480.46 MB | ================                  48.80% | 1.3 MB/s | 00:03:15 left
[K234.58 MB/480.46 MB | ================                  48.83% | 1.3 MB/s | 00:03:15 left
[K234.69 MB/480.46 MB | ================                  48.85% | 1.0 MB/s | 00:04:03 left
[K234.78 MB/480.46 MB | ================                  48.87% | 1.0 MB/s | 00:04:03 left
[K234.86 MB/480.46 MB | ================                  48.88% | 1.0 MB/s | 00:04:03 left
[K234.98 MB/480.46 MB | ================                  48.91% | 1.0 MB/s | 00:04:03 left
[K235.07 MB/480.46 MB | ================                  48.93% | 1.0 MB/s | 00:04:03 left
[K235.21 MB/480.46 MB | ================                  48.96% | 1.0 MB/s | 00:04:03 left
[K235.35 MB/480.46 MB | ================                  48.98% | 1.0 MB/s | 00:04:03 left
[K235.56 MB/480.46 MB | ================                  49.03% | 1.0 MB/s | 00:04:03 left
[K235.74 MB/480.46 MB | ================                  49.07% | 1.0 MB/s | 00:04:03 left
[K235.90 MB/480.46 MB | ================                  49.10% | 1.0 MB/s | 00:04:03 left
[K236.00 MB/480.46 MB | ================                  49.12% | 1.5 MB/s | 00:02:45 left
[K236.11 MB/480.46 MB | ================                  49.14% | 1.5 MB/s | 00:02:45 left
[K236.22 MB/480.46 MB | ================                  49.17% | 1.5 MB/s | 00:02:45 left
[K236.37 MB/480.46 MB | ================                  49.20% | 1.5 MB/s | 00:02:45 left
[K236.52 MB/480.46 MB | ================                  49.23% | 1.5 MB/s | 00:02:45 left
[K236.68 MB/480.46 MB | ================                  49.26% | 1.5 MB/s | 00:02:45 left
[K236.91 MB/480.46 MB | ================                  49.31% | 1.5 MB/s | 00:02:45 left
[K237.06 MB/480.46 MB | ================                  49.34% | 1.5 MB/s | 00:02:45 left
[K237.24 MB/480.46 MB | ================                  49.38% | 1.5 MB/s | 00:02:45 left
[K237.38 MB/480.46 MB | ================                  49.41% | 1.5 MB/s | 00:02:45 left
[K237.58 MB/480.46 MB | ================                  49.45% | 1.5 MB/s | 00:02:45 left
[K237.73 MB/480.46 MB | ================                  49.48% | 1.8 MB/s | 00:02:14 left
[K237.95 MB/480.46 MB | ================                  49.53% | 1.8 MB/s | 00:02:14 left
[K238.14 MB/480.46 MB | ================                  49.57% | 1.8 MB/s | 00:02:14 left
[K238.36 MB/480.46 MB | ================                  49.61% | 1.8 MB/s | 00:02:14 left
[K238.64 MB/480.46 MB | ================                  49.67% | 1.8 MB/s | 00:02:14 left
[K238.79 MB/480.46 MB | ================                  49.70% | 1.8 MB/s | 00:02:14 left
[K238.92 MB/480.46 MB | ================                  49.73% | 1.8 MB/s | 00:02:14 left
[K238.99 MB/480.46 MB | ================                  49.74% | 1.8 MB/s | 00:02:14 left
[K239.09 MB/480.46 MB | ================                  49.76% | 1.8 MB/s | 00:02:14 left
[K239.16 MB/480.46 MB | ================                  49.78% | 1.5 MB/s | 00:02:43 left
[K239.22 MB/480.46 MB | ================                  49.79% | 1.5 MB/s | 00:02:43 left
[K239.31 MB/480.46 MB | ================                  49.81% | 1.5 MB/s | 00:02:43 left
[K239.43 MB/480.46 MB | ================                  49.83% | 1.5 MB/s | 00:02:43 left
[K239.61 MB/480.46 MB | ================                  49.87% | 1.5 MB/s | 00:02:43 left
[K239.79 MB/480.46 MB | ================                  49.91% | 1.5 MB/s | 00:02:43 left
[K239.90 MB/480.46 MB | ================                  49.93% | 1.5 MB/s | 00:02:43 left
[K240.02 MB/480.46 MB | ================                  49.96% | 1.5 MB/s | 00:02:43 left
[K240.14 MB/480.46 MB | ================                  49.98% | 1.5 MB/s | 00:02:43 left
[K240.26 MB/480.46 MB | ================                  50.01% | 1.5 MB/s | 00:02:43 left
[K240.32 MB/480.46 MB | ================                  50.02% | 1.1 MB/s | 00:03:29 left
[K240.37 MB/480.46 MB | ================                  50.03% | 1.1 MB/s | 00:03:29 left
[K240.44 MB/480.46 MB | ================                  50.05% | 1.1 MB/s | 00:03:29 left
[K240.52 MB/480.46 MB | ================                  50.06% | 1.1 MB/s | 00:03:29 left
[K240.61 MB/480.46 MB | ================                  50.08% | 1.1 MB/s | 00:03:29 left
[K240.71 MB/480.46 MB | ================                  50.10% | 1.1 MB/s | 00:03:29 left
[K240.82 MB/480.46 MB | ================                  50.12% | 1.1 MB/s | 00:03:29 left
[K240.93 MB/480.46 MB | ================                  50.15% | 1.1 MB/s | 00:03:29 left
[K241.07 MB/480.46 MB | ================                  50.18% | 1.1 MB/s | 00:03:29 left
[K241.20 MB/480.46 MB | ================                  50.20% | 1.1 MB/s | 00:03:29 left
[K241.40 MB/480.46 MB | ================                  50.24% | 1.1 MB/s | 00:03:29 left
[K241.58 MB/480.46 MB | ================                  50.28% | 1.3 MB/s | 00:03:05 left
[K241.71 MB/480.46 MB | ================                  50.31% | 1.3 MB/s | 00:03:05 left
[K241.86 MB/480.46 MB | ================                  50.34% | 1.3 MB/s | 00:03:05 left
[K242.02 MB/480.46 MB | ================                  50.37% | 1.3 MB/s | 00:03:05 left
[K242.15 MB/480.46 MB | ================                  50.40% | 1.3 MB/s | 00:03:05 left
[K242.26 MB/480.46 MB | ================                  50.42% | 1.3 MB/s | 00:03:05 left
[K242.33 MB/480.46 MB | ================                  50.44% | 1.3 MB/s | 00:03:05 left
[K242.39 MB/480.46 MB | ================                  50.45% | 1.3 MB/s | 00:03:05 left
[K242.43 MB/480.46 MB | ================                  50.46% | 1.3 MB/s | 00:03:05 left
[K242.49 MB/480.46 MB | ================                  50.47% | 1.3 MB/s | 00:03:05 left
[K242.55 MB/480.46 MB | ================                  50.48% | 938.8 KB/s | 00:04:13 left
[K242.60 MB/480.46 MB | ================                  50.49% | 938.8 KB/s | 00:04:13 left
[K242.64 MB/480.46 MB | ================                  50.50% | 938.8 KB/s | 00:04:13 left
[K242.70 MB/480.46 MB | ================                  50.52% | 938.8 KB/s | 00:04:13 left
[K242.77 MB/480.46 MB | ================                  50.53% | 938.8 KB/s | 00:04:13 left
[K242.86 MB/480.46 MB | ================                  50.55% | 938.8 KB/s | 00:04:13 left
[K242.96 MB/480.46 MB | ================                  50.57% | 938.8 KB/s | 00:04:13 left
[K243.10 MB/480.46 MB | ================                  50.60% | 938.8 KB/s | 00:04:13 left
[K243.24 MB/480.46 MB | ================                  50.63% | 938.8 KB/s | 00:04:13 left
[K243.37 MB/480.46 MB | ================                  50.65% | 938.8 KB/s | 00:04:13 left
[K243.56 MB/480.46 MB | ================                  50.69% | 938.8 KB/s | 00:04:13 left
[K243.72 MB/480.46 MB | ================                  50.73% | 1.3 MB/s | 00:02:58 left
[K243.89 MB/480.46 MB | ================                  50.76% | 1.3 MB/s | 00:02:58 left
[K244.05 MB/480.46 MB | ================                  50.79% | 1.3 MB/s | 00:02:58 left
[K244.18 MB/480.46 MB | ================                  50.82% | 1.3 MB/s | 00:02:58 left
[K244.26 MB/480.46 MB | ================                  50.84% | 1.3 MB/s | 00:02:58 left
[K244.33 MB/480.46 MB | ================                  50.85% | 1.3 MB/s | 00:02:58 left
[K244.43 MB/480.46 MB | ================                  50.87% | 1.3 MB/s | 00:02:58 left
[K244.54 MB/480.46 MB | ================                  50.90% | 1.3 MB/s | 00:02:58 left
[K244.61 MB/480.46 MB | ================                  50.91% | 1.3 MB/s | 00:02:58 left
[K244.69 MB/480.46 MB | ================                  50.93% | 1.3 MB/s | 00:02:58 left
[K244.80 MB/480.46 MB | ================                  50.95% | 1.1 MB/s | 00:03:31 left
[K244.92 MB/480.46 MB | ================                  50.98% | 1.1 MB/s | 00:03:31 left
[K245.10 MB/480.46 MB | ================                  51.01% | 1.1 MB/s | 00:03:31 left
[K245.26 MB/480.46 MB | ================                  51.05% | 1.1 MB/s | 00:03:31 left
[K245.45 MB/480.46 MB | ================                  51.09% | 1.1 MB/s | 00:03:31 left
[K245.68 MB/480.46 MB | ================                  51.13% | 1.1 MB/s | 00:03:31 left
[K245.85 MB/480.46 MB | ================                  51.17% | 1.1 MB/s | 00:03:31 left
[K245.93 MB/480.46 MB | ================                  51.19% | 1.1 MB/s | 00:03:31 left
[K246.03 MB/480.46 MB | ================                  51.21% | 1.1 MB/s | 00:03:31 left
[K246.13 MB/480.46 MB | ================                  51.23% | 1.4 MB/s | 00:02:49 left
[K246.20 MB/480.46 MB | ================                  51.24% | 1.4 MB/s | 00:02:49 left
[K246.27 MB/480.46 MB | ================                  51.26% | 1.4 MB/s | 00:02:49 left
[K246.35 MB/480.46 MB | ================                  51.27% | 1.4 MB/s | 00:02:49 left
[K246.46 MB/480.46 MB | ================                  51.30% | 1.4 MB/s | 00:02:49 left
[K246.52 MB/480.46 MB | ================                  51.31% | 1.4 MB/s | 00:02:49 left
[K246.57 MB/480.46 MB | ================                  51.32% | 1.4 MB/s | 00:02:49 left
[K246.64 MB/480.46 MB | ================                  51.34% | 1.4 MB/s | 00:02:49 left
[K246.70 MB/480.46 MB | ================                  51.35% | 1.4 MB/s | 00:02:49 left
[K246.78 MB/480.46 MB | ================                  51.36% | 1.4 MB/s | 00:02:49 left
[K246.87 MB/480.46 MB | ================                  51.38% | 1.4 MB/s | 00:02:49 left
[K246.98 MB/480.46 MB | ================                  51.41% | 902.1 KB/s | 00:04:19 left
[K247.15 MB/480.46 MB | ================                  51.44% | 902.1 KB/s | 00:04:19 left
[K247.31 MB/480.46 MB | ================                  51.47% | 902.1 KB/s | 00:04:19 left
[K247.47 MB/480.46 MB | ================                  51.51% | 902.1 KB/s | 00:04:19 left
[K247.57 MB/480.46 MB | =================                 51.53% | 902.1 KB/s | 00:04:19 left
[K247.68 MB/480.46 MB | =================                 51.55% | 902.1 KB/s | 00:04:19 left
[K247.75 MB/480.46 MB | =================                 51.57% | 902.1 KB/s | 00:04:19 left
[K247.85 MB/480.46 MB | =================                 51.59% | 902.1 KB/s | 00:04:19 left
[K247.95 MB/480.46 MB | =================                 51.61% | 902.1 KB/s | 00:04:19 left
[K248.03 MB/480.46 MB | =================                 51.62% | 902.1 KB/s | 00:04:19 left
[K248.14 MB/480.46 MB | =================                 51.65% | 1.2 MB/s | 00:03:10 left
[K248.26 MB/480.46 MB | =================                 51.67% | 1.2 MB/s | 00:03:10 left
[K248.43 MB/480.46 MB | =================                 51.71% | 1.2 MB/s | 00:03:10 left
[K248.61 MB/480.46 MB | =================                 51.74% | 1.2 MB/s | 00:03:10 left
[K248.81 MB/480.46 MB | =================                 51.79% | 1.2 MB/s | 00:03:10 left
[K249.05 MB/480.46 MB | =================                 51.84% | 1.2 MB/s | 00:03:10 left
[K249.26 MB/480.46 MB | =================                 51.88% | 1.2 MB/s | 00:03:10 left
[K249.57 MB/480.46 MB | =================                 51.95% | 1.2 MB/s | 00:03:10 left
[K249.76 MB/480.46 MB | =================                 51.98% | 1.2 MB/s | 00:03:10 left
[K249.90 MB/480.46 MB | =================                 52.01% | 1.2 MB/s | 00:03:10 left
[K250.05 MB/480.46 MB | =================                 52.04% | 1.2 MB/s | 00:03:10 left
[K250.26 MB/480.46 MB | =================                 52.09% | 2.0 MB/s | 00:01:53 left
[K250.41 MB/480.46 MB | =================                 52.12% | 2.0 MB/s | 00:01:53 left
[K250.53 MB/480.46 MB | =================                 52.14% | 2.0 MB/s | 00:01:53 left
[K250.66 MB/480.46 MB | =================                 52.17% | 2.0 MB/s | 00:01:53 left
[K250.77 MB/480.46 MB | =================                 52.19% | 2.0 MB/s | 00:01:53 left
[K250.94 MB/480.46 MB | =================                 52.23% | 2.0 MB/s | 00:01:53 left
[K251.05 MB/480.46 MB | =================                 52.25% | 2.0 MB/s | 00:01:53 left
[K251.22 MB/480.46 MB | =================                 52.29% | 2.0 MB/s | 00:01:53 left
[K251.31 MB/480.46 MB | =================                 52.31% | 2.0 MB/s | 00:01:53 left
[K251.44 MB/480.46 MB | =================                 52.33% | 2.0 MB/s | 00:01:53 left
[K251.61 MB/480.46 MB | =================                 52.37% | 1.6 MB/s | 00:02:27 left
[K251.77 MB/480.46 MB | =================                 52.40% | 1.6 MB/s | 00:02:27 left
[K251.93 MB/480.46 MB | =================                 52.44% | 1.6 MB/s | 00:02:27 left
[K252.07 MB/480.46 MB | =================                 52.46% | 1.6 MB/s | 00:02:27 left
[K252.26 MB/480.46 MB | =================                 52.51% | 1.6 MB/s | 00:02:27 left
[K252.47 MB/480.46 MB | =================                 52.55% | 1.6 MB/s | 00:02:27 left
[K252.59 MB/480.46 MB | =================                 52.57% | 1.6 MB/s | 00:02:27 left
[K252.73 MB/480.46 MB | =================                 52.60% | 1.6 MB/s | 00:02:27 left
[K252.85 MB/480.46 MB | =================                 52.63% | 1.6 MB/s | 00:02:27 left
[K252.96 MB/480.46 MB | =================                 52.65% | 1.6 MB/s | 00:02:27 left
[K253.08 MB/480.46 MB | =================                 52.67% | 1.5 MB/s | 00:02:28 left
[K253.20 MB/480.46 MB | =================                 52.70% | 1.5 MB/s | 00:02:28 left
[K253.37 MB/480.46 MB | =================                 52.73% | 1.5 MB/s | 00:02:28 left
[K253.47 MB/480.46 MB | =================                 52.76% | 1.5 MB/s | 00:02:28 left
[K253.59 MB/480.46 MB | =================                 52.78% | 1.5 MB/s | 00:02:28 left
[K253.69 MB/480.46 MB | =================                 52.80% | 1.5 MB/s | 00:02:28 left
[K253.81 MB/480.46 MB | =================                 52.83% | 1.5 MB/s | 00:02:28 left
[K253.93 MB/480.46 MB | =================                 52.85% | 1.5 MB/s | 00:02:28 left
[K254.02 MB/480.46 MB | =================                 52.87% | 1.5 MB/s | 00:02:28 left
[K254.11 MB/480.46 MB | =================                 52.89% | 1.5 MB/s | 00:02:28 left
[K254.20 MB/480.46 MB | =================                 52.91% | 1.1 MB/s | 00:03:18 left
[K254.30 MB/480.46 MB | =================                 52.93% | 1.1 MB/s | 00:03:18 left
[K254.39 MB/480.46 MB | =================                 52.95% | 1.1 MB/s | 00:03:18 left
[K254.48 MB/480.46 MB | =================                 52.97% | 1.1 MB/s | 00:03:18 left
[K254.52 MB/480.46 MB | =================                 52.97% | 1.1 MB/s | 00:03:18 left
[K254.57 MB/480.46 MB | =================                 52.99% | 1.1 MB/s | 00:03:18 left
[K254.64 MB/480.46 MB | =================                 53.00% | 1.1 MB/s | 00:03:18 left
[K254.68 MB/480.46 MB | =================                 53.01% | 1.1 MB/s | 00:03:18 left
[K254.75 MB/480.46 MB | =================                 53.02% | 1.1 MB/s | 00:03:18 left
[K254.80 MB/480.46 MB | =================                 53.03% | 1.1 MB/s | 00:03:18 left
[K254.89 MB/480.46 MB | =================                 53.05% | 1.1 MB/s | 00:03:18 left
[K255.01 MB/480.46 MB | =================                 53.08% | 802.1 KB/s | 00:04:41 left
[K255.12 MB/480.46 MB | =================                 53.10% | 802.1 KB/s | 00:04:41 left
[K255.19 MB/480.46 MB | =================                 53.11% | 802.1 KB/s | 00:04:41 left
[K255.25 MB/480.46 MB | =================                 53.13% | 802.1 KB/s | 00:04:41 left
[K255.32 MB/480.46 MB | =================                 53.14% | 802.1 KB/s | 00:04:41 left
[K255.42 MB/480.46 MB | =================                 53.16% | 802.1 KB/s | 00:04:41 left
[K255.53 MB/480.46 MB | =================                 53.19% | 802.1 KB/s | 00:04:41 left
[K255.65 MB/480.46 MB | =================                 53.21% | 802.1 KB/s | 00:04:41 left
[K255.79 MB/480.46 MB | =================                 53.24% | 802.1 KB/s | 00:04:41 left
[K255.94 MB/480.46 MB | =================                 53.27% | 802.1 KB/s | 00:04:41 left
[K256.09 MB/480.46 MB | =================                 53.30% | 802.1 KB/s | 00:04:41 left
[K256.31 MB/480.46 MB | =================                 53.35% | 1.4 MB/s | 00:02:37 left
[K256.50 MB/480.46 MB | =================                 53.39% | 1.4 MB/s | 00:02:37 left
[K256.70 MB/480.46 MB | =================                 53.43% | 1.4 MB/s | 00:02:37 left
[K256.92 MB/480.46 MB | =================                 53.47% | 1.4 MB/s | 00:02:37 left
[K257.08 MB/480.46 MB | =================                 53.51% | 1.4 MB/s | 00:02:37 left
[K257.21 MB/480.46 MB | =================                 53.53% | 1.4 MB/s | 00:02:37 left
[K257.33 MB/480.46 MB | =================                 53.56% | 1.4 MB/s | 00:02:37 left
[K257.45 MB/480.46 MB | =================                 53.58% | 1.4 MB/s | 00:02:37 left
[K257.55 MB/480.46 MB | =================                 53.61% | 1.4 MB/s | 00:02:37 left
[K257.71 MB/480.46 MB | =================                 53.64% | 1.4 MB/s | 00:02:37 left
[K257.81 MB/480.46 MB | =================                 53.66% | 1.5 MB/s | 00:02:26 left
[K257.92 MB/480.46 MB | =================                 53.68% | 1.5 MB/s | 00:02:26 left
[K258.05 MB/480.46 MB | =================                 53.71% | 1.5 MB/s | 00:02:26 left
[K258.15 MB/480.46 MB | =================                 53.73% | 1.5 MB/s | 00:02:26 left
[K258.28 MB/480.46 MB | =================                 53.76% | 1.5 MB/s | 00:02:26 left
[K258.36 MB/480.46 MB | =================                 53.77% | 1.5 MB/s | 00:02:26 left
[K258.44 MB/480.46 MB | =================                 53.79% | 1.5 MB/s | 00:02:26 left
[K258.56 MB/480.46 MB | =================                 53.82% | 1.5 MB/s | 00:02:26 left
[K258.69 MB/480.46 MB | =================                 53.84% | 1.5 MB/s | 00:02:26 left
[K258.81 MB/480.46 MB | =================                 53.87% | 1.5 MB/s | 00:02:26 left
[K258.95 MB/480.46 MB | =================                 53.90% | 1.5 MB/s | 00:02:26 left
[K259.09 MB/480.46 MB | =================                 53.93% | 1.3 MB/s | 00:02:47 left
[K259.30 MB/480.46 MB | =================                 53.97% | 1.3 MB/s | 00:02:47 left
[K259.46 MB/480.46 MB | =================                 54.00% | 1.3 MB/s | 00:02:47 left
[K259.55 MB/480.46 MB | =================                 54.02% | 1.3 MB/s | 00:02:47 left
[K259.67 MB/480.46 MB | =================                 54.05% | 1.3 MB/s | 00:02:47 left
[K259.76 MB/480.46 MB | =================                 54.07% | 1.3 MB/s | 00:02:47 left
[K259.89 MB/480.46 MB | =================                 54.09% | 1.3 MB/s | 00:02:47 left
[K260.01 MB/480.46 MB | =================                 54.12% | 1.3 MB/s | 00:02:47 left
[K260.13 MB/480.46 MB | =================                 54.14% | 1.3 MB/s | 00:02:47 left
[K260.24 MB/480.46 MB | =================                 54.17% | 1.3 MB/s | 00:02:47 left
[K260.41 MB/480.46 MB | =================                 54.20% | 1.4 MB/s | 00:02:34 left
[K260.53 MB/480.46 MB | =================                 54.23% | 1.4 MB/s | 00:02:34 left
[K260.67 MB/480.46 MB | =================                 54.25% | 1.4 MB/s | 00:02:34 left
[K260.75 MB/480.46 MB | =================                 54.27% | 1.4 MB/s | 00:02:34 left
[K260.82 MB/480.46 MB | =================                 54.29% | 1.4 MB/s | 00:02:34 left
[K260.87 MB/480.46 MB | =================                 54.30% | 1.4 MB/s | 00:02:34 left
[K260.94 MB/480.46 MB | =================                 54.31% | 1.4 MB/s | 00:02:34 left
[K261.03 MB/480.46 MB | =================                 54.33% | 1.4 MB/s | 00:02:34 left
[K261.14 MB/480.46 MB | =================                 54.35% | 1.4 MB/s | 00:02:34 left
[K261.23 MB/480.46 MB | =================                 54.37% | 1.4 MB/s | 00:02:34 left
[K261.29 MB/480.46 MB | =================                 54.38% | 943.6 KB/s | 00:03:52 left
[K261.39 MB/480.46 MB | =================                 54.41% | 943.6 KB/s | 00:03:52 left
[K261.49 MB/480.46 MB | =================                 54.42% | 943.6 KB/s | 00:03:52 left
[K261.59 MB/480.46 MB | =================                 54.45% | 943.6 KB/s | 00:03:52 left
[K261.68 MB/480.46 MB | =================                 54.47% | 943.6 KB/s | 00:03:52 left
[K261.76 MB/480.46 MB | =================                 54.48% | 943.6 KB/s | 00:03:52 left
[K261.89 MB/480.46 MB | =================                 54.51% | 943.6 KB/s | 00:03:52 left
[K261.94 MB/480.46 MB | =================                 54.52% | 943.6 KB/s | 00:03:52 left
[K262.00 MB/480.46 MB | =================                 54.53% | 943.6 KB/s | 00:03:52 left
[K262.07 MB/480.46 MB | ==================                54.55% | 943.6 KB/s | 00:03:52 left
[K262.16 MB/480.46 MB | ==================                54.56% | 913.3 KB/s | 00:03:59 left
[K262.25 MB/480.46 MB | ==================                54.58% | 913.3 KB/s | 00:03:59 left
[K262.35 MB/480.46 MB | ==================                54.60% | 913.3 KB/s | 00:03:59 left
[K262.45 MB/480.46 MB | ==================                54.62% | 913.3 KB/s | 00:03:59 left
[K262.60 MB/480.46 MB | ==================                54.66% | 913.3 KB/s | 00:03:59 left
[K262.69 MB/480.46 MB | ==================                54.67% | 913.3 KB/s | 00:03:59 left
[K262.77 MB/480.46 MB | ==================                54.69% | 913.3 KB/s | 00:03:59 left
[K262.85 MB/480.46 MB | ==================                54.71% | 913.3 KB/s | 00:03:59 left
[K262.93 MB/480.46 MB | ==================                54.73% | 913.3 KB/s | 00:03:59 left
[K263.03 MB/480.46 MB | ==================                54.75% | 913.3 KB/s | 00:03:59 left
[K263.14 MB/480.46 MB | ==================                54.77% | 913.3 KB/s | 00:03:59 left
[K263.29 MB/480.46 MB | ==================                54.80% | 1.1 MB/s | 00:03:12 left
[K263.43 MB/480.46 MB | ==================                54.83% | 1.1 MB/s | 00:03:12 left
[K263.57 MB/480.46 MB | ==================                54.86% | 1.1 MB/s | 00:03:12 left
[K263.69 MB/480.46 MB | ==================                54.88% | 1.1 MB/s | 00:03:12 left
[K263.79 MB/480.46 MB | ==================                54.90% | 1.1 MB/s | 00:03:12 left
[K263.86 MB/480.46 MB | ==================                54.92% | 1.1 MB/s | 00:03:12 left
[K263.93 MB/480.46 MB | ==================                54.93% | 1.1 MB/s | 00:03:12 left
[K264.02 MB/480.46 MB | ==================                54.95% | 1.1 MB/s | 00:03:12 left
[K264.08 MB/480.46 MB | ==================                54.96% | 1.1 MB/s | 00:03:12 left
[K264.15 MB/480.46 MB | ==================                54.98% | 1.1 MB/s | 00:03:12 left
[K264.25 MB/480.46 MB | ==================                55.00% | 942.1 KB/s | 00:03:49 left
[K264.31 MB/480.46 MB | ==================                55.01% | 942.1 KB/s | 00:03:49 left
[K264.40 MB/480.46 MB | ==================                55.03% | 942.1 KB/s | 00:03:49 left
[K264.53 MB/480.46 MB | ==================                55.06% | 942.1 KB/s | 00:03:49 left
[K264.65 MB/480.46 MB | ==================                55.08% | 942.1 KB/s | 00:03:49 left
[K264.78 MB/480.46 MB | ==================                55.11% | 942.1 KB/s | 00:03:49 left
[K264.94 MB/480.46 MB | ==================                55.14% | 942.1 KB/s | 00:03:49 left
[K265.08 MB/480.46 MB | ==================                55.17% | 942.1 KB/s | 00:03:49 left
[K265.22 MB/480.46 MB | ==================                55.20% | 942.1 KB/s | 00:03:49 left
[K265.40 MB/480.46 MB | ==================                55.24% | 942.1 KB/s | 00:03:49 left
[K265.57 MB/480.46 MB | ==================                55.27% | 942.1 KB/s | 00:03:49 left
[K265.68 MB/480.46 MB | ==================                55.30% | 1.4 MB/s | 00:02:30 left
[K265.80 MB/480.46 MB | ==================                55.32% | 1.4 MB/s | 00:02:30 left
[K265.95 MB/480.46 MB | ==================                55.35% | 1.4 MB/s | 00:02:30 left
[K266.09 MB/480.46 MB | ==================                55.38% | 1.4 MB/s | 00:02:30 left
[K266.21 MB/480.46 MB | ==================                55.41% | 1.4 MB/s | 00:02:30 left
[K266.28 MB/480.46 MB | ==================                55.42% | 1.4 MB/s | 00:02:30 left
[K266.33 MB/480.46 MB | ==================                55.43% | 1.4 MB/s | 00:02:30 left
[K266.36 MB/480.46 MB | ==================                55.44% | 1.4 MB/s | 00:02:30 left
[K266.41 MB/480.46 MB | ==================                55.45% | 1.4 MB/s | 00:02:30 left
[K266.47 MB/480.46 MB | ==================                55.46% | 853.4 KB/s | 00:04:11 left
[K266.53 MB/480.46 MB | ==================                55.47% | 853.4 KB/s | 00:04:11 left
[K266.58 MB/480.46 MB | ==================                55.49% | 853.4 KB/s | 00:04:11 left
[K266.62 MB/480.46 MB | ==================                55.49% | 853.4 KB/s | 00:04:11 left
[K266.67 MB/480.46 MB | ==================                55.50% | 853.4 KB/s | 00:04:11 left
[K266.71 MB/480.46 MB | ==================                55.51% | 853.4 KB/s | 00:04:11 left
[K266.75 MB/480.46 MB | ==================                55.52% | 853.4 KB/s | 00:04:11 left
[K266.78 MB/480.46 MB | ==================                55.53% | 853.4 KB/s | 00:04:11 left
[K266.84 MB/480.46 MB | ==================                55.54% | 853.4 KB/s | 00:04:11 left
[K266.89 MB/480.46 MB | ==================                55.55% | 853.4 KB/s | 00:04:11 left
[K266.98 MB/480.46 MB | ==================                55.57% | 853.4 KB/s | 00:04:11 left
[K267.06 MB/480.46 MB | ==================                55.58% | 655.1 KB/s | 00:05:26 left
[K267.19 MB/480.46 MB | ==================                55.61% | 655.1 KB/s | 00:05:26 left
[K267.38 MB/480.46 MB | ==================                55.65% | 655.1 KB/s | 00:05:26 left
[K267.57 MB/480.46 MB | ==================                55.69% | 655.1 KB/s | 00:05:26 left
[K267.78 MB/480.46 MB | ==================                55.73% | 655.1 KB/s | 00:05:26 left
[K267.95 MB/480.46 MB | ==================                55.77% | 655.1 KB/s | 00:05:26 left
[K268.11 MB/480.46 MB | ==================                55.80% | 655.1 KB/s | 00:05:26 left
[K268.18 MB/480.46 MB | ==================                55.82% | 655.1 KB/s | 00:05:26 left
[K268.23 MB/480.46 MB | ==================                55.83% | 655.1 KB/s | 00:05:26 left
[K268.27 MB/480.46 MB | ==================                55.84% | 1.2 MB/s | 00:02:56 left
[K268.31 MB/480.46 MB | ==================                55.85% | 1.2 MB/s | 00:02:56 left
[K268.37 MB/480.46 MB | ==================                55.86% | 1.2 MB/s | 00:02:56 left
[K268.42 MB/480.46 MB | ==================                55.87% | 1.2 MB/s | 00:02:56 left
[K268.49 MB/480.46 MB | ==================                55.88% | 1.2 MB/s | 00:02:56 left
[K268.55 MB/480.46 MB | ==================                55.90% | 1.2 MB/s | 00:02:56 left
[K268.62 MB/480.46 MB | ==================                55.91% | 1.2 MB/s | 00:02:56 left
[K268.70 MB/480.46 MB | ==================                55.93% | 1.2 MB/s | 00:02:56 left
[K268.79 MB/480.46 MB | ==================                55.94% | 1.2 MB/s | 00:02:56 left
[K268.87 MB/480.46 MB | ==================                55.96% | 1.2 MB/s | 00:02:56 left
[K268.93 MB/480.46 MB | ==================                55.97% | 1.2 MB/s | 00:02:56 left
[K269.02 MB/480.46 MB | ==================                55.99% | 768.0 KB/s | 00:04:35 left
[K269.09 MB/480.46 MB | ==================                56.01% | 768.0 KB/s | 00:04:35 left
[K269.17 MB/480.46 MB | ==================                56.02% | 768.0 KB/s | 00:04:35 left
[K269.27 MB/480.46 MB | ==================                56.04% | 768.0 KB/s | 00:04:35 left
[K269.39 MB/480.46 MB | ==================                56.07% | 768.0 KB/s | 00:04:35 left
[K269.52 MB/480.46 MB | ==================                56.10% | 768.0 KB/s | 00:04:35 left
[K269.63 MB/480.46 MB | ==================                56.12% | 768.0 KB/s | 00:04:35 left
[K269.74 MB/480.46 MB | ==================                56.14% | 768.0 KB/s | 00:04:35 left
[K269.87 MB/480.46 MB | ==================                56.17% | 768.0 KB/s | 00:04:35 left
[K269.98 MB/480.46 MB | ==================                56.19% | 768.0 KB/s | 00:04:35 left
[K270.11 MB/480.46 MB | ==================                56.22% | 768.0 KB/s | 00:04:35 left
[K270.20 MB/480.46 MB | ==================                56.24% | 1.3 MB/s | 00:02:47 left
[K270.34 MB/480.46 MB | ==================                56.27% | 1.3 MB/s | 00:02:47 left
[K270.46 MB/480.46 MB | ==================                56.29% | 1.3 MB/s | 00:02:47 left
[K270.57 MB/480.46 MB | ==================                56.31% | 1.3 MB/s | 00:02:47 left
[K270.68 MB/480.46 MB | ==================                56.34% | 1.3 MB/s | 00:02:47 left
[K270.83 MB/480.46 MB | ==================                56.37% | 1.3 MB/s | 00:02:47 left
[K270.93 MB/480.46 MB | ==================                56.39% | 1.3 MB/s | 00:02:47 left
[K271.01 MB/480.46 MB | ==================                56.41% | 1.3 MB/s | 00:02:47 left
[K271.07 MB/480.46 MB | ==================                56.42% | 1.3 MB/s | 00:02:47 left
[K271.17 MB/480.46 MB | ==================                56.44% | 1.1 MB/s | 00:03:18 left
[K271.22 MB/480.46 MB | ==================                56.45% | 1.1 MB/s | 00:03:18 left
[K271.27 MB/480.46 MB | ==================                56.46% | 1.1 MB/s | 00:03:18 left
[K271.35 MB/480.46 MB | ==================                56.48% | 1.1 MB/s | 00:03:18 left
[K271.44 MB/480.46 MB | ==================                56.50% | 1.1 MB/s | 00:03:18 left
[K271.50 MB/480.46 MB | ==================                56.51% | 1.1 MB/s | 00:03:18 left
[K271.58 MB/480.46 MB | ==================                56.52% | 1.1 MB/s | 00:03:18 left
[K271.62 MB/480.46 MB | ==================                56.53% | 1.1 MB/s | 00:03:18 left
[K271.65 MB/480.46 MB | ==================                56.54% | 1.1 MB/s | 00:03:18 left
[K271.71 MB/480.46 MB | ==================                56.55% | 1.1 MB/s | 00:03:18 left
[K271.79 MB/480.46 MB | ==================                56.57% | 1.1 MB/s | 00:03:18 left
[K271.88 MB/480.46 MB | ==================                56.59% | 748.3 KB/s | 00:04:39 left
[K272.00 MB/480.46 MB | ==================                56.61% | 748.3 KB/s | 00:04:39 left
[K272.15 MB/480.46 MB | ==================                56.64% | 748.3 KB/s | 00:04:39 left
[K272.34 MB/480.46 MB | ==================                56.68% | 748.3 KB/s | 00:04:39 left
[K272.43 MB/480.46 MB | ==================                56.70% | 748.3 KB/s | 00:04:39 left
[K272.52 MB/480.46 MB | ==================                56.72% | 748.3 KB/s | 00:04:39 left
[K272.63 MB/480.46 MB | ==================                56.74% | 748.3 KB/s | 00:04:39 left
[K272.74 MB/480.46 MB | ==================                56.77% | 748.3 KB/s | 00:04:39 left
[K272.87 MB/480.46 MB | ==================                56.79% | 748.3 KB/s | 00:04:39 left
[K273.01 MB/480.46 MB | ==================                56.82% | 748.3 KB/s | 00:04:39 left
[K273.10 MB/480.46 MB | ==================                56.84% | 1.3 MB/s | 00:02:41 left
[K273.25 MB/480.46 MB | ==================                56.87% | 1.3 MB/s | 00:02:41 left
[K273.36 MB/480.46 MB | ==================                56.90% | 1.3 MB/s | 00:02:41 left
[K273.43 MB/480.46 MB | ==================                56.91% | 1.3 MB/s | 00:02:41 left
[K273.50 MB/480.46 MB | ==================                56.93% | 1.3 MB/s | 00:02:41 left
[K273.58 MB/480.46 MB | ==================                56.94% | 1.3 MB/s | 00:02:41 left
[K273.67 MB/480.46 MB | ==================                56.96% | 1.3 MB/s | 00:02:41 left
[K273.75 MB/480.46 MB | ==================                56.98% | 1.3 MB/s | 00:02:41 left
[K273.86 MB/480.46 MB | ==================                57.00% | 1.3 MB/s | 00:02:41 left
[K273.98 MB/480.46 MB | ==================                57.03% | 1.3 MB/s | 00:02:41 left
[K274.13 MB/480.46 MB | ==================                57.06% | 1.1 MB/s | 00:03:02 left
[K274.25 MB/480.46 MB | ==================                57.08% | 1.1 MB/s | 00:03:02 left
[K274.34 MB/480.46 MB | ==================                57.10% | 1.1 MB/s | 00:03:02 left
[K274.47 MB/480.46 MB | ==================                57.13% | 1.1 MB/s | 00:03:02 left
[K274.54 MB/480.46 MB | ==================                57.14% | 1.1 MB/s | 00:03:02 left
[K274.65 MB/480.46 MB | ==================                57.16% | 1.1 MB/s | 00:03:02 left
[K274.74 MB/480.46 MB | ==================                57.18% | 1.1 MB/s | 00:03:02 left
[K274.85 MB/480.46 MB | ==================                57.21% | 1.1 MB/s | 00:03:02 left
[K275.01 MB/480.46 MB | ==================                57.24% | 1.1 MB/s | 00:03:02 left
[K275.13 MB/480.46 MB | ==================                57.26% | 1.1 MB/s | 00:03:02 left
[K275.26 MB/480.46 MB | ==================                57.29% | 1.2 MB/s | 00:02:47 left
[K275.37 MB/480.46 MB | ==================                57.32% | 1.2 MB/s | 00:02:47 left
[K275.48 MB/480.46 MB | ==================                57.34% | 1.2 MB/s | 00:02:47 left
[K275.57 MB/480.46 MB | ==================                57.36% | 1.2 MB/s | 00:02:47 left
[K275.69 MB/480.46 MB | ==================                57.38% | 1.2 MB/s | 00:02:47 left
[K275.82 MB/480.46 MB | ==================                57.41% | 1.2 MB/s | 00:02:47 left
[K275.91 MB/480.46 MB | ==================                57.43% | 1.2 MB/s | 00:02:47 left
[K276.03 MB/480.46 MB | ==================                57.45% | 1.2 MB/s | 00:02:47 left
[K276.16 MB/480.46 MB | ==================                57.48% | 1.2 MB/s | 00:02:47 left
[K276.30 MB/480.46 MB | ==================                57.51% | 1.2 MB/s | 00:02:47 left
[K276.44 MB/480.46 MB | ==================                57.54% | 1.2 MB/s | 00:02:47 left
[K276.61 MB/480.46 MB | ==================                57.57% | 1.3 MB/s | 00:02:33 left
[K276.73 MB/480.46 MB | ===================               57.60% | 1.3 MB/s | 00:02:33 left
[K276.79 MB/480.46 MB | ===================               57.61% | 1.3 MB/s | 00:02:33 left
[K276.88 MB/480.46 MB | ===================               57.63% | 1.3 MB/s | 00:02:33 left
[K276.96 MB/480.46 MB | ===================               57.64% | 1.3 MB/s | 00:02:33 left
[K277.05 MB/480.46 MB | ===================               57.66% | 1.3 MB/s | 00:02:33 left
[K277.16 MB/480.46 MB | ===================               57.69% | 1.3 MB/s | 00:02:33 left
[K277.27 MB/480.46 MB | ===================               57.71% | 1.3 MB/s | 00:02:33 left
[K277.45 MB/480.46 MB | ===================               57.75% | 1.3 MB/s | 00:02:33 left
[K277.61 MB/480.46 MB | ===================               57.78% | 1.3 MB/s | 00:02:33 left
[K277.78 MB/480.46 MB | ===================               57.82% | 1.4 MB/s | 00:02:24 left
[K277.92 MB/480.46 MB | ===================               57.85% | 1.4 MB/s | 00:02:24 left
[K278.05 MB/480.46 MB | ===================               57.87% | 1.4 MB/s | 00:02:24 left
[K278.15 MB/480.46 MB | ===================               57.89% | 1.4 MB/s | 00:02:24 left
[K278.28 MB/480.46 MB | ===================               57.92% | 1.4 MB/s | 00:02:24 left
[K278.39 MB/480.46 MB | ===================               57.94% | 1.4 MB/s | 00:02:24 left
[K278.53 MB/480.46 MB | ===================               57.97% | 1.4 MB/s | 00:02:24 left
[K278.65 MB/480.46 MB | ===================               58.00% | 1.4 MB/s | 00:02:24 left
[K278.80 MB/480.46 MB | ===================               58.03% | 1.4 MB/s | 00:02:24 left
[K278.90 MB/480.46 MB | ===================               58.05% | 1.4 MB/s | 00:02:24 left
[K278.98 MB/480.46 MB | ===================               58.07% | 1.2 MB/s | 00:02:42 left
[K279.06 MB/480.46 MB | ===================               58.08% | 1.2 MB/s | 00:02:42 left
[K279.13 MB/480.46 MB | ===================               58.10% | 1.2 MB/s | 00:02:42 left
[K279.22 MB/480.46 MB | ===================               58.12% | 1.2 MB/s | 00:02:42 left
[K279.30 MB/480.46 MB | ===================               58.13% | 1.2 MB/s | 00:02:42 left
[K279.39 MB/480.46 MB | ===================               58.15% | 1.2 MB/s | 00:02:42 left
[K279.52 MB/480.46 MB | ===================               58.18% | 1.2 MB/s | 00:02:42 left
[K279.60 MB/480.46 MB | ===================               58.19% | 1.2 MB/s | 00:02:42 left
[K279.72 MB/480.46 MB | ===================               58.22% | 1.2 MB/s | 00:02:42 left
[K279.79 MB/480.46 MB | ===================               58.23% | 911.6 KB/s | 00:03:40 left
[K279.83 MB/480.46 MB | ===================               58.24% | 911.6 KB/s | 00:03:40 left
[K279.89 MB/480.46 MB | ===================               58.26% | 911.6 KB/s | 00:03:40 left
[K279.94 MB/480.46 MB | ===================               58.27% | 911.6 KB/s | 00:03:40 left
[K280.00 MB/480.46 MB | ===================               58.28% | 911.6 KB/s | 00:03:40 left
[K280.06 MB/480.46 MB | ===================               58.29% | 911.6 KB/s | 00:03:40 left
[K280.13 MB/480.46 MB | ===================               58.30% | 911.6 KB/s | 00:03:40 left
[K280.19 MB/480.46 MB | ===================               58.32% | 911.6 KB/s | 00:03:40 left
[K280.25 MB/480.46 MB | ===================               58.33% | 911.6 KB/s | 00:03:40 left
[K280.30 MB/480.46 MB | ===================               58.34% | 911.6 KB/s | 00:03:40 left
[K280.39 MB/480.46 MB | ===================               58.36% | 911.6 KB/s | 00:03:40 left
[K280.48 MB/480.46 MB | ===================               58.38% | 911.6 KB/s | 00:03:40 left
[K280.59 MB/480.46 MB | ===================               58.40% | 768.1 KB/s | 00:04:20 left
[K280.70 MB/480.46 MB | ===================               58.42% | 768.1 KB/s | 00:04:20 left
[K280.82 MB/480.46 MB | ===================               58.45% | 768.1 KB/s | 00:04:20 left
[K280.92 MB/480.46 MB | ===================               58.47% | 768.1 KB/s | 00:04:20 left
[K281.03 MB/480.46 MB | ===================               58.49% | 768.1 KB/s | 00:04:20 left
[K281.15 MB/480.46 MB | ===================               58.52% | 768.1 KB/s | 00:04:20 left
[K281.30 MB/480.46 MB | ===================               58.55% | 768.1 KB/s | 00:04:20 left
[K281.38 MB/480.46 MB | ===================               58.56% | 768.1 KB/s | 00:04:20 left
[K281.50 MB/480.46 MB | ===================               58.59% | 768.1 KB/s | 00:04:20 left
[K281.60 MB/480.46 MB | ===================               58.61% | 768.1 KB/s | 00:04:20 left
[K281.72 MB/480.46 MB | ===================               58.64% | 1.2 MB/s | 00:02:44 left
[K281.82 MB/480.46 MB | ===================               58.66% | 1.2 MB/s | 00:02:44 left
[K281.92 MB/480.46 MB | ===================               58.68% | 1.2 MB/s | 00:02:44 left
[K282.04 MB/480.46 MB | ===================               58.70% | 1.2 MB/s | 00:02:44 left
[K282.14 MB/480.46 MB | ===================               58.72% | 1.2 MB/s | 00:02:44 left
[K282.21 MB/480.46 MB | ===================               58.74% | 1.2 MB/s | 00:02:44 left
[K282.28 MB/480.46 MB | ===================               58.75% | 1.2 MB/s | 00:02:44 left
[K282.36 MB/480.46 MB | ===================               58.77% | 1.2 MB/s | 00:02:44 left
[K282.43 MB/480.46 MB | ===================               58.78% | 1.2 MB/s | 00:02:44 left
[K282.52 MB/480.46 MB | ===================               58.80% | 1.2 MB/s | 00:02:44 left
[K282.65 MB/480.46 MB | ===================               58.83% | 1.2 MB/s | 00:02:44 left
[K282.78 MB/480.46 MB | ===================               58.86% | 992.3 KB/s | 00:03:19 left
[K282.86 MB/480.46 MB | ===================               58.87% | 992.3 KB/s | 00:03:19 left
[K282.94 MB/480.46 MB | ===================               58.89% | 992.3 KB/s | 00:03:19 left
[K283.05 MB/480.46 MB | ===================               58.91% | 992.3 KB/s | 00:03:19 left
[K283.16 MB/480.46 MB | ===================               58.94% | 992.3 KB/s | 00:03:19 left
[K283.28 MB/480.46 MB | ===================               58.96% | 992.3 KB/s | 00:03:19 left
[K283.39 MB/480.46 MB | ===================               58.98% | 992.3 KB/s | 00:03:19 left
[K283.52 MB/480.46 MB | ===================               59.01% | 992.3 KB/s | 00:03:19 left
[K283.67 MB/480.46 MB | ===================               59.04% | 992.3 KB/s | 00:03:19 left
[K283.79 MB/480.46 MB | ===================               59.07% | 992.3 KB/s | 00:03:19 left
[K283.94 MB/480.46 MB | ===================               59.10% | 992.3 KB/s | 00:03:19 left
[K284.06 MB/480.46 MB | ===================               59.12% | 1.3 MB/s | 00:02:26 left
[K284.22 MB/480.46 MB | ===================               59.16% | 1.3 MB/s | 00:02:26 left
[K284.34 MB/480.46 MB | ===================               59.18% | 1.3 MB/s | 00:02:26 left
[K284.46 MB/480.46 MB | ===================               59.21% | 1.3 MB/s | 00:02:26 left
[K284.64 MB/480.46 MB | ===================               59.24% | 1.3 MB/s | 00:02:26 left
[K284.74 MB/480.46 MB | ===================               59.26% | 1.3 MB/s | 00:02:26 left
[K284.89 MB/480.46 MB | ===================               59.29% | 1.3 MB/s | 00:02:26 left
[K284.99 MB/480.46 MB | ===================               59.32% | 1.3 MB/s | 00:02:26 left
[K285.06 MB/480.46 MB | ===================               59.33% | 1.3 MB/s | 00:02:26 left
[K285.14 MB/480.46 MB | ===================               59.35% | 1.3 MB/s | 00:02:26 left
[K285.24 MB/480.46 MB | ===================               59.37% | 1.2 MB/s | 00:02:36 left
[K285.34 MB/480.46 MB | ===================               59.39% | 1.2 MB/s | 00:02:36 left
[K285.46 MB/480.46 MB | ===================               59.41% | 1.2 MB/s | 00:02:36 left
[K285.63 MB/480.46 MB | ===================               59.45% | 1.2 MB/s | 00:02:36 left
[K285.76 MB/480.46 MB | ===================               59.48% | 1.2 MB/s | 00:02:36 left
[K285.93 MB/480.46 MB | ===================               59.51% | 1.2 MB/s | 00:02:36 left
[K286.08 MB/480.46 MB | ===================               59.54% | 1.2 MB/s | 00:02:36 left
[K286.21 MB/480.46 MB | ===================               59.57% | 1.2 MB/s | 00:02:36 left
[K286.31 MB/480.46 MB | ===================               59.59% | 1.2 MB/s | 00:02:36 left
[K286.43 MB/480.46 MB | ===================               59.62% | 1.2 MB/s | 00:02:36 left
[K286.51 MB/480.46 MB | ===================               59.63% | 1.3 MB/s | 00:02:27 left
[K286.59 MB/480.46 MB | ===================               59.65% | 1.3 MB/s | 00:02:27 left
[K286.70 MB/480.46 MB | ===================               59.67% | 1.3 MB/s | 00:02:27 left
[K286.82 MB/480.46 MB | ===================               59.70% | 1.3 MB/s | 00:02:27 left
[K286.95 MB/480.46 MB | ===================               59.73% | 1.3 MB/s | 00:02:27 left
[K287.05 MB/480.46 MB | ===================               59.75% | 1.3 MB/s | 00:02:27 left
[K287.20 MB/480.46 MB | ===================               59.78% | 1.3 MB/s | 00:02:27 left
[K287.29 MB/480.46 MB | ===================               59.80% | 1.3 MB/s | 00:02:27 left
[K287.37 MB/480.46 MB | ===================               59.81% | 1.3 MB/s | 00:02:27 left
[K287.44 MB/480.46 MB | ===================               59.83% | 997.4 KB/s | 00:03:14 left
[K287.48 MB/480.46 MB | ===================               59.84% | 997.4 KB/s | 00:03:14 left
[K287.53 MB/480.46 MB | ===================               59.85% | 997.4 KB/s | 00:03:14 left
[K287.58 MB/480.46 MB | ===================               59.85% | 997.4 KB/s | 00:03:14 left
[K287.60 MB/480.46 MB | ===================               59.86% | 997.4 KB/s | 00:03:14 left
[K287.64 MB/480.46 MB | ===================               59.87% | 997.4 KB/s | 00:03:14 left
[K287.71 MB/480.46 MB | ===================               59.88% | 997.4 KB/s | 00:03:14 left
[K287.76 MB/480.46 MB | ===================               59.89% | 997.4 KB/s | 00:03:14 left
[K287.83 MB/480.46 MB | ===================               59.91% | 997.4 KB/s | 00:03:14 left
[K287.90 MB/480.46 MB | ===================               59.92% | 997.4 KB/s | 00:03:14 left
[K287.96 MB/480.46 MB | ===================               59.93% | 997.4 KB/s | 00:03:14 left
[K288.05 MB/480.46 MB | ===================               59.95% | 997.4 KB/s | 00:03:14 left
[K288.13 MB/480.46 MB | ===================               59.97% | 685.1 KB/s | 00:04:41 left
[K288.23 MB/480.46 MB | ===================               59.99% | 685.1 KB/s | 00:04:41 left
[K288.32 MB/480.46 MB | ===================               60.01% | 685.1 KB/s | 00:04:41 left
[K288.45 MB/480.46 MB | ===================               60.04% | 685.1 KB/s | 00:04:41 left
[K288.56 MB/480.46 MB | ===================               60.06% | 685.1 KB/s | 00:04:41 left
[K288.73 MB/480.46 MB | ===================               60.09% | 685.1 KB/s | 00:04:41 left
[K288.83 MB/480.46 MB | ===================               60.12% | 685.1 KB/s | 00:04:41 left
[K288.90 MB/480.46 MB | ===================               60.13% | 685.1 KB/s | 00:04:41 left
[K288.99 MB/480.46 MB | ===================               60.15% | 685.1 KB/s | 00:04:41 left
[K289.06 MB/480.46 MB | ===================               60.16% | 685.1 KB/s | 00:04:41 left
[K289.14 MB/480.46 MB | ===================               60.18% | 1.1 MB/s | 00:02:51 left
[K289.23 MB/480.46 MB | ===================               60.20% | 1.1 MB/s | 00:02:51 left
[K289.29 MB/480.46 MB | ===================               60.21% | 1.1 MB/s | 00:02:51 left
[K289.37 MB/480.46 MB | ===================               60.23% | 1.1 MB/s | 00:02:51 left
[K289.45 MB/480.46 MB | ===================               60.24% | 1.1 MB/s | 00:02:51 left
[K289.56 MB/480.46 MB | ===================               60.27% | 1.1 MB/s | 00:02:51 left
[K289.64 MB/480.46 MB | ===================               60.28% | 1.1 MB/s | 00:02:51 left
[K289.74 MB/480.46 MB | ===================               60.31% | 1.1 MB/s | 00:02:51 left
[K289.83 MB/480.46 MB | ===================               60.32% | 1.1 MB/s | 00:02:51 left
[K289.88 MB/480.46 MB | ===================               60.33% | 862.6 KB/s | 00:03:41 left
[K289.93 MB/480.46 MB | ===================               60.34% | 862.6 KB/s | 00:03:41 left
[K289.99 MB/480.46 MB | ===================               60.36% | 862.6 KB/s | 00:03:41 left
[K290.03 MB/480.46 MB | ===================               60.37% | 862.6 KB/s | 00:03:41 left
[K290.07 MB/480.46 MB | ===================               60.37% | 862.6 KB/s | 00:03:41 left
[K290.13 MB/480.46 MB | ===================               60.39% | 862.6 KB/s | 00:03:41 left
[K290.20 MB/480.46 MB | ===================               60.40% | 862.6 KB/s | 00:03:41 left
[K290.30 MB/480.46 MB | ===================               60.42% | 862.6 KB/s | 00:03:41 left
[K290.46 MB/480.46 MB | ===================               60.46% | 862.6 KB/s | 00:03:41 left
[K290.63 MB/480.46 MB | ===================               60.49% | 862.6 KB/s | 00:03:41 left
[K290.85 MB/480.46 MB | ===================               60.54% | 862.6 KB/s | 00:03:41 left
[K291.05 MB/480.46 MB | ===================               60.58% | 862.6 KB/s | 00:03:41 left
[K291.25 MB/480.46 MB | ====================              60.62% | 1.3 MB/s | 00:02:22 left
[K291.45 MB/480.46 MB | ====================              60.66% | 1.3 MB/s | 00:02:22 left
[K291.67 MB/480.46 MB | ====================              60.71% | 1.3 MB/s | 00:02:22 left
[K291.89 MB/480.46 MB | ====================              60.75% | 1.3 MB/s | 00:02:22 left
[K292.17 MB/480.46 MB | ====================              60.81% | 1.3 MB/s | 00:02:22 left
[K292.36 MB/480.46 MB | ====================              60.85% | 1.3 MB/s | 00:02:22 left
[K292.50 MB/480.46 MB | ====================              60.88% | 1.3 MB/s | 00:02:22 left
[K292.65 MB/480.46 MB | ====================              60.91% | 1.3 MB/s | 00:02:22 left
[K292.77 MB/480.46 MB | ====================              60.94% | 1.3 MB/s | 00:02:22 left
[K292.85 MB/480.46 MB | ====================              60.95% | 1.6 MB/s | 00:01:55 left
[K292.91 MB/480.46 MB | ====================              60.96% | 1.6 MB/s | 00:01:55 left
[K292.99 MB/480.46 MB | ====================              60.98% | 1.6 MB/s | 00:01:55 left
[K293.05 MB/480.46 MB | ====================              60.99% | 1.6 MB/s | 00:01:55 left
[K293.12 MB/480.46 MB | ====================              61.01% | 1.6 MB/s | 00:01:55 left
[K293.21 MB/480.46 MB | ====================              61.03% | 1.6 MB/s | 00:01:55 left
[K293.25 MB/480.46 MB | ====================              61.04% | 1.6 MB/s | 00:01:55 left
[K293.31 MB/480.46 MB | ====================              61.05% | 1.6 MB/s | 00:01:55 left
[K293.36 MB/480.46 MB | ====================              61.06% | 1.6 MB/s | 00:01:55 left
[K293.45 MB/480.46 MB | ====================              61.08% | 1.6 MB/s | 00:01:55 left
[K293.56 MB/480.46 MB | ====================              61.10% | 1.6 MB/s | 00:01:55 left
[K293.66 MB/480.46 MB | ====================              61.12% | 804.1 KB/s | 00:03:52 left
[K293.79 MB/480.46 MB | ====================              61.15% | 804.1 KB/s | 00:03:52 left
[K293.88 MB/480.46 MB | ====================              61.17% | 804.1 KB/s | 00:03:52 left
[K293.98 MB/480.46 MB | ====================              61.19% | 804.1 KB/s | 00:03:52 left
[K294.12 MB/480.46 MB | ====================              61.22% | 804.1 KB/s | 00:03:52 left
[K294.22 MB/480.46 MB | ====================              61.24% | 804.1 KB/s | 00:03:52 left
[K294.36 MB/480.46 MB | ====================              61.27% | 804.1 KB/s | 00:03:52 left
[K294.53 MB/480.46 MB | ====================              61.30% | 804.1 KB/s | 00:03:52 left
[K294.72 MB/480.46 MB | ====================              61.34% | 804.1 KB/s | 00:03:52 left
[K294.87 MB/480.46 MB | ====================              61.37% | 804.1 KB/s | 00:03:52 left
[K295.01 MB/480.46 MB | ====================              61.40% | 804.1 KB/s | 00:03:52 left
[K295.19 MB/480.46 MB | ====================              61.44% | 1.5 MB/s | 00:02:00 left
[K295.32 MB/480.46 MB | ====================              61.47% | 1.5 MB/s | 00:02:00 left
[K295.52 MB/480.46 MB | ====================              61.51% | 1.5 MB/s | 00:02:00 left
[K295.65 MB/480.46 MB | ====================              61.53% | 1.5 MB/s | 00:02:00 left
[K295.79 MB/480.46 MB | ====================              61.56% | 1.5 MB/s | 00:02:00 left
[K295.87 MB/480.46 MB | ====================              61.58% | 1.5 MB/s | 00:02:00 left
[K295.94 MB/480.46 MB | ====================              61.60% | 1.5 MB/s | 00:02:00 left
[K296.04 MB/480.46 MB | ====================              61.62% | 1.5 MB/s | 00:02:00 left
[K296.12 MB/480.46 MB | ====================              61.63% | 1.5 MB/s | 00:02:00 left
[K296.23 MB/480.46 MB | ====================              61.66% | 1.5 MB/s | 00:02:00 left
[K296.33 MB/480.46 MB | ====================              61.68% | 1.5 MB/s | 00:02:00 left
[K296.46 MB/480.46 MB | ====================              61.70% | 1.2 MB/s | 00:02:33 left
[K296.60 MB/480.46 MB | ====================              61.73% | 1.2 MB/s | 00:02:33 left
[K296.71 MB/480.46 MB | ====================              61.76% | 1.2 MB/s | 00:02:33 left
[K296.80 MB/480.46 MB | ====================              61.77% | 1.2 MB/s | 00:02:33 left
[K296.93 MB/480.46 MB | ====================              61.80% | 1.2 MB/s | 00:02:33 left
[K297.05 MB/480.46 MB | ====================              61.83% | 1.2 MB/s | 00:02:33 left
[K297.19 MB/480.46 MB | ====================              61.86% | 1.2 MB/s | 00:02:33 left
[K297.35 MB/480.46 MB | ====================              61.89% | 1.2 MB/s | 00:02:33 left
[K297.51 MB/480.46 MB | ====================              61.92% | 1.2 MB/s | 00:02:33 left
[K297.74 MB/480.46 MB | ====================              61.97% | 1.2 MB/s | 00:02:33 left
[K297.88 MB/480.46 MB | ====================              62.00% | 1.6 MB/s | 00:01:55 left
[K298.00 MB/480.46 MB | ====================              62.02% | 1.6 MB/s | 00:01:55 left
[K298.14 MB/480.46 MB | ====================              62.05% | 1.6 MB/s | 00:01:55 left
[K298.30 MB/480.46 MB | ====================              62.09% | 1.6 MB/s | 00:01:55 left
[K298.48 MB/480.46 MB | ====================              62.12% | 1.6 MB/s | 00:01:55 left
[K298.74 MB/480.46 MB | ====================              62.18% | 1.6 MB/s | 00:01:55 left
[K298.99 MB/480.46 MB | ====================              62.23% | 1.6 MB/s | 00:01:55 left
[K299.27 MB/480.46 MB | ====================              62.29% | 1.6 MB/s | 00:01:55 left
[K299.47 MB/480.46 MB | ====================              62.33% | 1.6 MB/s | 00:01:55 left
[K299.63 MB/480.46 MB | ====================              62.36% | 1.6 MB/s | 00:01:55 left
[K299.80 MB/480.46 MB | ====================              62.40% | 1.6 MB/s | 00:01:55 left
[K299.97 MB/480.46 MB | ====================              62.43% | 1.5 MB/s | 00:02:04 left
[K300.00 MB/480.46 MB | ====================              62.44% | 1.5 MB/s | 00:02:04 left
[K300.04 MB/480.46 MB | ====================              62.45% | 1.5 MB/s | 00:02:04 left
[K300.12 MB/480.46 MB | ====================              62.46% | 1.5 MB/s | 00:02:04 left
[K300.22 MB/480.46 MB | ====================              62.49% | 1.5 MB/s | 00:02:04 left
[K300.34 MB/480.46 MB | ====================              62.51% | 1.5 MB/s | 00:02:04 left
[K300.46 MB/480.46 MB | ====================              62.54% | 1.5 MB/s | 00:02:04 left
[K300.60 MB/480.46 MB | ====================              62.57% | 1.5 MB/s | 00:02:04 left
[K300.75 MB/480.46 MB | ====================              62.60% | 1.5 MB/s | 00:02:04 left
[K300.89 MB/480.46 MB | ====================              62.62% | 1.5 MB/s | 00:02:04 left
[K301.06 MB/480.46 MB | ====================              62.66% | 1.5 MB/s | 00:02:04 left
[K301.22 MB/480.46 MB | ====================              62.69% | 1.5 MB/s | 00:02:04 left
[K301.37 MB/480.46 MB | ====================              62.73% | 1.4 MB/s | 00:02:05 left
[K301.53 MB/480.46 MB | ====================              62.76% | 1.4 MB/s | 00:02:05 left
[K301.66 MB/480.46 MB | ====================              62.79% | 1.4 MB/s | 00:02:05 left
[K301.76 MB/480.46 MB | ====================              62.81% | 1.4 MB/s | 00:02:05 left
[K301.84 MB/480.46 MB | ====================              62.82% | 1.4 MB/s | 00:02:05 left
[K301.95 MB/480.46 MB | ====================              62.85% | 1.4 MB/s | 00:02:05 left
[K302.05 MB/480.46 MB | ====================              62.87% | 1.4 MB/s | 00:02:05 left
[K302.15 MB/480.46 MB | ====================              62.89% | 1.4 MB/s | 00:02:05 left
[K302.29 MB/480.46 MB | ====================              62.92% | 1.4 MB/s | 00:02:05 left
[K302.38 MB/480.46 MB | ====================              62.94% | 1.4 MB/s | 00:02:05 left
[K302.52 MB/480.46 MB | ====================              62.96% | 1.3 MB/s | 00:02:19 left
[K302.61 MB/480.46 MB | ====================              62.98% | 1.3 MB/s | 00:02:19 left
[K302.74 MB/480.46 MB | ====================              63.01% | 1.3 MB/s | 00:02:19 left
[K302.88 MB/480.46 MB | ====================              63.04% | 1.3 MB/s | 00:02:19 left
[K302.98 MB/480.46 MB | ====================              63.06% | 1.3 MB/s | 00:02:19 left
[K303.12 MB/480.46 MB | ====================              63.09% | 1.3 MB/s | 00:02:19 left
[K303.21 MB/480.46 MB | ====================              63.11% | 1.3 MB/s | 00:02:19 left
[K303.30 MB/480.46 MB | ====================              63.13% | 1.3 MB/s | 00:02:19 left
[K303.43 MB/480.46 MB | ====================              63.16% | 1.3 MB/s | 00:02:19 left
[K303.54 MB/480.46 MB | ====================              63.18% | 1.3 MB/s | 00:02:19 left
[K303.67 MB/480.46 MB | ====================              63.20% | 1.3 MB/s | 00:02:19 left
[K303.80 MB/480.46 MB | ====================              63.23% | 1.3 MB/s | 00:02:20 left
[K303.95 MB/480.46 MB | ====================              63.26% | 1.3 MB/s | 00:02:20 left
[K304.11 MB/480.46 MB | ====================              63.30% | 1.3 MB/s | 00:02:20 left
[K304.22 MB/480.46 MB | ====================              63.32% | 1.3 MB/s | 00:02:20 left
[K304.32 MB/480.46 MB | ====================              63.34% | 1.3 MB/s | 00:02:20 left
[K304.42 MB/480.46 MB | ====================              63.36% | 1.3 MB/s | 00:02:20 left
[K304.48 MB/480.46 MB | ====================              63.37% | 1.3 MB/s | 00:02:20 left
[K304.56 MB/480.46 MB | ====================              63.39% | 1.3 MB/s | 00:02:20 left
[K304.67 MB/480.46 MB | ====================              63.41% | 1.3 MB/s | 00:02:20 left
[K304.80 MB/480.46 MB | ====================              63.44% | 1.3 MB/s | 00:02:20 left
[K304.91 MB/480.46 MB | ====================              63.46% | 1.2 MB/s | 00:02:32 left
[K305.03 MB/480.46 MB | ====================              63.49% | 1.2 MB/s | 00:02:32 left
[K305.15 MB/480.46 MB | ====================              63.51% | 1.2 MB/s | 00:02:32 left
[K305.28 MB/480.46 MB | ====================              63.54% | 1.2 MB/s | 00:02:32 left
[K305.45 MB/480.46 MB | ====================              63.57% | 1.2 MB/s | 00:02:32 left
[K305.56 MB/480.46 MB | ====================              63.60% | 1.2 MB/s | 00:02:32 left
[K305.71 MB/480.46 MB | ====================              63.63% | 1.2 MB/s | 00:02:32 left
[K305.87 MB/480.46 MB | =====================             63.66% | 1.2 MB/s | 00:02:32 left
[K306.05 MB/480.46 MB | =====================             63.70% | 1.2 MB/s | 00:02:32 left
[K306.19 MB/480.46 MB | =====================             63.73% | 1.2 MB/s | 00:02:32 left
[K306.30 MB/480.46 MB | =====================             63.75% | 1.2 MB/s | 00:02:32 left
[K306.48 MB/480.46 MB | =====================             63.79% | 1.5 MB/s | 00:01:54 left
[K306.60 MB/480.46 MB | =====================             63.81% | 1.5 MB/s | 00:01:54 left
[K306.70 MB/480.46 MB | =====================             63.84% | 1.5 MB/s | 00:01:54 left
[K306.87 MB/480.46 MB | =====================             63.87% | 1.5 MB/s | 00:01:54 left
[K306.97 MB/480.46 MB | =====================             63.89% | 1.5 MB/s | 00:01:54 left
[K307.08 MB/480.46 MB | =====================             63.91% | 1.5 MB/s | 00:01:54 left
[K307.14 MB/480.46 MB | =====================             63.93% | 1.5 MB/s | 00:01:54 left
[K307.21 MB/480.46 MB | =====================             63.94% | 1.5 MB/s | 00:01:54 left
[K307.30 MB/480.46 MB | =====================             63.96% | 1.5 MB/s | 00:01:54 left
[K307.37 MB/480.46 MB | =====================             63.98% | 1.5 MB/s | 00:01:54 left
[K307.47 MB/480.46 MB | =====================             63.99% | 1.0 MB/s | 00:02:48 left
[K307.56 MB/480.46 MB | =====================             64.01% | 1.0 MB/s | 00:02:48 left
[K307.69 MB/480.46 MB | =====================             64.04% | 1.0 MB/s | 00:02:48 left
[K307.84 MB/480.46 MB | =====================             64.07% | 1.0 MB/s | 00:02:48 left
[K307.99 MB/480.46 MB | =====================             64.10% | 1.0 MB/s | 00:02:48 left
[K308.08 MB/480.46 MB | =====================             64.12% | 1.0 MB/s | 00:02:48 left
[K308.16 MB/480.46 MB | =====================             64.14% | 1.0 MB/s | 00:02:48 left
[K308.23 MB/480.46 MB | =====================             64.15% | 1.0 MB/s | 00:02:48 left
[K308.33 MB/480.46 MB | =====================             64.17% | 1.0 MB/s | 00:02:48 left
[K308.41 MB/480.46 MB | =====================             64.19% | 1.0 MB/s | 00:02:48 left
[K308.52 MB/480.46 MB | =====================             64.21% | 1.0 MB/s | 00:02:48 left
[K308.64 MB/480.46 MB | =====================             64.24% | 1.2 MB/s | 00:02:29 left
[K308.75 MB/480.46 MB | =====================             64.26% | 1.2 MB/s | 00:02:29 left
[K308.87 MB/480.46 MB | =====================             64.29% | 1.2 MB/s | 00:02:29 left
[K308.98 MB/480.46 MB | =====================             64.31% | 1.2 MB/s | 00:02:29 left
[K309.08 MB/480.46 MB | =====================             64.33% | 1.2 MB/s | 00:02:29 left
[K309.22 MB/480.46 MB | =====================             64.36% | 1.2 MB/s | 00:02:29 left
[K309.33 MB/480.46 MB | =====================             64.38% | 1.2 MB/s | 00:02:29 left
[K309.46 MB/480.46 MB | =====================             64.41% | 1.2 MB/s | 00:02:29 left
[K309.65 MB/480.46 MB | =====================             64.45% | 1.2 MB/s | 00:02:29 left
[K309.83 MB/480.46 MB | =====================             64.49% | 1.2 MB/s | 00:02:29 left
[K309.98 MB/480.46 MB | =====================             64.52% | 1.2 MB/s | 00:02:29 left
[K310.12 MB/480.46 MB | =====================             64.55% | 1.5 MB/s | 00:01:56 left
[K310.25 MB/480.46 MB | =====================             64.57% | 1.5 MB/s | 00:01:56 left
[K310.34 MB/480.46 MB | =====================             64.59% | 1.5 MB/s | 00:01:56 left
[K310.47 MB/480.46 MB | =====================             64.62% | 1.5 MB/s | 00:01:56 left
[K310.56 MB/480.46 MB | =====================             64.64% | 1.5 MB/s | 00:01:56 left
[K310.61 MB/480.46 MB | =====================             64.65% | 1.5 MB/s | 00:01:56 left
[K310.66 MB/480.46 MB | =====================             64.66% | 1.5 MB/s | 00:01:56 left
[K310.71 MB/480.46 MB | =====================             64.67% | 1.5 MB/s | 00:01:56 left
[K310.77 MB/480.46 MB | =====================             64.68% | 1.5 MB/s | 00:01:56 left
[K310.83 MB/480.46 MB | =====================             64.69% | 806.8 KB/s | 00:03:30 left
[K310.90 MB/480.46 MB | =====================             64.71% | 806.8 KB/s | 00:03:30 left
[K310.94 MB/480.46 MB | =====================             64.72% | 806.8 KB/s | 00:03:30 left
[K310.99 MB/480.46 MB | =====================             64.73% | 806.8 KB/s | 00:03:30 left
[K311.05 MB/480.46 MB | =====================             64.74% | 806.8 KB/s | 00:03:30 left
[K311.13 MB/480.46 MB | =====================             64.76% | 806.8 KB/s | 00:03:30 left
[K311.20 MB/480.46 MB | =====================             64.77% | 806.8 KB/s | 00:03:30 left
[K311.28 MB/480.46 MB | =====================             64.79% | 806.8 KB/s | 00:03:30 left
[K311.39 MB/480.46 MB | =====================             64.81% | 806.8 KB/s | 00:03:30 left
[K311.47 MB/480.46 MB | =====================             64.83% | 806.8 KB/s | 00:03:30 left
[K311.57 MB/480.46 MB | =====================             64.85% | 859.6 KB/s | 00:03:16 left
[K311.64 MB/480.46 MB | =====================             64.86% | 859.6 KB/s | 00:03:16 left
[K311.75 MB/480.46 MB | =====================             64.89% | 859.6 KB/s | 00:03:16 left
[K311.88 MB/480.46 MB | =====================             64.91% | 859.6 KB/s | 00:03:16 left
[K311.97 MB/480.46 MB | =====================             64.93% | 859.6 KB/s | 00:03:16 left
[K312.10 MB/480.46 MB | =====================             64.96% | 859.6 KB/s | 00:03:16 left
[K312.20 MB/480.46 MB | =====================             64.98% | 859.6 KB/s | 00:03:16 left
[K312.28 MB/480.46 MB | =====================             65.00% | 859.6 KB/s | 00:03:16 left
[K312.37 MB/480.46 MB | =====================             65.01% | 859.6 KB/s | 00:03:16 left
[K312.42 MB/480.46 MB | =====================             65.03% | 859.6 KB/s | 00:03:16 left
[K312.47 MB/480.46 MB | =====================             65.04% | 928.7 KB/s | 00:03:01 left
[K312.55 MB/480.46 MB | =====================             65.05% | 928.7 KB/s | 00:03:01 left
[K312.61 MB/480.46 MB | =====================             65.07% | 928.7 KB/s | 00:03:01 left
[K312.65 MB/480.46 MB | =====================             65.07% | 928.7 KB/s | 00:03:01 left
[K312.71 MB/480.46 MB | =====================             65.09% | 928.7 KB/s | 00:03:01 left
[K312.78 MB/480.46 MB | =====================             65.10% | 928.7 KB/s | 00:03:01 left
[K312.83 MB/480.46 MB | =====================             65.11% | 928.7 KB/s | 00:03:01 left
[K312.89 MB/480.46 MB | =====================             65.12% | 928.7 KB/s | 00:03:01 left
[K312.96 MB/480.46 MB | =====================             65.14% | 928.7 KB/s | 00:03:01 left
[K313.07 MB/480.46 MB | =====================             65.16% | 928.7 KB/s | 00:03:01 left
[K313.20 MB/480.46 MB | =====================             65.19% | 928.7 KB/s | 00:03:01 left
[K313.33 MB/480.46 MB | =====================             65.21% | 967.4 KB/s | 00:02:53 left
[K313.53 MB/480.46 MB | =====================             65.26% | 967.4 KB/s | 00:02:53 left
[K313.71 MB/480.46 MB | =====================             65.29% | 967.4 KB/s | 00:02:53 left
[K313.88 MB/480.46 MB | =====================             65.33% | 967.4 KB/s | 00:02:53 left
[K314.02 MB/480.46 MB | =====================             65.36% | 967.4 KB/s | 00:02:53 left
[K314.15 MB/480.46 MB | =====================             65.39% | 967.4 KB/s | 00:02:53 left
[K314.34 MB/480.46 MB | =====================             65.43% | 967.4 KB/s | 00:02:53 left
[K314.46 MB/480.46 MB | =====================             65.45% | 967.4 KB/s | 00:02:53 left
[K314.57 MB/480.46 MB | =====================             65.47% | 967.4 KB/s | 00:02:53 left
[K314.72 MB/480.46 MB | =====================             65.50% | 967.4 KB/s | 00:02:53 left
[K314.87 MB/480.46 MB | =====================             65.54% | 1.7 MB/s | 00:01:39 left
[K315.07 MB/480.46 MB | =====================             65.58% | 1.7 MB/s | 00:01:39 left
[K315.21 MB/480.46 MB | =====================             65.61% | 1.7 MB/s | 00:01:39 left
[K315.38 MB/480.46 MB | =====================             65.64% | 1.7 MB/s | 00:01:39 left
[K315.54 MB/480.46 MB | =====================             65.67% | 1.7 MB/s | 00:01:39 left
[K315.73 MB/480.46 MB | =====================             65.71% | 1.7 MB/s | 00:01:39 left
[K315.83 MB/480.46 MB | =====================             65.74% | 1.7 MB/s | 00:01:39 left
[K315.92 MB/480.46 MB | =====================             65.75% | 1.7 MB/s | 00:01:39 left
[K316.05 MB/480.46 MB | =====================             65.78% | 1.7 MB/s | 00:01:39 left
[K316.16 MB/480.46 MB | =====================             65.80% | 1.7 MB/s | 00:01:39 left
[K316.32 MB/480.46 MB | =====================             65.84% | 1.5 MB/s | 00:01:48 left
[K316.44 MB/480.46 MB | =====================             65.86% | 1.5 MB/s | 00:01:48 left
[K316.63 MB/480.46 MB | =====================             65.90% | 1.5 MB/s | 00:01:48 left
[K316.75 MB/480.46 MB | =====================             65.93% | 1.5 MB/s | 00:01:48 left
[K316.91 MB/480.46 MB | =====================             65.96% | 1.5 MB/s | 00:01:48 left
[K317.10 MB/480.46 MB | =====================             66.00% | 1.5 MB/s | 00:01:48 left
[K317.25 MB/480.46 MB | =====================             66.03% | 1.5 MB/s | 00:01:48 left
[K317.43 MB/480.46 MB | =====================             66.07% | 1.5 MB/s | 00:01:48 left
[K317.62 MB/480.46 MB | =====================             66.11% | 1.5 MB/s | 00:01:48 left
[K317.77 MB/480.46 MB | =====================             66.14% | 1.5 MB/s | 00:01:48 left
[K317.96 MB/480.46 MB | =====================             66.18% | 1.7 MB/s | 00:01:36 left
[K318.10 MB/480.46 MB | =====================             66.21% | 1.7 MB/s | 00:01:36 left
[K318.25 MB/480.46 MB | =====================             66.24% | 1.7 MB/s | 00:01:36 left
[K318.47 MB/480.46 MB | =====================             66.28% | 1.7 MB/s | 00:01:36 left
[K318.71 MB/480.46 MB | =====================             66.34% | 1.7 MB/s | 00:01:36 left
[K318.94 MB/480.46 MB | =====================             66.38% | 1.7 MB/s | 00:01:36 left
[K319.17 MB/480.46 MB | =====================             66.43% | 1.7 MB/s | 00:01:36 left
[K319.45 MB/480.46 MB | =====================             66.49% | 1.7 MB/s | 00:01:36 left
[K319.59 MB/480.46 MB | =====================             66.52% | 1.7 MB/s | 00:01:36 left
[K319.80 MB/480.46 MB | =====================             66.56% | 1.7 MB/s | 00:01:36 left
[K320.01 MB/480.46 MB | =====================             66.61% | 1.7 MB/s | 00:01:36 left
[K320.25 MB/480.46 MB | =====================             66.66% | 2.2 MB/s | 00:01:14 left
[K320.39 MB/480.46 MB | ======================            66.68% | 2.2 MB/s | 00:01:14 left
[K320.50 MB/480.46 MB | ======================            66.71% | 2.2 MB/s | 00:01:14 left
[K320.59 MB/480.46 MB | ======================            66.73% | 2.2 MB/s | 00:01:14 left
[K320.71 MB/480.46 MB | ======================            66.75% | 2.2 MB/s | 00:01:14 left
[K320.85 MB/480.46 MB | ======================            66.78% | 2.2 MB/s | 00:01:14 left
[K321.00 MB/480.46 MB | ======================            66.81% | 2.2 MB/s | 00:01:14 left
[K321.13 MB/480.46 MB | ======================            66.84% | 2.2 MB/s | 00:01:14 left
[K321.27 MB/480.46 MB | ======================            66.87% | 2.2 MB/s | 00:01:14 left
[K321.37 MB/480.46 MB | ======================            66.89% | 2.2 MB/s | 00:01:14 left
[K321.49 MB/480.46 MB | ======================            66.91% | 1.3 MB/s | 00:01:59 left
[K321.58 MB/480.46 MB | ======================            66.93% | 1.3 MB/s | 00:01:59 left
[K321.70 MB/480.46 MB | ======================            66.96% | 1.3 MB/s | 00:01:59 left
[K321.82 MB/480.46 MB | ======================            66.98% | 1.3 MB/s | 00:01:59 left
[K322.00 MB/480.46 MB | ======================            67.02% | 1.3 MB/s | 00:01:59 left
[K322.16 MB/480.46 MB | ======================            67.05% | 1.3 MB/s | 00:01:59 left
[K322.36 MB/480.46 MB | ======================            67.09% | 1.3 MB/s | 00:01:59 left
[K322.44 MB/480.46 MB | ======================            67.11% | 1.3 MB/s | 00:01:59 left
[K322.56 MB/480.46 MB | ======================            67.14% | 1.3 MB/s | 00:01:59 left
[K322.63 MB/480.46 MB | ======================            67.15% | 1.3 MB/s | 00:01:59 left
[K322.72 MB/480.46 MB | ======================            67.17% | 1.2 MB/s | 00:02:09 left
[K322.81 MB/480.46 MB | ======================            67.19% | 1.2 MB/s | 00:02:09 left
[K322.96 MB/480.46 MB | ======================            67.22% | 1.2 MB/s | 00:02:09 left
[K323.08 MB/480.46 MB | ======================            67.24% | 1.2 MB/s | 00:02:09 left
[K323.18 MB/480.46 MB | ======================            67.27% | 1.2 MB/s | 00:02:09 left
[K323.28 MB/480.46 MB | ======================            67.29% | 1.2 MB/s | 00:02:09 left
[K323.40 MB/480.46 MB | ======================            67.31% | 1.2 MB/s | 00:02:09 left
[K323.48 MB/480.46 MB | ======================            67.33% | 1.2 MB/s | 00:02:09 left
[K323.55 MB/480.46 MB | ======================            67.34% | 1.2 MB/s | 00:02:09 left
[K323.66 MB/480.46 MB | ======================            67.36% | 1.2 MB/s | 00:02:09 left
[K323.78 MB/480.46 MB | ======================            67.39% | 1.2 MB/s | 00:02:09 left
[K323.95 MB/480.46 MB | ======================            67.43% | 1.2 MB/s | 00:02:10 left
[K324.08 MB/480.46 MB | ======================            67.45% | 1.2 MB/s | 00:02:10 left
[K324.24 MB/480.46 MB | ======================            67.49% | 1.2 MB/s | 00:02:10 left
[K324.39 MB/480.46 MB | ======================            67.52% | 1.2 MB/s | 00:02:10 left
[K324.52 MB/480.46 MB | ======================            67.54% | 1.2 MB/s | 00:02:10 left
[K324.62 MB/480.46 MB | ======================            67.56% | 1.2 MB/s | 00:02:10 left
[K324.70 MB/480.46 MB | ======================            67.58% | 1.2 MB/s | 00:02:10 left
[K324.83 MB/480.46 MB | ======================            67.61% | 1.2 MB/s | 00:02:10 left
[K324.98 MB/480.46 MB | ======================            67.64% | 1.2 MB/s | 00:02:10 left
[K325.08 MB/480.46 MB | ======================            67.66% | 1.2 MB/s | 00:02:10 left
[K325.22 MB/480.46 MB | ======================            67.69% | 1.3 MB/s | 00:01:58 left
[K325.34 MB/480.46 MB | ======================            67.71% | 1.3 MB/s | 00:01:58 left
[K325.47 MB/480.46 MB | ======================            67.74% | 1.3 MB/s | 00:01:58 left
[K325.58 MB/480.46 MB | ======================            67.77% | 1.3 MB/s | 00:01:58 left
[K325.73 MB/480.46 MB | ======================            67.80% | 1.3 MB/s | 00:01:58 left
[K325.83 MB/480.46 MB | ======================            67.82% | 1.3 MB/s | 00:01:58 left
[K325.97 MB/480.46 MB | ======================            67.85% | 1.3 MB/s | 00:01:58 left
[K326.15 MB/480.46 MB | ======================            67.88% | 1.3 MB/s | 00:01:58 left
[K326.36 MB/480.46 MB | ======================            67.93% | 1.3 MB/s | 00:01:58 left
[K326.54 MB/480.46 MB | ======================            67.96% | 1.3 MB/s | 00:01:58 left
[K326.69 MB/480.46 MB | ======================            67.99% | 1.6 MB/s | 00:01:38 left
[K326.80 MB/480.46 MB | ======================            68.02% | 1.6 MB/s | 00:01:38 left
[K326.91 MB/480.46 MB | ======================            68.04% | 1.6 MB/s | 00:01:38 left
[K327.04 MB/480.46 MB | ======================            68.07% | 1.6 MB/s | 00:01:38 left
[K327.12 MB/480.46 MB | ======================            68.09% | 1.6 MB/s | 00:01:38 left
[K327.23 MB/480.46 MB | ======================            68.11% | 1.6 MB/s | 00:01:38 left
[K327.35 MB/480.46 MB | ======================            68.13% | 1.6 MB/s | 00:01:38 left
[K327.45 MB/480.46 MB | ======================            68.15% | 1.6 MB/s | 00:01:38 left
[K327.59 MB/480.46 MB | ======================            68.18% | 1.6 MB/s | 00:01:38 left
[K327.76 MB/480.46 MB | ======================            68.22% | 665.0 KB/s | 00:03:50 left
[K327.78 MB/480.46 MB | ======================            68.22% | 665.0 KB/s | 00:03:50 left
[K327.81 MB/480.46 MB | ======================            68.23% | 665.0 KB/s | 00:03:50 left
[K327.85 MB/480.46 MB | ======================            68.24% | 665.0 KB/s | 00:03:50 left
[K327.91 MB/480.46 MB | ======================            68.25% | 665.0 KB/s | 00:03:50 left
[K328.01 MB/480.46 MB | ======================            68.27% | 665.0 KB/s | 00:03:50 left
[K328.15 MB/480.46 MB | ======================            68.30% | 665.0 KB/s | 00:03:50 left
[K328.33 MB/480.46 MB | ======================            68.34% | 665.0 KB/s | 00:03:50 left
[K328.51 MB/480.46 MB | ======================            68.37% | 665.0 KB/s | 00:03:50 left
[K328.63 MB/480.46 MB | ======================            68.40% | 665.0 KB/s | 00:03:50 left
[K328.76 MB/480.46 MB | ======================            68.43% | 665.0 KB/s | 00:03:50 left
[K328.87 MB/480.46 MB | ======================            68.45% | 665.0 KB/s | 00:03:50 left
[K328.97 MB/480.46 MB | ======================            68.47% | 665.0 KB/s | 00:03:50 left
[K329.06 MB/480.46 MB | ======================            68.49% | 1.3 MB/s | 00:01:56 left
[K329.13 MB/480.46 MB | ======================            68.50% | 1.3 MB/s | 00:01:56 left
[K329.23 MB/480.46 MB | ======================            68.53% | 1.3 MB/s | 00:01:56 left
[K329.23 MB/480.46 MB | ======================            68.53% | 0 B/s | ?? left
[K329.33 MB/480.46 MB | ======================            68.55% | ?? B/s | ?? left
[K329.34 MB/480.46 MB | ======================            68.55% | ?? B/s | ?? left
[K329.35 MB/480.46 MB | ======================            68.55% | ?? B/s | ?? left
[K329.37 MB/480.46 MB | ======================            68.55% | ?? B/s | ?? left
[K329.40 MB/480.46 MB | ======================            68.56% | ?? B/s | ?? left
[K329.45 MB/480.46 MB | ======================            68.57% | ?? B/s | ?? left
[K329.52 MB/480.46 MB | ======================            68.58% | ?? B/s | ?? left
[K329.57 MB/480.46 MB | ======================            68.59% | ?? B/s | ?? left
[K329.63 MB/480.46 MB | ======================            68.61% | ?? B/s | ?? left
[K329.71 MB/480.46 MB | ======================            68.62% | ?? B/s | ?? left
[K329.81 MB/480.46 MB | ======================            68.65% | ?? B/s | ?? left
[K329.93 MB/480.46 MB | ======================            68.67% | ?? B/s | ?? left
[K330.03 MB/480.46 MB | ======================            68.69% | ?? B/s | ?? left
[K330.13 MB/480.46 MB | ======================            68.71% | ?? B/s | ?? left
[K330.26 MB/480.46 MB | ======================            68.74% | ?? B/s | ?? left
[K330.45 MB/480.46 MB | ======================            68.78% | 1.1 MB/s | 00:02:12 left
[K330.58 MB/480.46 MB | ======================            68.81% | 1.1 MB/s | 00:02:12 left
[K330.75 MB/480.46 MB | ======================            68.84% | 1.1 MB/s | 00:02:12 left
[K330.86 MB/480.46 MB | ======================            68.86% | 1.1 MB/s | 00:02:12 left
[K330.99 MB/480.46 MB | ======================            68.89% | 1.1 MB/s | 00:02:12 left
[K331.15 MB/480.46 MB | ======================            68.92% | 1.1 MB/s | 00:02:12 left
[K331.33 MB/480.46 MB | ======================            68.96% | 1.1 MB/s | 00:02:12 left
[K331.48 MB/480.46 MB | ======================            68.99% | 1.1 MB/s | 00:02:12 left
[K331.62 MB/480.46 MB | ======================            69.02% | 1.1 MB/s | 00:02:12 left
[K331.78 MB/480.46 MB | ======================            69.06% | 1.1 MB/s | 00:02:12 left
[K331.92 MB/480.46 MB | ======================            69.08% | 1.5 MB/s | 00:01:38 left
[K332.03 MB/480.46 MB | ======================            69.11% | 1.5 MB/s | 00:01:38 left
[K332.16 MB/480.46 MB | ======================            69.13% | 1.5 MB/s | 00:01:38 left
[K332.36 MB/480.46 MB | ======================            69.18% | 1.5 MB/s | 00:01:38 left
[K332.48 MB/480.46 MB | ======================            69.20% | 1.5 MB/s | 00:01:38 left
[K332.60 MB/480.46 MB | ======================            69.23% | 1.5 MB/s | 00:01:38 left
[K332.74 MB/480.46 MB | ======================            69.25% | 1.5 MB/s | 00:01:38 left
[K332.86 MB/480.46 MB | ======================            69.28% | 1.5 MB/s | 00:01:38 left
[K333.03 MB/480.46 MB | ======================            69.31% | 1.5 MB/s | 00:01:38 left
[K333.12 MB/480.46 MB | ======================            69.33% | 1.3 MB/s | 00:01:56 left
[K333.18 MB/480.46 MB | ======================            69.35% | 1.3 MB/s | 00:01:56 left
[K333.27 MB/480.46 MB | ======================            69.36% | 1.3 MB/s | 00:01:56 left
[K333.34 MB/480.46 MB | ======================            69.38% | 1.3 MB/s | 00:01:56 left
[K333.43 MB/480.46 MB | ======================            69.40% | 1.3 MB/s | 00:01:56 left
[K333.51 MB/480.46 MB | ======================            69.41% | 1.3 MB/s | 00:01:56 left
[K333.60 MB/480.46 MB | ======================            69.43% | 1.3 MB/s | 00:01:56 left
[K333.74 MB/480.46 MB | ======================            69.46% | 1.3 MB/s | 00:01:56 left
[K333.85 MB/480.46 MB | ======================            69.49% | 1.3 MB/s | 00:01:56 left
[K333.98 MB/480.46 MB | ======================            69.51% | 1.3 MB/s | 00:01:56 left
[K334.18 MB/480.46 MB | ======================            69.56% | 1.3 MB/s | 00:01:56 left
[K334.43 MB/480.46 MB | ======================            69.61% | 1.3 MB/s | 00:01:56 left
[K334.63 MB/480.46 MB | ======================            69.65% | 1.4 MB/s | 00:01:44 left
[K334.78 MB/480.46 MB | ======================            69.68% | 1.4 MB/s | 00:01:44 left
[K334.89 MB/480.46 MB | =======================           69.70% | 1.4 MB/s | 00:01:44 left
[K334.99 MB/480.46 MB | =======================           69.72% | 1.4 MB/s | 00:01:44 left
[K335.06 MB/480.46 MB | =======================           69.74% | 1.4 MB/s | 00:01:44 left
[K335.14 MB/480.46 MB | =======================           69.75% | 1.4 MB/s | 00:01:44 left
[K335.23 MB/480.46 MB | =======================           69.77% | 1.4 MB/s | 00:01:44 left
[K335.34 MB/480.46 MB | =======================           69.80% | 1.4 MB/s | 00:01:44 left
[K335.47 MB/480.46 MB | =======================           69.82% | 1.4 MB/s | 00:01:44 left
[K335.57 MB/480.46 MB | =======================           69.84% | 1.4 MB/s | 00:01:44 left
[K335.65 MB/480.46 MB | =======================           69.86% | 1.0 MB/s | 00:02:19 left
[K335.71 MB/480.46 MB | =======================           69.87% | 1.0 MB/s | 00:02:19 left
[K335.80 MB/480.46 MB | =======================           69.89% | 1.0 MB/s | 00:02:19 left
[K335.90 MB/480.46 MB | =======================           69.91% | 1.0 MB/s | 00:02:19 left
[K336.00 MB/480.46 MB | =======================           69.93% | 1.0 MB/s | 00:02:19 left
[K336.07 MB/480.46 MB | =======================           69.95% | 1.0 MB/s | 00:02:19 left
[K336.13 MB/480.46 MB | =======================           69.96% | 1.0 MB/s | 00:02:19 left
[K336.20 MB/480.46 MB | =======================           69.98% | 1.0 MB/s | 00:02:19 left
[K336.29 MB/480.46 MB | =======================           69.99% | 1.0 MB/s | 00:02:19 left
[K336.39 MB/480.46 MB | =======================           70.02% | 1.0 MB/s | 00:02:19 left
[K336.49 MB/480.46 MB | =======================           70.04% | 1.0 MB/s | 00:02:19 left
[K336.58 MB/480.46 MB | =======================           70.05% | 947.5 KB/s | 00:02:32 left
[K336.71 MB/480.46 MB | =======================           70.08% | 947.5 KB/s | 00:02:32 left
[K336.80 MB/480.46 MB | =======================           70.10% | 947.5 KB/s | 00:02:32 left
[K336.94 MB/480.46 MB | =======================           70.13% | 947.5 KB/s | 00:02:32 left
[K337.04 MB/480.46 MB | =======================           70.15% | 947.5 KB/s | 00:02:32 left
[K337.16 MB/480.46 MB | =======================           70.18% | 947.5 KB/s | 00:02:32 left
[K337.27 MB/480.46 MB | =======================           70.20% | 947.5 KB/s | 00:02:32 left
[K337.43 MB/480.46 MB | =======================           70.23% | 947.5 KB/s | 00:02:32 left
[K337.51 MB/480.46 MB | =======================           70.25% | 947.5 KB/s | 00:02:32 left
[K337.63 MB/480.46 MB | =======================           70.27% | 947.5 KB/s | 00:02:32 left
[K337.72 MB/480.46 MB | =======================           70.29% | 1.2 MB/s | 00:01:55 left
[K337.86 MB/480.46 MB | =======================           70.32% | 1.2 MB/s | 00:01:55 left
[K338.02 MB/480.46 MB | =======================           70.35% | 1.2 MB/s | 00:01:55 left
[K338.14 MB/480.46 MB | =======================           70.38% | 1.2 MB/s | 00:01:55 left
[K338.30 MB/480.46 MB | =======================           70.41% | 1.2 MB/s | 00:01:55 left
[K338.41 MB/480.46 MB | =======================           70.44% | 1.2 MB/s | 00:01:55 left
[K338.52 MB/480.46 MB | =======================           70.46% | 1.2 MB/s | 00:01:55 left
[K338.61 MB/480.46 MB | =======================           70.48% | 1.2 MB/s | 00:01:55 left
[K338.69 MB/480.46 MB | =======================           70.49% | 1.2 MB/s | 00:01:55 left
[K338.80 MB/480.46 MB | =======================           70.52% | 1.2 MB/s | 00:01:55 left
[K338.88 MB/480.46 MB | =======================           70.53% | 1.2 MB/s | 00:01:54 left
[K339.01 MB/480.46 MB | =======================           70.56% | 1.2 MB/s | 00:01:54 left
[K339.13 MB/480.46 MB | =======================           70.58% | 1.2 MB/s | 00:01:54 left
[K339.25 MB/480.46 MB | =======================           70.61% | 1.2 MB/s | 00:01:54 left
[K339.34 MB/480.46 MB | =======================           70.63% | 1.2 MB/s | 00:01:54 left
[K339.43 MB/480.46 MB | =======================           70.65% | 1.2 MB/s | 00:01:54 left
[K339.51 MB/480.46 MB | =======================           70.66% | 1.2 MB/s | 00:01:54 left
[K339.57 MB/480.46 MB | =======================           70.68% | 1.2 MB/s | 00:01:54 left
[K339.64 MB/480.46 MB | =======================           70.69% | 1.2 MB/s | 00:01:54 left
[K339.72 MB/480.46 MB | =======================           70.71% | 1.2 MB/s | 00:01:54 left
[K339.78 MB/480.46 MB | =======================           70.72% | 864.8 KB/s | 00:02:43 left
[K339.82 MB/480.46 MB | =======================           70.73% | 864.8 KB/s | 00:02:43 left
[K339.87 MB/480.46 MB | =======================           70.74% | 864.8 KB/s | 00:02:43 left
[K339.94 MB/480.46 MB | =======================           70.75% | 864.8 KB/s | 00:02:43 left
[K340.01 MB/480.46 MB | =======================           70.77% | 864.8 KB/s | 00:02:43 left
[K340.04 MB/480.46 MB | =======================           70.78% | 864.8 KB/s | 00:02:43 left
[K340.08 MB/480.46 MB | =======================           70.78% | 864.8 KB/s | 00:02:43 left
[K340.11 MB/480.46 MB | =======================           70.79% | 864.8 KB/s | 00:02:43 left
[K340.17 MB/480.46 MB | =======================           70.80% | 864.8 KB/s | 00:02:43 left
[K340.23 MB/480.46 MB | =======================           70.81% | 864.8 KB/s | 00:02:43 left
[K340.29 MB/480.46 MB | =======================           70.83% | 864.8 KB/s | 00:02:43 left
[K340.36 MB/480.46 MB | =======================           70.84% | 590.6 KB/s | 00:03:57 left
[K340.42 MB/480.46 MB | =======================           70.85% | 590.6 KB/s | 00:03:57 left
[K340.48 MB/480.46 MB | =======================           70.87% | 590.6 KB/s | 00:03:57 left
[K340.57 MB/480.46 MB | =======================           70.88% | 590.6 KB/s | 00:03:57 left
[K340.64 MB/480.46 MB | =======================           70.90% | 590.6 KB/s | 00:03:57 left
[K340.76 MB/480.46 MB | =======================           70.92% | 590.6 KB/s | 00:03:57 left
[K340.84 MB/480.46 MB | =======================           70.94% | 590.6 KB/s | 00:03:57 left
[K340.93 MB/480.46 MB | =======================           70.96% | 590.6 KB/s | 00:03:57 left
[K340.98 MB/480.46 MB | =======================           70.97% | 590.6 KB/s | 00:03:57 left
[K341.05 MB/480.46 MB | =======================           70.98% | 590.6 KB/s | 00:03:57 left
[K341.09 MB/480.46 MB | =======================           70.99% | 785.9 KB/s | 00:02:57 left
[K341.15 MB/480.46 MB | =======================           71.00% | 785.9 KB/s | 00:02:57 left
[K341.21 MB/480.46 MB | =======================           71.02% | 785.9 KB/s | 00:02:57 left
[K341.27 MB/480.46 MB | =======================           71.03% | 785.9 KB/s | 00:02:57 left
[K341.33 MB/480.46 MB | =======================           71.04% | 785.9 KB/s | 00:02:57 left
[K341.37 MB/480.46 MB | =======================           71.05% | 785.9 KB/s | 00:02:57 left
[K341.42 MB/480.46 MB | =======================           71.06% | 785.9 KB/s | 00:02:57 left
[K341.45 MB/480.46 MB | =======================           71.07% | 785.9 KB/s | 00:02:57 left
[K341.49 MB/480.46 MB | =======================           71.08% | 785.9 KB/s | 00:02:57 left
[K341.55 MB/480.46 MB | =======================           71.09% | 785.9 KB/s | 00:02:57 left
[K341.62 MB/480.46 MB | =======================           71.10% | 554.5 KB/s | 00:04:10 left
[K341.68 MB/480.46 MB | =======================           71.11% | 554.5 KB/s | 00:04:10 left
[K341.75 MB/480.46 MB | =======================           71.13% | 554.5 KB/s | 00:04:10 left
[K341.81 MB/480.46 MB | =======================           71.14% | 554.5 KB/s | 00:04:10 left
[K341.91 MB/480.46 MB | =======================           71.16% | 554.5 KB/s | 00:04:10 left
[K342.05 MB/480.46 MB | =======================           71.19% | 554.5 KB/s | 00:04:10 left
[K342.14 MB/480.46 MB | =======================           71.21% | 554.5 KB/s | 00:04:10 left
[K342.26 MB/480.46 MB | =======================           71.24% | 554.5 KB/s | 00:04:10 left
[K342.35 MB/480.46 MB | =======================           71.26% | 554.5 KB/s | 00:04:10 left
[K342.43 MB/480.46 MB | =======================           71.27% | 554.5 KB/s | 00:04:10 left
[K342.54 MB/480.46 MB | =======================           71.29% | 554.5 KB/s | 00:04:10 left
[K342.66 MB/480.46 MB | =======================           71.32% | 554.5 KB/s | 00:04:10 left
[K342.82 MB/480.46 MB | =======================           71.35% | 1.1 MB/s | 00:02:06 left
[K342.95 MB/480.46 MB | =======================           71.38% | 1.1 MB/s | 00:02:06 left
[K343.09 MB/480.46 MB | =======================           71.41% | 1.1 MB/s | 00:02:06 left
[K343.24 MB/480.46 MB | =======================           71.44% | 1.1 MB/s | 00:02:06 left
[K343.36 MB/480.46 MB | =======================           71.46% | 1.1 MB/s | 00:02:06 left
[K343.52 MB/480.46 MB | =======================           71.50% | 1.1 MB/s | 00:02:06 left
[K343.61 MB/480.46 MB | =======================           71.52% | 1.1 MB/s | 00:02:06 left
[K343.70 MB/480.46 MB | =======================           71.54% | 1.1 MB/s | 00:02:06 left
[K343.80 MB/480.46 MB | =======================           71.56% | 1.1 MB/s | 00:02:06 left
[K343.94 MB/480.46 MB | =======================           71.59% | 1.1 MB/s | 00:02:06 left
[K344.10 MB/480.46 MB | =======================           71.62% | 1.4 MB/s | 00:01:40 left
[K344.24 MB/480.46 MB | =======================           71.65% | 1.4 MB/s | 00:01:40 left
[K344.34 MB/480.46 MB | =======================           71.67% | 1.4 MB/s | 00:01:40 left
[K344.42 MB/480.46 MB | =======================           71.69% | 1.4 MB/s | 00:01:40 left
[K344.54 MB/480.46 MB | =======================           71.71% | 1.4 MB/s | 00:01:40 left
[K344.66 MB/480.46 MB | =======================           71.74% | 1.4 MB/s | 00:01:40 left
[K344.76 MB/480.46 MB | =======================           71.76% | 1.4 MB/s | 00:01:40 left
[K344.83 MB/480.46 MB | =======================           71.77% | 1.4 MB/s | 00:01:40 left
[K344.92 MB/480.46 MB | =======================           71.79% | 1.4 MB/s | 00:01:40 left
[K345.01 MB/480.46 MB | =======================           71.81% | 1.4 MB/s | 00:01:40 left
[K345.12 MB/480.46 MB | =======================           71.83% | 1.1 MB/s | 00:02:08 left
[K345.19 MB/480.46 MB | =======================           71.85% | 1.1 MB/s | 00:02:08 left
[K345.27 MB/480.46 MB | =======================           71.86% | 1.1 MB/s | 00:02:08 left
[K345.36 MB/480.46 MB | =======================           71.88% | 1.1 MB/s | 00:02:08 left
[K345.46 MB/480.46 MB | =======================           71.90% | 1.1 MB/s | 00:02:08 left
[K345.61 MB/480.46 MB | =======================           71.93% | 1.1 MB/s | 00:02:08 left
[K345.74 MB/480.46 MB | =======================           71.96% | 1.1 MB/s | 00:02:08 left
[K345.85 MB/480.46 MB | =======================           71.98% | 1.1 MB/s | 00:02:08 left
[K346.03 MB/480.46 MB | =======================           72.02% | 1.1 MB/s | 00:02:08 left
[K346.14 MB/480.46 MB | =======================           72.04% | 1.1 MB/s | 00:02:08 left
[K346.27 MB/480.46 MB | =======================           72.07% | 1.1 MB/s | 00:02:08 left
[K346.37 MB/480.46 MB | =======================           72.09% | 1.3 MB/s | 00:01:47 left
[K346.45 MB/480.46 MB | =======================           72.11% | 1.3 MB/s | 00:01:47 left
[K346.50 MB/480.46 MB | =======================           72.12% | 1.3 MB/s | 00:01:47 left
[K346.56 MB/480.46 MB | =======================           72.13% | 1.3 MB/s | 00:01:47 left
[K346.63 MB/480.46 MB | =======================           72.15% | 1.3 MB/s | 00:01:47 left
[K346.68 MB/480.46 MB | =======================           72.16% | 1.3 MB/s | 00:01:47 left
[K346.76 MB/480.46 MB | =======================           72.17% | 1.3 MB/s | 00:01:47 left
[K346.82 MB/480.46 MB | =======================           72.19% | 1.3 MB/s | 00:01:47 left
[K346.86 MB/480.46 MB | =======================           72.19% | 1.3 MB/s | 00:01:47 left
[K346.90 MB/480.46 MB | =======================           72.20% | 1.3 MB/s | 00:01:47 left
[K346.95 MB/480.46 MB | =======================           72.21% | 663.3 KB/s | 00:03:21 left
[K347.02 MB/480.46 MB | =======================           72.23% | 663.3 KB/s | 00:03:21 left
[K347.09 MB/480.46 MB | =======================           72.24% | 663.3 KB/s | 00:03:21 left
[K347.16 MB/480.46 MB | =======================           72.26% | 663.3 KB/s | 00:03:21 left
[K347.21 MB/480.46 MB | =======================           72.27% | 663.3 KB/s | 00:03:21 left
[K347.25 MB/480.46 MB | =======================           72.28% | 663.3 KB/s | 00:03:21 left
[K347.31 MB/480.46 MB | =======================           72.29% | 663.3 KB/s | 00:03:21 left
[K347.37 MB/480.46 MB | =======================           72.30% | 663.3 KB/s | 00:03:21 left
[K347.42 MB/480.46 MB | =======================           72.31% | 663.3 KB/s | 00:03:21 left
[K347.47 MB/480.46 MB | =======================           72.32% | 663.3 KB/s | 00:03:21 left
[K347.54 MB/480.46 MB | =======================           72.34% | 663.3 KB/s | 00:03:21 left
[K347.62 MB/480.46 MB | =======================           72.35% | 709.2 KB/s | 00:03:07 left
[K347.71 MB/480.46 MB | =======================           72.37% | 709.2 KB/s | 00:03:07 left
[K347.81 MB/480.46 MB | =======================           72.39% | 709.2 KB/s | 00:03:07 left
[K347.91 MB/480.46 MB | =======================           72.41% | 709.2 KB/s | 00:03:07 left
[K347.98 MB/480.46 MB | =======================           72.43% | 709.2 KB/s | 00:03:07 left
[K348.04 MB/480.46 MB | =======================           72.44% | 709.2 KB/s | 00:03:07 left
[K348.10 MB/480.46 MB | =======================           72.45% | 709.2 KB/s | 00:03:07 left
[K348.14 MB/480.46 MB | =======================           72.46% | 709.2 KB/s | 00:03:07 left
[K348.18 MB/480.46 MB | =======================           72.47% | 709.2 KB/s | 00:03:07 left
[K348.22 MB/480.46 MB | =======================           72.48% | 617.6 KB/s | 00:03:34 left
[K348.24 MB/480.46 MB | =======================           72.48% | 617.6 KB/s | 00:03:34 left
[K348.28 MB/480.46 MB | =======================           72.49% | 617.6 KB/s | 00:03:34 left
[K348.33 MB/480.46 MB | =======================           72.50% | 617.6 KB/s | 00:03:34 left
[K348.41 MB/480.46 MB | =======================           72.52% | 617.6 KB/s | 00:03:34 left
[K348.49 MB/480.46 MB | =======================           72.53% | 617.6 KB/s | 00:03:34 left
[K348.53 MB/480.46 MB | =======================           72.54% | 617.6 KB/s | 00:03:34 left
[K348.59 MB/480.46 MB | =======================           72.55% | 617.6 KB/s | 00:03:34 left
[K348.66 MB/480.46 MB | =======================           72.57% | 617.6 KB/s | 00:03:34 left
[K348.73 MB/480.46 MB | =======================           72.58% | 617.6 KB/s | 00:03:34 left
[K348.78 MB/480.46 MB | =======================           72.59% | 617.6 KB/s | 00:03:34 left
[K348.86 MB/480.46 MB | =======================           72.61% | 617.6 KB/s | 00:03:34 left
[K348.93 MB/480.46 MB | =======================           72.62% | 671.8 KB/s | 00:03:16 left
[K348.98 MB/480.46 MB | =======================           72.64% | 671.8 KB/s | 00:03:16 left
[K349.06 MB/480.46 MB | =======================           72.65% | 671.8 KB/s | 00:03:16 left
[K349.12 MB/480.46 MB | =======================           72.66% | 671.8 KB/s | 00:03:16 left
[K349.20 MB/480.46 MB | =======================           72.68% | 671.8 KB/s | 00:03:16 left
[K349.29 MB/480.46 MB | =======================           72.70% | 671.8 KB/s | 00:03:16 left
[K349.39 MB/480.46 MB | =======================           72.72% | 671.8 KB/s | 00:03:16 left
[K349.51 MB/480.46 MB | ========================          72.74% | 671.8 KB/s | 00:03:16 left
[K349.62 MB/480.46 MB | ========================          72.77% | 671.8 KB/s | 00:03:16 left
[K349.71 MB/480.46 MB | ========================          72.79% | 671.8 KB/s | 00:03:16 left
[K349.84 MB/480.46 MB | ========================          72.81% | 671.8 KB/s | 00:03:16 left
[K349.96 MB/480.46 MB | ========================          72.84% | 1.0 MB/s | 00:02:08 left
[K350.06 MB/480.46 MB | ========================          72.86% | 1.0 MB/s | 00:02:08 left
[K350.15 MB/480.46 MB | ========================          72.88% | 1.0 MB/s | 00:02:08 left
[K350.23 MB/480.46 MB | ========================          72.89% | 1.0 MB/s | 00:02:08 left
[K350.30 MB/480.46 MB | ========================          72.91% | 1.0 MB/s | 00:02:08 left
[K350.37 MB/480.46 MB | ========================          72.92% | 1.0 MB/s | 00:02:08 left
[K350.46 MB/480.46 MB | ========================          72.94% | 1.0 MB/s | 00:02:08 left
[K350.53 MB/480.46 MB | ========================          72.96% | 1.0 MB/s | 00:02:08 left
[K350.58 MB/480.46 MB | ========================          72.97% | 1.0 MB/s | 00:02:08 left
[K350.62 MB/480.46 MB | ========================          72.98% | 716.7 KB/s | 00:03:01 left
[K350.65 MB/480.46 MB | ========================          72.98% | 716.7 KB/s | 00:03:01 left
[K350.70 MB/480.46 MB | ========================          72.99% | 716.7 KB/s | 00:03:01 left
[K350.74 MB/480.46 MB | ========================          73.00% | 716.7 KB/s | 00:03:01 left
[K350.78 MB/480.46 MB | ========================          73.01% | 716.7 KB/s | 00:03:01 left
[K350.84 MB/480.46 MB | ========================          73.02% | 716.7 KB/s | 00:03:01 left
[K350.91 MB/480.46 MB | ========================          73.04% | 716.7 KB/s | 00:03:01 left
[K351.00 MB/480.46 MB | ========================          73.06% | 716.7 KB/s | 00:03:01 left
[K351.12 MB/480.46 MB | ========================          73.08% | 716.7 KB/s | 00:03:01 left
[K351.29 MB/480.46 MB | ========================          73.12% | 716.7 KB/s | 00:03:01 left
[K351.43 MB/480.46 MB | ========================          73.15% | 716.7 KB/s | 00:03:01 left
[K351.60 MB/480.46 MB | ========================          73.18% | 716.7 KB/s | 00:03:01 left
[K351.73 MB/480.46 MB | ========================          73.21% | 1.1 MB/s | 00:01:57 left
[K351.86 MB/480.46 MB | ========================          73.24% | 1.1 MB/s | 00:01:57 left
[K351.95 MB/480.46 MB | ========================          73.25% | 1.1 MB/s | 00:01:57 left
[K352.05 MB/480.46 MB | ========================          73.27% | 1.1 MB/s | 00:01:57 left
[K352.20 MB/480.46 MB | ========================          73.31% | 1.1 MB/s | 00:01:57 left
[K352.39 MB/480.46 MB | ========================          73.34% | 1.1 MB/s | 00:01:57 left
[K352.48 MB/480.46 MB | ========================          73.36% | 1.1 MB/s | 00:01:57 left
[K352.58 MB/480.46 MB | ========================          73.38% | 1.1 MB/s | 00:01:57 left
[K352.64 MB/480.46 MB | ========================          73.40% | 1.1 MB/s | 00:01:57 left
[K352.71 MB/480.46 MB | ========================          73.41% | 1.1 MB/s | 00:01:59 left
[K352.77 MB/480.46 MB | ========================          73.42% | 1.1 MB/s | 00:01:59 left
[K352.83 MB/480.46 MB | ========================          73.44% | 1.1 MB/s | 00:01:59 left
[K352.88 MB/480.46 MB | ========================          73.45% | 1.1 MB/s | 00:01:59 left
[K352.92 MB/480.46 MB | ========================          73.46% | 1.1 MB/s | 00:01:59 left
[K352.99 MB/480.46 MB | ========================          73.47% | 1.1 MB/s | 00:01:59 left
[K353.05 MB/480.46 MB | ========================          73.48% | 1.1 MB/s | 00:01:59 left
[K353.14 MB/480.46 MB | ========================          73.50% | 1.1 MB/s | 00:01:59 left
[K353.20 MB/480.46 MB | ========================          73.51% | 1.1 MB/s | 00:01:59 left
[K353.27 MB/480.46 MB | ========================          73.53% | 1.1 MB/s | 00:01:59 left
[K353.38 MB/480.46 MB | ========================          73.55% | 698.5 KB/s | 00:03:02 left
[K353.42 MB/480.46 MB | ========================          73.56% | 698.5 KB/s | 00:03:02 left
[K353.48 MB/480.46 MB | ========================          73.57% | 698.5 KB/s | 00:03:02 left
[K353.53 MB/480.46 MB | ========================          73.58% | 698.5 KB/s | 00:03:02 left
[K353.60 MB/480.46 MB | ========================          73.60% | 698.5 KB/s | 00:03:02 left
[K353.65 MB/480.46 MB | ========================          73.61% | 698.5 KB/s | 00:03:02 left
[K353.72 MB/480.46 MB | ========================          73.62% | 698.5 KB/s | 00:03:02 left
[K353.79 MB/480.46 MB | ========================          73.64% | 698.5 KB/s | 00:03:02 left
[K353.84 MB/480.46 MB | ========================          73.65% | 698.5 KB/s | 00:03:02 left
[K353.89 MB/480.46 MB | ========================          73.66% | 698.5 KB/s | 00:03:02 left
[K353.92 MB/480.46 MB | ========================          73.66% | 698.5 KB/s | 00:03:02 left
[K353.96 MB/480.46 MB | ========================          73.67% | 616.6 KB/s | 00:03:25 left
[K354.00 MB/480.46 MB | ========================          73.68% | 616.6 KB/s | 00:03:25 left
[K354.04 MB/480.46 MB | ========================          73.69% | 616.6 KB/s | 00:03:25 left
[K354.09 MB/480.46 MB | ========================          73.70% | 616.6 KB/s | 00:03:25 left
[K354.14 MB/480.46 MB | ========================          73.71% | 616.6 KB/s | 00:03:25 left
[K354.23 MB/480.46 MB | ========================          73.73% | 616.6 KB/s | 00:03:25 left
[K354.32 MB/480.46 MB | ========================          73.75% | 616.6 KB/s | 00:03:25 left
[K354.43 MB/480.46 MB | ========================          73.77% | 616.6 KB/s | 00:03:25 left
[K354.60 MB/480.46 MB | ========================          73.81% | 616.6 KB/s | 00:03:25 left
[K354.77 MB/480.46 MB | ========================          73.84% | 616.6 KB/s | 00:03:25 left
[K354.92 MB/480.46 MB | ========================          73.87% | 616.6 KB/s | 00:03:25 left
[K355.08 MB/480.46 MB | ========================          73.90% | 616.6 KB/s | 00:03:25 left
[K355.22 MB/480.46 MB | ========================          73.93% | 1.3 MB/s | 00:01:33 left
[K355.43 MB/480.46 MB | ========================          73.98% | 1.3 MB/s | 00:01:33 left
[K355.56 MB/480.46 MB | ========================          74.00% | 1.3 MB/s | 00:01:33 left
[K355.66 MB/480.46 MB | ========================          74.03% | 1.3 MB/s | 00:01:33 left
[K355.81 MB/480.46 MB | ========================          74.06% | 1.3 MB/s | 00:01:33 left
[K355.89 MB/480.46 MB | ========================          74.07% | 1.3 MB/s | 00:01:33 left
[K355.94 MB/480.46 MB | ========================          74.08% | 1.3 MB/s | 00:01:33 left
[K356.02 MB/480.46 MB | ========================          74.10% | 1.3 MB/s | 00:01:33 left
[K356.07 MB/480.46 MB | ========================          74.11% | 1.3 MB/s | 00:01:33 left
[K356.14 MB/480.46 MB | ========================          74.12% | 976.7 KB/s | 00:02:07 left
[K356.20 MB/480.46 MB | ========================          74.14% | 976.7 KB/s | 00:02:07 left
[K356.28 MB/480.46 MB | ========================          74.16% | 976.7 KB/s | 00:02:07 left
[K356.38 MB/480.46 MB | ========================          74.18% | 976.7 KB/s | 00:02:07 left
[K356.49 MB/480.46 MB | ========================          74.20% | 976.7 KB/s | 00:02:07 left
[K356.56 MB/480.46 MB | ========================          74.21% | 976.7 KB/s | 00:02:07 left
[K356.64 MB/480.46 MB | ========================          74.23% | 976.7 KB/s | 00:02:07 left
[K356.74 MB/480.46 MB | ========================          74.25% | 976.7 KB/s | 00:02:07 left
[K356.84 MB/480.46 MB | ========================          74.27% | 976.7 KB/s | 00:02:07 left
[K356.90 MB/480.46 MB | ========================          74.28% | 976.7 KB/s | 00:02:07 left
[K356.95 MB/480.46 MB | ========================          74.29% | 976.7 KB/s | 00:02:07 left
[K357.02 MB/480.46 MB | ========================          74.31% | 858.2 KB/s | 00:02:24 left
[K357.09 MB/480.46 MB | ========================          74.32% | 858.2 KB/s | 00:02:24 left
[K357.18 MB/480.46 MB | ========================          74.34% | 858.2 KB/s | 00:02:24 left
[K357.30 MB/480.46 MB | ========================          74.37% | 858.2 KB/s | 00:02:24 left
[K357.38 MB/480.46 MB | ========================          74.38% | 858.2 KB/s | 00:02:24 left
[K357.49 MB/480.46 MB | ========================          74.41% | 858.2 KB/s | 00:02:24 left
[K357.58 MB/480.46 MB | ========================          74.43% | 858.2 KB/s | 00:02:24 left
[K357.66 MB/480.46 MB | ========================          74.44% | 858.2 KB/s | 00:02:24 left
[K357.76 MB/480.46 MB | ========================          74.46% | 858.2 KB/s | 00:02:24 left
[K357.86 MB/480.46 MB | ========================          74.48% | 858.2 KB/s | 00:02:24 left
[K357.94 MB/480.46 MB | ========================          74.50% | 1.0 MB/s | 00:02:02 left
[K358.02 MB/480.46 MB | ========================          74.52% | 1.0 MB/s | 00:02:02 left
[K358.11 MB/480.46 MB | ========================          74.54% | 1.0 MB/s | 00:02:02 left
[K358.21 MB/480.46 MB | ========================          74.56% | 1.0 MB/s | 00:02:02 left
[K358.27 MB/480.46 MB | ========================          74.57% | 1.0 MB/s | 00:02:02 left
[K358.34 MB/480.46 MB | ========================          74.58% | 1.0 MB/s | 00:02:02 left
[K358.39 MB/480.46 MB | ========================          74.59% | 1.0 MB/s | 00:02:02 left
[K358.44 MB/480.46 MB | ========================          74.60% | 1.0 MB/s | 00:02:02 left
[K358.49 MB/480.46 MB | ========================          74.62% | 1.0 MB/s | 00:02:02 left
[K358.54 MB/480.46 MB | ========================          74.63% | 1.0 MB/s | 00:02:02 left
[K358.62 MB/480.46 MB | ========================          74.64% | 710.3 KB/s | 00:02:52 left
[K358.68 MB/480.46 MB | ========================          74.65% | 710.3 KB/s | 00:02:52 left
[K358.76 MB/480.46 MB | ========================          74.67% | 710.3 KB/s | 00:02:52 left
[K358.81 MB/480.46 MB | ========================          74.68% | 710.3 KB/s | 00:02:52 left
[K358.84 MB/480.46 MB | ========================          74.69% | 710.3 KB/s | 00:02:52 left
[K358.87 MB/480.46 MB | ========================          74.69% | 710.3 KB/s | 00:02:52 left
[K358.90 MB/480.46 MB | ========================          74.70% | 710.3 KB/s | 00:02:52 left
[K358.94 MB/480.46 MB | ========================          74.71% | 710.3 KB/s | 00:02:52 left
[K358.98 MB/480.46 MB | ========================          74.72% | 710.3 KB/s | 00:02:52 left
[K359.03 MB/480.46 MB | ========================          74.73% | 710.3 KB/s | 00:02:52 left
[K359.10 MB/480.46 MB | ========================          74.74% | 520.0 KB/s | 00:03:53 left
[K359.16 MB/480.46 MB | ========================          74.75% | 520.0 KB/s | 00:03:53 left
[K359.21 MB/480.46 MB | ========================          74.76% | 520.0 KB/s | 00:03:53 left
[K359.27 MB/480.46 MB | ========================          74.78% | 520.0 KB/s | 00:03:53 left
[K359.32 MB/480.46 MB | ========================          74.79% | 520.0 KB/s | 00:03:53 left
[K359.38 MB/480.46 MB | ========================          74.80% | 520.0 KB/s | 00:03:53 left
[K359.46 MB/480.46 MB | ========================          74.82% | 520.0 KB/s | 00:03:53 left
[K359.53 MB/480.46 MB | ========================          74.83% | 520.0 KB/s | 00:03:53 left
[K359.64 MB/480.46 MB | ========================          74.85% | 520.0 KB/s | 00:03:53 left
[K359.74 MB/480.46 MB | ========================          74.87% | 520.0 KB/s | 00:03:53 left
[K359.85 MB/480.46 MB | ========================          74.90% | 520.0 KB/s | 00:03:53 left
[K359.99 MB/480.46 MB | ========================          74.93% | 865.0 KB/s | 00:02:19 left
[K360.06 MB/480.46 MB | ========================          74.94% | 865.0 KB/s | 00:02:19 left
[K360.15 MB/480.46 MB | ========================          74.96% | 865.0 KB/s | 00:02:19 left
[K360.25 MB/480.46 MB | ========================          74.98% | 865.0 KB/s | 00:02:19 left
[K360.37 MB/480.46 MB | ========================          75.01% | 865.0 KB/s | 00:02:19 left
[K360.48 MB/480.46 MB | ========================          75.03% | 865.0 KB/s | 00:02:19 left
[K360.56 MB/480.46 MB | ========================          75.04% | 865.0 KB/s | 00:02:19 left
[K360.64 MB/480.46 MB | ========================          75.06% | 865.0 KB/s | 00:02:19 left
[K360.78 MB/480.46 MB | ========================          75.09% | 865.0 KB/s | 00:02:19 left
[K360.89 MB/480.46 MB | ========================          75.11% | 865.0 KB/s | 00:02:19 left
[K360.96 MB/480.46 MB | ========================          75.13% | 1.0 MB/s | 00:01:57 left
[K361.03 MB/480.46 MB | ========================          75.14% | 1.0 MB/s | 00:01:57 left
[K361.07 MB/480.46 MB | ========================          75.15% | 1.0 MB/s | 00:01:57 left
[K361.13 MB/480.46 MB | ========================          75.16% | 1.0 MB/s | 00:01:57 left
[K361.18 MB/480.46 MB | ========================          75.17% | 1.0 MB/s | 00:01:57 left
[K361.26 MB/480.46 MB | ========================          75.19% | 1.0 MB/s | 00:01:57 left
[K361.37 MB/480.46 MB | ========================          75.21% | 1.0 MB/s | 00:01:57 left
[K361.45 MB/480.46 MB | ========================          75.23% | 1.0 MB/s | 00:01:57 left
[K361.57 MB/480.46 MB | ========================          75.26% | 1.0 MB/s | 00:01:57 left
[K361.65 MB/480.46 MB | ========================          75.27% | 1.0 MB/s | 00:01:57 left
[K361.77 MB/480.46 MB | ========================          75.30% | 946.3 KB/s | 00:02:05 left
[K361.87 MB/480.46 MB | ========================          75.32% | 946.3 KB/s | 00:02:05 left
[K362.02 MB/480.46 MB | ========================          75.35% | 946.3 KB/s | 00:02:05 left
[K362.11 MB/480.46 MB | ========================          75.37% | 946.3 KB/s | 00:02:05 left
[K362.20 MB/480.46 MB | ========================          75.39% | 946.3 KB/s | 00:02:05 left
[K362.28 MB/480.46 MB | ========================          75.40% | 946.3 KB/s | 00:02:05 left
[K362.36 MB/480.46 MB | ========================          75.42% | 946.3 KB/s | 00:02:05 left
[K362.43 MB/480.46 MB | ========================          75.44% | 946.3 KB/s | 00:02:05 left
[K362.51 MB/480.46 MB | ========================          75.45% | 946.3 KB/s | 00:02:05 left
[K362.59 MB/480.46 MB | ========================          75.47% | 946.3 KB/s | 00:02:05 left
[K362.68 MB/480.46 MB | ========================          75.49% | 966.3 KB/s | 00:02:02 left
[K362.80 MB/480.46 MB | ========================          75.51% | 966.3 KB/s | 00:02:02 left
[K362.87 MB/480.46 MB | ========================          75.53% | 966.3 KB/s | 00:02:02 left
[K362.94 MB/480.46 MB | ========================          75.54% | 966.3 KB/s | 00:02:02 left
[K362.99 MB/480.46 MB | ========================          75.55% | 966.3 KB/s | 00:02:02 left
[K363.05 MB/480.46 MB | ========================          75.56% | 966.3 KB/s | 00:02:02 left
[K363.10 MB/480.46 MB | ========================          75.57% | 966.3 KB/s | 00:02:02 left
[K363.15 MB/480.46 MB | ========================          75.58% | 966.3 KB/s | 00:02:02 left
[K363.20 MB/480.46 MB | ========================          75.59% | 966.3 KB/s | 00:02:02 left
[K363.25 MB/480.46 MB | ========================          75.61% | 966.3 KB/s | 00:02:02 left
[K363.34 MB/480.46 MB | ========================          75.62% | 722.6 KB/s | 00:02:42 left
[K363.42 MB/480.46 MB | ========================          75.64% | 722.6 KB/s | 00:02:42 left
[K363.50 MB/480.46 MB | ========================          75.66% | 722.6 KB/s | 00:02:42 left
[K363.57 MB/480.46 MB | ========================          75.67% | 722.6 KB/s | 00:02:42 left
[K363.68 MB/480.46 MB | ========================          75.70% | 722.6 KB/s | 00:02:42 left
[K363.83 MB/480.46 MB | ========================          75.73% | 722.6 KB/s | 00:02:42 left
[K364.04 MB/480.46 MB | =========================         75.77% | 722.6 KB/s | 00:02:42 left
[K364.18 MB/480.46 MB | =========================         75.80% | 722.6 KB/s | 00:02:42 left
[K364.29 MB/480.46 MB | =========================         75.82% | 722.6 KB/s | 00:02:42 left
[K364.46 MB/480.46 MB | =========================         75.86% | 722.6 KB/s | 00:02:42 left
[K364.56 MB/480.46 MB | =========================         75.88% | 722.6 KB/s | 00:02:42 left
[K364.70 MB/480.46 MB | =========================         75.91% | 1.4 MB/s | 00:01:21 left
[K364.84 MB/480.46 MB | =========================         75.94% | 1.4 MB/s | 00:01:21 left
[K365.06 MB/480.46 MB | =========================         75.98% | 1.4 MB/s | 00:01:21 left
[K365.30 MB/480.46 MB | =========================         76.03% | 1.4 MB/s | 00:01:21 left
[K365.42 MB/480.46 MB | =========================         76.06% | 1.4 MB/s | 00:01:21 left
[K365.52 MB/480.46 MB | =========================         76.08% | 1.4 MB/s | 00:01:21 left
[K365.62 MB/480.46 MB | =========================         76.10% | 1.4 MB/s | 00:01:21 left
[K365.71 MB/480.46 MB | =========================         76.12% | 1.4 MB/s | 00:01:21 left
[K365.81 MB/480.46 MB | =========================         76.14% | 1.4 MB/s | 00:01:21 left
[K365.90 MB/480.46 MB | =========================         76.16% | 1.2 MB/s | 00:01:36 left
[K365.95 MB/480.46 MB | =========================         76.17% | 1.2 MB/s | 00:01:36 left
[K365.99 MB/480.46 MB | =========================         76.17% | 1.2 MB/s | 00:01:36 left
[K366.03 MB/480.46 MB | =========================         76.18% | 1.2 MB/s | 00:01:36 left
[K366.07 MB/480.46 MB | =========================         76.19% | 1.2 MB/s | 00:01:36 left
[K366.14 MB/480.46 MB | =========================         76.21% | 1.2 MB/s | 00:01:36 left
[K366.19 MB/480.46 MB | =========================         76.22% | 1.2 MB/s | 00:01:36 left
[K366.27 MB/480.46 MB | =========================         76.23% | 1.2 MB/s | 00:01:36 left
[K366.35 MB/480.46 MB | =========================         76.25% | 1.2 MB/s | 00:01:36 left
[K366.43 MB/480.46 MB | =========================         76.27% | 1.2 MB/s | 00:01:36 left
[K366.52 MB/480.46 MB | =========================         76.28% | 1.2 MB/s | 00:01:36 left
[K366.61 MB/480.46 MB | =========================         76.31% | 801.9 KB/s | 00:02:22 left
[K366.71 MB/480.46 MB | =========================         76.33% | 801.9 KB/s | 00:02:22 left
[K366.86 MB/480.46 MB | =========================         76.36% | 801.9 KB/s | 00:02:22 left
[K366.96 MB/480.46 MB | =========================         76.38% | 801.9 KB/s | 00:02:22 left
[K367.10 MB/480.46 MB | =========================         76.41% | 801.9 KB/s | 00:02:22 left
[K367.22 MB/480.46 MB | =========================         76.43% | 801.9 KB/s | 00:02:22 left
[K367.34 MB/480.46 MB | =========================         76.46% | 801.9 KB/s | 00:02:22 left
[K367.46 MB/480.46 MB | =========================         76.48% | 801.9 KB/s | 00:02:22 left
[K367.56 MB/480.46 MB | =========================         76.50% | 801.9 KB/s | 00:02:22 left
[K367.65 MB/480.46 MB | =========================         76.52% | 801.9 KB/s | 00:02:22 left
[K367.72 MB/480.46 MB | =========================         76.54% | 1.1 MB/s | 00:01:41 left
[K367.79 MB/480.46 MB | =========================         76.55% | 1.1 MB/s | 00:01:41 left
[K367.88 MB/480.46 MB | =========================         76.57% | 1.1 MB/s | 00:01:41 left
[K367.97 MB/480.46 MB | =========================         76.59% | 1.1 MB/s | 00:01:41 left
[K368.06 MB/480.46 MB | =========================         76.61% | 1.1 MB/s | 00:01:41 left
[K368.15 MB/480.46 MB | =========================         76.62% | 1.1 MB/s | 00:01:41 left
[K368.22 MB/480.46 MB | =========================         76.64% | 1.1 MB/s | 00:01:41 left
[K368.33 MB/480.46 MB | =========================         76.66% | 1.1 MB/s | 00:01:41 left
[K368.42 MB/480.46 MB | =========================         76.68% | 1.1 MB/s | 00:01:41 left
[K368.52 MB/480.46 MB | =========================         76.70% | 1.1 MB/s | 00:01:41 left
[K368.66 MB/480.46 MB | =========================         76.73% | 1.1 MB/s | 00:01:41 left
[K368.75 MB/480.46 MB | =========================         76.75% | 1.0 MB/s | 00:01:47 left
[K368.85 MB/480.46 MB | =========================         76.77% | 1.0 MB/s | 00:01:47 left
[K368.95 MB/480.46 MB | =========================         76.79% | 1.0 MB/s | 00:01:47 left
[K369.07 MB/480.46 MB | =========================         76.82% | 1.0 MB/s | 00:01:47 left
[K369.15 MB/480.46 MB | =========================         76.83% | 1.0 MB/s | 00:01:47 left
[K369.22 MB/480.46 MB | =========================         76.85% | 1.0 MB/s | 00:01:47 left
[K369.32 MB/480.46 MB | =========================         76.87% | 1.0 MB/s | 00:01:47 left
[K369.44 MB/480.46 MB | =========================         76.89% | 1.0 MB/s | 00:01:47 left
[K369.53 MB/480.46 MB | =========================         76.91% | 1.0 MB/s | 00:01:47 left
[K369.66 MB/480.46 MB | =========================         76.94% | 1.0 MB/s | 00:01:47 left
[K369.74 MB/480.46 MB | =========================         76.96% | 1.1 MB/s | 00:01:45 left
[K369.85 MB/480.46 MB | =========================         76.98% | 1.1 MB/s | 00:01:45 left
[K369.95 MB/480.46 MB | =========================         77.00% | 1.1 MB/s | 00:01:45 left
[K370.03 MB/480.46 MB | =========================         77.02% | 1.1 MB/s | 00:01:45 left
[K370.08 MB/480.46 MB | =========================         77.03% | 1.1 MB/s | 00:01:45 left
[K370.15 MB/480.46 MB | =========================         77.04% | 1.1 MB/s | 00:01:45 left
[K370.22 MB/480.46 MB | =========================         77.05% | 1.1 MB/s | 00:01:45 left
[K370.30 MB/480.46 MB | =========================         77.07% | 1.1 MB/s | 00:01:45 left
[K370.38 MB/480.46 MB | =========================         77.09% | 1.1 MB/s | 00:01:45 left
[K370.45 MB/480.46 MB | =========================         77.10% | 1.1 MB/s | 00:01:45 left
[K370.53 MB/480.46 MB | =========================         77.12% | 849.7 KB/s | 00:02:09 left
[K370.63 MB/480.46 MB | =========================         77.14% | 849.7 KB/s | 00:02:09 left
[K370.73 MB/480.46 MB | =========================         77.16% | 849.7 KB/s | 00:02:09 left
[K370.81 MB/480.46 MB | =========================         77.18% | 849.7 KB/s | 00:02:09 left
[K370.93 MB/480.46 MB | =========================         77.20% | 849.7 KB/s | 00:02:09 left
[K371.05 MB/480.46 MB | =========================         77.23% | 849.7 KB/s | 00:02:09 left
[K371.23 MB/480.46 MB | =========================         77.27% | 849.7 KB/s | 00:02:09 left
[K371.39 MB/480.46 MB | =========================         77.30% | 849.7 KB/s | 00:02:09 left
[K371.55 MB/480.46 MB | =========================         77.33% | 849.7 KB/s | 00:02:09 left
[K371.64 MB/480.46 MB | =========================         77.35% | 849.7 KB/s | 00:02:09 left
[K371.76 MB/480.46 MB | =========================         77.38% | 849.7 KB/s | 00:02:09 left
[K371.88 MB/480.46 MB | =========================         77.40% | 1.3 MB/s | 00:01:23 left
[K371.98 MB/480.46 MB | =========================         77.42% | 1.3 MB/s | 00:01:23 left
[K372.13 MB/480.46 MB | =========================         77.45% | 1.3 MB/s | 00:01:23 left
[K372.24 MB/480.46 MB | =========================         77.48% | 1.3 MB/s | 00:01:23 left
[K372.34 MB/480.46 MB | =========================         77.50% | 1.3 MB/s | 00:01:23 left
[K372.47 MB/480.46 MB | =========================         77.52% | 1.3 MB/s | 00:01:23 left
[K372.63 MB/480.46 MB | =========================         77.56% | 1.3 MB/s | 00:01:23 left
[K372.76 MB/480.46 MB | =========================         77.59% | 1.3 MB/s | 00:01:23 left
[K372.82 MB/480.46 MB | =========================         77.60% | 1.3 MB/s | 00:01:23 left
[K372.88 MB/480.46 MB | =========================         77.61% | 1.0 MB/s | 00:01:46 left
[K372.93 MB/480.46 MB | =========================         77.62% | 1.0 MB/s | 00:01:46 left
[K372.99 MB/480.46 MB | =========================         77.63% | 1.0 MB/s | 00:01:46 left
[K373.06 MB/480.46 MB | =========================         77.65% | 1.0 MB/s | 00:01:46 left
[K373.16 MB/480.46 MB | =========================         77.67% | 1.0 MB/s | 00:01:46 left
[K373.27 MB/480.46 MB | =========================         77.69% | 1.0 MB/s | 00:01:46 left
[K373.40 MB/480.46 MB | =========================         77.72% | 1.0 MB/s | 00:01:46 left
[K373.51 MB/480.46 MB | =========================         77.74% | 1.0 MB/s | 00:01:46 left
[K373.62 MB/480.46 MB | =========================         77.76% | 1.0 MB/s | 00:01:46 left
[K373.69 MB/480.46 MB | =========================         77.78% | 1.0 MB/s | 00:01:46 left
[K373.75 MB/480.46 MB | =========================         77.79% | 1.0 MB/s | 00:01:46 left
[K373.82 MB/480.46 MB | =========================         77.81% | 951.1 KB/s | 00:01:52 left
[K373.92 MB/480.46 MB | =========================         77.83% | 951.1 KB/s | 00:01:52 left
[K374.03 MB/480.46 MB | =========================         77.85% | 951.1 KB/s | 00:01:52 left
[K374.14 MB/480.46 MB | =========================         77.87% | 951.1 KB/s | 00:01:52 left
[K374.30 MB/480.46 MB | =========================         77.90% | 951.1 KB/s | 00:01:52 left
[K374.49 MB/480.46 MB | =========================         77.95% | 951.1 KB/s | 00:01:52 left
[K374.61 MB/480.46 MB | =========================         77.97% | 951.1 KB/s | 00:01:52 left
[K374.78 MB/480.46 MB | =========================         78.00% | 951.1 KB/s | 00:01:52 left
[K374.96 MB/480.46 MB | =========================         78.04% | 951.1 KB/s | 00:01:52 left
[K375.08 MB/480.46 MB | =========================         78.07% | 951.1 KB/s | 00:01:52 left
[K375.21 MB/480.46 MB | =========================         78.09% | 1.4 MB/s | 00:01:17 left
[K375.27 MB/480.46 MB | =========================         78.11% | 1.4 MB/s | 00:01:17 left
[K375.37 MB/480.46 MB | =========================         78.13% | 1.4 MB/s | 00:01:17 left
[K375.47 MB/480.46 MB | =========================         78.15% | 1.4 MB/s | 00:01:17 left
[K375.59 MB/480.46 MB | =========================         78.17% | 1.4 MB/s | 00:01:17 left
[K375.67 MB/480.46 MB | =========================         78.19% | 1.4 MB/s | 00:01:17 left
[K375.72 MB/480.46 MB | =========================         78.20% | 1.4 MB/s | 00:01:17 left
[K375.78 MB/480.46 MB | =========================         78.21% | 1.4 MB/s | 00:01:17 left
[K375.88 MB/480.46 MB | =========================         78.23% | 1.4 MB/s | 00:01:17 left
[K375.95 MB/480.46 MB | =========================         78.25% | 1.4 MB/s | 00:01:17 left
[K376.00 MB/480.46 MB | =========================         78.26% | 758.7 KB/s | 00:02:18 left
[K376.04 MB/480.46 MB | =========================         78.27% | 758.7 KB/s | 00:02:18 left
[K376.09 MB/480.46 MB | =========================         78.28% | 758.7 KB/s | 00:02:18 left
[K376.14 MB/480.46 MB | =========================         78.29% | 758.7 KB/s | 00:02:18 left
[K376.19 MB/480.46 MB | =========================         78.30% | 758.7 KB/s | 00:02:18 left
[K376.26 MB/480.46 MB | =========================         78.31% | 758.7 KB/s | 00:02:18 left
[K376.34 MB/480.46 MB | =========================         78.33% | 758.7 KB/s | 00:02:18 left
[K376.47 MB/480.46 MB | =========================         78.36% | 758.7 KB/s | 00:02:18 left
[K376.57 MB/480.46 MB | =========================         78.38% | 758.7 KB/s | 00:02:18 left
[K376.71 MB/480.46 MB | =========================         78.41% | 758.7 KB/s | 00:02:18 left
[K376.87 MB/480.46 MB | =========================         78.44% | 758.7 KB/s | 00:02:18 left
[K377.00 MB/480.46 MB | =========================         78.47% | 1.0 MB/s | 00:01:39 left
[K377.09 MB/480.46 MB | =========================         78.49% | 1.0 MB/s | 00:01:39 left
[K377.20 MB/480.46 MB | =========================         78.51% | 1.0 MB/s | 00:01:39 left
[K377.28 MB/480.46 MB | =========================         78.53% | 1.0 MB/s | 00:01:39 left
[K377.37 MB/480.46 MB | =========================         78.54% | 1.0 MB/s | 00:01:39 left
[K377.41 MB/480.46 MB | =========================         78.55% | 1.0 MB/s | 00:01:39 left
[K377.48 MB/480.46 MB | =========================         78.57% | 1.0 MB/s | 00:01:39 left
[K377.56 MB/480.46 MB | =========================         78.58% | 1.0 MB/s | 00:01:39 left
[K377.67 MB/480.46 MB | =========================         78.61% | 1.0 MB/s | 00:01:39 left
[K377.79 MB/480.46 MB | =========================         78.63% | 1.0 MB/s | 00:01:39 left
[K377.87 MB/480.46 MB | =========================         78.65% | 909.1 KB/s | 00:01:53 left
[K377.96 MB/480.46 MB | =========================         78.67% | 909.1 KB/s | 00:01:53 left
[K378.06 MB/480.46 MB | =========================         78.69% | 909.1 KB/s | 00:01:53 left
[K378.17 MB/480.46 MB | =========================         78.71% | 909.1 KB/s | 00:01:53 left
[K378.33 MB/480.46 MB | =========================         78.74% | 909.1 KB/s | 00:01:53 left
[K378.43 MB/480.46 MB | =========================         78.76% | 909.1 KB/s | 00:01:53 left
[K378.53 MB/480.46 MB | ==========================        78.79% | 909.1 KB/s | 00:01:53 left
[K378.64 MB/480.46 MB | ==========================        78.81% | 909.1 KB/s | 00:01:53 left
[K378.79 MB/480.46 MB | ==========================        78.84% | 909.1 KB/s | 00:01:53 left
[K378.92 MB/480.46 MB | ==========================        78.87% | 909.1 KB/s | 00:01:53 left
[K379.10 MB/480.46 MB | ==========================        78.90% | 909.1 KB/s | 00:01:53 left
[K379.26 MB/480.46 MB | ==========================        78.94% | 1.4 MB/s | 00:01:12 left
[K379.41 MB/480.46 MB | ==========================        78.97% | 1.4 MB/s | 00:01:12 left
[K379.53 MB/480.46 MB | ==========================        78.99% | 1.4 MB/s | 00:01:12 left
[K379.67 MB/480.46 MB | ==========================        79.02% | 1.4 MB/s | 00:01:12 left
[K379.80 MB/480.46 MB | ==========================        79.05% | 1.4 MB/s | 00:01:12 left
[K379.97 MB/480.46 MB | ==========================        79.09% | 1.4 MB/s | 00:01:12 left
[K380.11 MB/480.46 MB | ==========================        79.11% | 1.4 MB/s | 00:01:12 left
[K380.23 MB/480.46 MB | ==========================        79.14% | 1.4 MB/s | 00:01:12 left
[K380.33 MB/480.46 MB | ==========================        79.16% | 1.4 MB/s | 00:01:12 left
[K380.46 MB/480.46 MB | ==========================        79.19% | 1.3 MB/s | 00:01:16 left
[K380.52 MB/480.46 MB | ==========================        79.20% | 1.3 MB/s | 00:01:16 left
[K380.59 MB/480.46 MB | ==========================        79.22% | 1.3 MB/s | 00:01:16 left
[K380.66 MB/480.46 MB | ==========================        79.23% | 1.3 MB/s | 00:01:16 left
[K380.76 MB/480.46 MB | ==========================        79.25% | 1.3 MB/s | 00:01:16 left
[K380.86 MB/480.46 MB | ==========================        79.27% | 1.3 MB/s | 00:01:16 left
[K381.00 MB/480.46 MB | ==========================        79.30% | 1.3 MB/s | 00:01:16 left
[K381.07 MB/480.46 MB | ==========================        79.31% | 1.3 MB/s | 00:01:16 left
[K381.12 MB/480.46 MB | ==========================        79.32% | 1.3 MB/s | 00:01:16 left
[K381.19 MB/480.46 MB | ==========================        79.34% | 1.3 MB/s | 00:01:16 left
[K381.26 MB/480.46 MB | ==========================        79.35% | 878.4 KB/s | 00:01:53 left
[K381.36 MB/480.46 MB | ==========================        79.37% | 878.4 KB/s | 00:01:53 left
[K381.46 MB/480.46 MB | ==========================        79.39% | 878.4 KB/s | 00:01:53 left
[K381.60 MB/480.46 MB | ==========================        79.42% | 878.4 KB/s | 00:01:53 left
[K381.76 MB/480.46 MB | ==========================        79.46% | 878.4 KB/s | 00:01:53 left
[K381.89 MB/480.46 MB | ==========================        79.49% | 878.4 KB/s | 00:01:53 left
[K381.99 MB/480.46 MB | ==========================        79.50% | 878.4 KB/s | 00:01:53 left
[K382.06 MB/480.46 MB | ==========================        79.52% | 878.4 KB/s | 00:01:53 left
[K382.16 MB/480.46 MB | ==========================        79.54% | 878.4 KB/s | 00:01:53 left
[K382.23 MB/480.46 MB | ==========================        79.56% | 878.4 KB/s | 00:01:53 left
[K382.31 MB/480.46 MB | ==========================        79.57% | 1.1 MB/s | 00:01:31 left
[K382.38 MB/480.46 MB | ==========================        79.59% | 1.1 MB/s | 00:01:31 left
[K382.45 MB/480.46 MB | ==========================        79.60% | 1.1 MB/s | 00:01:31 left
[K382.48 MB/480.46 MB | ==========================        79.61% | 1.1 MB/s | 00:01:31 left
[K382.51 MB/480.46 MB | ==========================        79.61% | 1.1 MB/s | 00:01:31 left
[K382.56 MB/480.46 MB | ==========================        79.62% | 1.1 MB/s | 00:01:31 left
[K382.60 MB/480.46 MB | ==========================        79.63% | 1.1 MB/s | 00:01:31 left
[K382.66 MB/480.46 MB | ==========================        79.64% | 1.1 MB/s | 00:01:31 left
[K382.74 MB/480.46 MB | ==========================        79.66% | 1.1 MB/s | 00:01:31 left
[K382.84 MB/480.46 MB | ==========================        79.68% | 1.1 MB/s | 00:01:31 left
[K382.94 MB/480.46 MB | ==========================        79.70% | 1.1 MB/s | 00:01:31 left
[K383.06 MB/480.46 MB | ==========================        79.73% | 741.3 KB/s | 00:02:11 left
[K383.15 MB/480.46 MB | ==========================        79.75% | 741.3 KB/s | 00:02:11 left
[K383.21 MB/480.46 MB | ==========================        79.76% | 741.3 KB/s | 00:02:11 left
[K383.26 MB/480.46 MB | ==========================        79.77% | 741.3 KB/s | 00:02:11 left
[K383.31 MB/480.46 MB | ==========================        79.78% | 741.3 KB/s | 00:02:11 left
[K383.36 MB/480.46 MB | ==========================        79.79% | 741.3 KB/s | 00:02:11 left
[K383.40 MB/480.46 MB | ==========================        79.80% | 741.3 KB/s | 00:02:11 left
[K383.46 MB/480.46 MB | ==========================        79.81% | 741.3 KB/s | 00:02:11 left
[K383.52 MB/480.46 MB | ==========================        79.82% | 741.3 KB/s | 00:02:11 left
[K383.56 MB/480.46 MB | ==========================        79.83% | 741.3 KB/s | 00:02:11 left
[K383.61 MB/480.46 MB | ==========================        79.84% | 615.5 KB/s | 00:02:37 left
[K383.68 MB/480.46 MB | ==========================        79.86% | 615.5 KB/s | 00:02:37 left
[K383.74 MB/480.46 MB | ==========================        79.87% | 615.5 KB/s | 00:02:37 left
[K383.80 MB/480.46 MB | ==========================        79.88% | 615.5 KB/s | 00:02:37 left
[K383.90 MB/480.46 MB | ==========================        79.90% | 615.5 KB/s | 00:02:37 left
[K383.95 MB/480.46 MB | ==========================        79.91% | 615.5 KB/s | 00:02:37 left
[K384.00 MB/480.46 MB | ==========================        79.92% | 615.5 KB/s | 00:02:37 left
[K384.06 MB/480.46 MB | ==========================        79.94% | 615.5 KB/s | 00:02:37 left
[K384.13 MB/480.46 MB | ==========================        79.95% | 615.5 KB/s | 00:02:37 left
[K384.21 MB/480.46 MB | ==========================        79.97% | 615.5 KB/s | 00:02:37 left
[K384.27 MB/480.46 MB | ==========================        79.98% | 717.4 KB/s | 00:02:14 left
[K384.35 MB/480.46 MB | ==========================        80.00% | 717.4 KB/s | 00:02:14 left
[K384.43 MB/480.46 MB | ==========================        80.01% | 717.4 KB/s | 00:02:14 left
[K384.51 MB/480.46 MB | ==========================        80.03% | 717.4 KB/s | 00:02:14 left
[K384.57 MB/480.46 MB | ==========================        80.04% | 717.4 KB/s | 00:02:14 left
[K384.65 MB/480.46 MB | ==========================        80.06% | 717.4 KB/s | 00:02:14 left
[K384.74 MB/480.46 MB | ==========================        80.08% | 717.4 KB/s | 00:02:14 left
[K384.85 MB/480.46 MB | ==========================        80.10% | 717.4 KB/s | 00:02:14 left
[K384.96 MB/480.46 MB | ==========================        80.12% | 717.4 KB/s | 00:02:14 left
[K385.03 MB/480.46 MB | ==========================        80.14% | 717.4 KB/s | 00:02:14 left
[K385.12 MB/480.46 MB | ==========================        80.16% | 717.4 KB/s | 00:02:14 left
[K385.25 MB/480.46 MB | ==========================        80.18% | 943.1 KB/s | 00:01:41 left
[K385.33 MB/480.46 MB | ==========================        80.20% | 943.1 KB/s | 00:01:41 left
[K385.44 MB/480.46 MB | ==========================        80.22% | 943.1 KB/s | 00:01:41 left
[K385.51 MB/480.46 MB | ==========================        80.24% | 943.1 KB/s | 00:01:41 left
[K385.56 MB/480.46 MB | ==========================        80.25% | 943.1 KB/s | 00:01:41 left
[K385.61 MB/480.46 MB | ==========================        80.26% | 943.1 KB/s | 00:01:41 left
[K385.67 MB/480.46 MB | ==========================        80.27% | 943.1 KB/s | 00:01:41 left
[K385.75 MB/480.46 MB | ==========================        80.29% | 943.1 KB/s | 00:01:41 left
[K385.86 MB/480.46 MB | ==========================        80.31% | 943.1 KB/s | 00:01:41 left
[K385.95 MB/480.46 MB | ==========================        80.33% | 943.1 KB/s | 00:01:41 left
[K386.07 MB/480.46 MB | ==========================        80.35% | 943.1 KB/s | 00:01:41 left
[K386.20 MB/480.46 MB | ==========================        80.38% | 939.4 KB/s | 00:01:40 left
[K386.31 MB/480.46 MB | ==========================        80.41% | 939.4 KB/s | 00:01:40 left
[K386.40 MB/480.46 MB | ==========================        80.42% | 939.4 KB/s | 00:01:40 left
[K386.51 MB/480.46 MB | ==========================        80.45% | 939.4 KB/s | 00:01:40 left
[K386.60 MB/480.46 MB | ==========================        80.47% | 939.4 KB/s | 00:01:40 left
[K386.73 MB/480.46 MB | ==========================        80.49% | 939.4 KB/s | 00:01:40 left
[K386.84 MB/480.46 MB | ==========================        80.51% | 939.4 KB/s | 00:01:40 left
[K386.96 MB/480.46 MB | ==========================        80.54% | 939.4 KB/s | 00:01:40 left
[K387.04 MB/480.46 MB | ==========================        80.56% | 939.4 KB/s | 00:01:40 left
[K387.09 MB/480.46 MB | ==========================        80.57% | 1.0 MB/s | 00:01:32 left
[K387.16 MB/480.46 MB | ==========================        80.58% | 1.0 MB/s | 00:01:32 left
[K387.26 MB/480.46 MB | ==========================        80.60% | 1.0 MB/s | 00:01:32 left
[K387.31 MB/480.46 MB | ==========================        80.61% | 1.0 MB/s | 00:01:32 left
[K387.37 MB/480.46 MB | ==========================        80.62% | 1.0 MB/s | 00:01:32 left
[K387.45 MB/480.46 MB | ==========================        80.64% | 1.0 MB/s | 00:01:32 left
[K387.51 MB/480.46 MB | ==========================        80.65% | 1.0 MB/s | 00:01:32 left
[K387.60 MB/480.46 MB | ==========================        80.67% | 1.0 MB/s | 00:01:32 left
[K387.67 MB/480.46 MB | ==========================        80.69% | 1.0 MB/s | 00:01:32 left
[K387.77 MB/480.46 MB | ==========================        80.71% | 1.0 MB/s | 00:01:32 left
[K387.86 MB/480.46 MB | ==========================        80.73% | 1.0 MB/s | 00:01:32 left
[K387.98 MB/480.46 MB | ==========================        80.75% | 936.6 KB/s | 00:01:39 left
[K388.12 MB/480.46 MB | ==========================        80.78% | 936.6 KB/s | 00:01:39 left
[K388.21 MB/480.46 MB | ==========================        80.80% | 936.6 KB/s | 00:01:39 left
[K388.29 MB/480.46 MB | ==========================        80.82% | 936.6 KB/s | 00:01:39 left
[K388.38 MB/480.46 MB | ==========================        80.84% | 936.6 KB/s | 00:01:39 left
[K388.44 MB/480.46 MB | ==========================        80.85% | 936.6 KB/s | 00:01:39 left
[K388.51 MB/480.46 MB | ==========================        80.86% | 936.6 KB/s | 00:01:39 left
[K388.58 MB/480.46 MB | ==========================        80.88% | 936.6 KB/s | 00:01:39 left
[K388.65 MB/480.46 MB | ==========================        80.89% | 936.6 KB/s | 00:01:39 left
[K388.76 MB/480.46 MB | ==========================        80.91% | 936.6 KB/s | 00:01:39 left
[K388.85 MB/480.46 MB | ==========================        80.93% | 1.0 MB/s | 00:01:32 left
[K388.99 MB/480.46 MB | ==========================        80.96% | 1.0 MB/s | 00:01:32 left
[K389.10 MB/480.46 MB | ==========================        80.99% | 1.0 MB/s | 00:01:32 left
[K389.25 MB/480.46 MB | ==========================        81.02% | 1.0 MB/s | 00:01:32 left
[K389.35 MB/480.46 MB | ==========================        81.04% | 1.0 MB/s | 00:01:32 left
[K389.50 MB/480.46 MB | ==========================        81.07% | 1.0 MB/s | 00:01:32 left
[K389.59 MB/480.46 MB | ==========================        81.09% | 1.0 MB/s | 00:01:32 left
[K389.66 MB/480.46 MB | ==========================        81.10% | 1.0 MB/s | 00:01:32 left
[K389.76 MB/480.46 MB | ==========================        81.12% | 1.0 MB/s | 00:01:32 left
[K389.85 MB/480.46 MB | ==========================        81.14% | 1.0 MB/s | 00:01:32 left
[K389.96 MB/480.46 MB | ==========================        81.16% | 1.2 MB/s | 00:01:13 left
[K390.08 MB/480.46 MB | ==========================        81.19% | 1.2 MB/s | 00:01:13 left
[K390.16 MB/480.46 MB | ==========================        81.21% | 1.2 MB/s | 00:01:13 left
[K390.27 MB/480.46 MB | ==========================        81.23% | 1.2 MB/s | 00:01:13 left
[K390.35 MB/480.46 MB | ==========================        81.25% | 1.2 MB/s | 00:01:13 left
[K390.43 MB/480.46 MB | ==========================        81.26% | 1.2 MB/s | 00:01:13 left
[K390.56 MB/480.46 MB | ==========================        81.29% | 1.2 MB/s | 00:01:13 left
[K390.67 MB/480.46 MB | ==========================        81.31% | 1.2 MB/s | 00:01:13 left
[K390.85 MB/480.46 MB | ==========================        81.35% | 1.2 MB/s | 00:01:13 left
[K391.00 MB/480.46 MB | ==========================        81.38% | 1.2 MB/s | 00:01:13 left
[K391.12 MB/480.46 MB | ==========================        81.41% | 1.2 MB/s | 00:01:13 left
[K391.30 MB/480.46 MB | ==========================        81.44% | 1.3 MB/s | 00:01:08 left
[K391.39 MB/480.46 MB | ==========================        81.46% | 1.3 MB/s | 00:01:08 left
[K391.48 MB/480.46 MB | ==========================        81.48% | 1.3 MB/s | 00:01:08 left
[K391.57 MB/480.46 MB | ==========================        81.50% | 1.3 MB/s | 00:01:08 left
[K391.63 MB/480.46 MB | ==========================        81.51% | 1.3 MB/s | 00:01:08 left
[K391.68 MB/480.46 MB | ==========================        81.52% | 1.3 MB/s | 00:01:08 left
[K391.76 MB/480.46 MB | ==========================        81.54% | 1.3 MB/s | 00:01:08 left
[K391.82 MB/480.46 MB | ==========================        81.55% | 1.3 MB/s | 00:01:08 left
[K391.93 MB/480.46 MB | ==========================        81.57% | 1.3 MB/s | 00:01:08 left
[K392.01 MB/480.46 MB | ==========================        81.59% | 1.3 MB/s | 00:01:08 left
[K392.08 MB/480.46 MB | ==========================        81.61% | 847.5 KB/s | 00:01:44 left
[K392.15 MB/480.46 MB | ==========================        81.62% | 847.5 KB/s | 00:01:44 left
[K392.25 MB/480.46 MB | ==========================        81.64% | 847.5 KB/s | 00:01:44 left
[K392.35 MB/480.46 MB | ==========================        81.66% | 847.5 KB/s | 00:01:44 left
[K392.44 MB/480.46 MB | ==========================        81.68% | 847.5 KB/s | 00:01:44 left
[K392.57 MB/480.46 MB | ==========================        81.71% | 847.5 KB/s | 00:01:44 left
[K392.74 MB/480.46 MB | ==========================        81.74% | 847.5 KB/s | 00:01:44 left
[K392.89 MB/480.46 MB | ==========================        81.77% | 847.5 KB/s | 00:01:44 left
[K393.02 MB/480.46 MB | ==========================        81.80% | 847.5 KB/s | 00:01:44 left
[K393.17 MB/480.46 MB | ===========================       81.83% | 847.5 KB/s | 00:01:44 left
[K393.27 MB/480.46 MB | ===========================       81.85% | 1.2 MB/s | 00:01:13 left
[K393.33 MB/480.46 MB | ===========================       81.87% | 1.2 MB/s | 00:01:13 left
[K393.39 MB/480.46 MB | ===========================       81.88% | 1.2 MB/s | 00:01:13 left
[K393.46 MB/480.46 MB | ===========================       81.89% | 1.2 MB/s | 00:01:13 left
[K393.56 MB/480.46 MB | ===========================       81.91% | 1.2 MB/s | 00:01:13 left
[K393.66 MB/480.46 MB | ===========================       81.93% | 1.2 MB/s | 00:01:13 left
[K393.75 MB/480.46 MB | ===========================       81.95% | 1.2 MB/s | 00:01:13 left
[K393.81 MB/480.46 MB | ===========================       81.97% | 1.2 MB/s | 00:01:13 left
[K393.88 MB/480.46 MB | ===========================       81.98% | 1.2 MB/s | 00:01:13 left
[K393.93 MB/480.46 MB | ===========================       81.99% | 1.2 MB/s | 00:01:13 left
[K393.97 MB/480.46 MB | ===========================       82.00% | 759.5 KB/s | 00:01:54 left
[K394.03 MB/480.46 MB | ===========================       82.01% | 759.5 KB/s | 00:01:54 left
[K394.08 MB/480.46 MB | ===========================       82.02% | 759.5 KB/s | 00:01:54 left
[K394.13 MB/480.46 MB | ===========================       82.03% | 759.5 KB/s | 00:01:54 left
[K394.18 MB/480.46 MB | ===========================       82.04% | 759.5 KB/s | 00:01:54 left
[K394.24 MB/480.46 MB | ===========================       82.06% | 759.5 KB/s | 00:01:54 left
[K394.33 MB/480.46 MB | ===========================       82.07% | 759.5 KB/s | 00:01:54 left
[K394.39 MB/480.46 MB | ===========================       82.09% | 759.5 KB/s | 00:01:54 left
[K394.48 MB/480.46 MB | ===========================       82.10% | 759.5 KB/s | 00:01:54 left
[K394.57 MB/480.46 MB | ===========================       82.12% | 759.5 KB/s | 00:01:54 left
[K394.68 MB/480.46 MB | ===========================       82.15% | 759.5 KB/s | 00:01:54 left
[K394.76 MB/480.46 MB | ===========================       82.16% | 831.1 KB/s | 00:01:43 left
[K394.87 MB/480.46 MB | ===========================       82.19% | 831.1 KB/s | 00:01:43 left
[K394.94 MB/480.46 MB | ===========================       82.20% | 831.1 KB/s | 00:01:43 left
[K395.06 MB/480.46 MB | ===========================       82.22% | 831.1 KB/s | 00:01:43 left
[K395.13 MB/480.46 MB | ===========================       82.24% | 831.1 KB/s | 00:01:43 left
[K395.19 MB/480.46 MB | ===========================       82.25% | 831.1 KB/s | 00:01:43 left
[K395.27 MB/480.46 MB | ===========================       82.27% | 831.1 KB/s | 00:01:43 left
[K395.38 MB/480.46 MB | ===========================       82.29% | 831.1 KB/s | 00:01:43 left
[K395.52 MB/480.46 MB | ===========================       82.32% | 831.1 KB/s | 00:01:43 left
[K395.70 MB/480.46 MB | ===========================       82.36% | 831.1 KB/s | 00:01:43 left
[K395.87 MB/480.46 MB | ===========================       82.40% | 831.1 KB/s | 00:01:43 left
[K396.06 MB/480.46 MB | ===========================       82.43% | 1.4 MB/s | 00:01:01 left
[K396.21 MB/480.46 MB | ===========================       82.47% | 1.4 MB/s | 00:01:01 left
[K396.30 MB/480.46 MB | ===========================       82.48% | 1.4 MB/s | 00:01:01 left
[K396.38 MB/480.46 MB | ===========================       82.50% | 1.4 MB/s | 00:01:01 left
[K396.43 MB/480.46 MB | ===========================       82.51% | 1.4 MB/s | 00:01:01 left
[K396.51 MB/480.46 MB | ===========================       82.53% | 1.4 MB/s | 00:01:01 left
[K396.61 MB/480.46 MB | ===========================       82.55% | 1.4 MB/s | 00:01:01 left
[K396.73 MB/480.46 MB | ===========================       82.57% | 1.4 MB/s | 00:01:01 left
[K396.90 MB/480.46 MB | ===========================       82.61% | 1.4 MB/s | 00:01:01 left
[K397.07 MB/480.46 MB | ===========================       82.65% | 1.4 MB/s | 00:01:01 left
[K397.23 MB/480.46 MB | ===========================       82.68% | 1.3 MB/s | 00:01:06 left
[K397.33 MB/480.46 MB | ===========================       82.70% | 1.3 MB/s | 00:01:06 left
[K397.40 MB/480.46 MB | ===========================       82.71% | 1.3 MB/s | 00:01:06 left
[K397.50 MB/480.46 MB | ===========================       82.73% | 1.3 MB/s | 00:01:06 left
[K397.57 MB/480.46 MB | ===========================       82.75% | 1.3 MB/s | 00:01:06 left
[K397.64 MB/480.46 MB | ===========================       82.76% | 1.3 MB/s | 00:01:06 left
[K397.71 MB/480.46 MB | ===========================       82.78% | 1.3 MB/s | 00:01:06 left
[K397.80 MB/480.46 MB | ===========================       82.80% | 1.3 MB/s | 00:01:06 left
[K397.86 MB/480.46 MB | ===========================       82.81% | 1.3 MB/s | 00:01:06 left
[K397.93 MB/480.46 MB | ===========================       82.82% | 1.3 MB/s | 00:01:06 left
[K398.02 MB/480.46 MB | ===========================       82.84% | 818.0 KB/s | 00:01:41 left
[K398.08 MB/480.46 MB | ===========================       82.85% | 818.0 KB/s | 00:01:41 left
[K398.15 MB/480.46 MB | ===========================       82.87% | 818.0 KB/s | 00:01:41 left
[K398.22 MB/480.46 MB | ===========================       82.88% | 818.0 KB/s | 00:01:41 left
[K398.30 MB/480.46 MB | ===========================       82.90% | 818.0 KB/s | 00:01:41 left
[K398.40 MB/480.46 MB | ===========================       82.92% | 818.0 KB/s | 00:01:41 left
[K398.53 MB/480.46 MB | ===========================       82.95% | 818.0 KB/s | 00:01:41 left
[K398.61 MB/480.46 MB | ===========================       82.97% | 818.0 KB/s | 00:01:41 left
[K398.70 MB/480.46 MB | ===========================       82.98% | 818.0 KB/s | 00:01:41 left
[K398.79 MB/480.46 MB | ===========================       83.00% | 818.0 KB/s | 00:01:41 left
[K398.93 MB/480.46 MB | ===========================       83.03% | 818.0 KB/s | 00:01:41 left
[K399.08 MB/480.46 MB | ===========================       83.06% | 1.1 MB/s | 00:01:17 left
[K399.19 MB/480.46 MB | ===========================       83.08% | 1.1 MB/s | 00:01:17 left
[K399.30 MB/480.46 MB | ===========================       83.11% | 1.1 MB/s | 00:01:17 left
[K399.44 MB/480.46 MB | ===========================       83.14% | 1.1 MB/s | 00:01:17 left
[K399.57 MB/480.46 MB | ===========================       83.16% | 1.1 MB/s | 00:01:17 left
[K399.76 MB/480.46 MB | ===========================       83.20% | 1.1 MB/s | 00:01:17 left
[K399.93 MB/480.46 MB | ===========================       83.24% | 1.1 MB/s | 00:01:17 left
[K400.12 MB/480.46 MB | ===========================       83.28% | 1.1 MB/s | 00:01:17 left
[K400.26 MB/480.46 MB | ===========================       83.31% | 1.1 MB/s | 00:01:17 left
[K400.38 MB/480.46 MB | ===========================       83.33% | 1.1 MB/s | 00:01:17 left
[K400.48 MB/480.46 MB | ===========================       83.35% | 1.1 MB/s | 00:01:17 left
[K400.59 MB/480.46 MB | ===========================       83.38% | 1.5 MB/s | 00:00:52 left
[K400.74 MB/480.46 MB | ===========================       83.41% | 1.5 MB/s | 00:00:52 left
[K400.89 MB/480.46 MB | ===========================       83.44% | 1.5 MB/s | 00:00:52 left
[K401.10 MB/480.46 MB | ===========================       83.48% | 1.5 MB/s | 00:00:52 left
[K401.25 MB/480.46 MB | ===========================       83.51% | 1.5 MB/s | 00:00:52 left
[K401.42 MB/480.46 MB | ===========================       83.55% | 1.5 MB/s | 00:00:52 left
[K401.52 MB/480.46 MB | ===========================       83.57% | 1.5 MB/s | 00:00:52 left
[K401.67 MB/480.46 MB | ===========================       83.60% | 1.5 MB/s | 00:00:52 left
[K401.75 MB/480.46 MB | ===========================       83.62% | 1.5 MB/s | 00:00:52 left
[K401.82 MB/480.46 MB | ===========================       83.63% | 1.5 MB/s | 00:00:52 left
[K401.92 MB/480.46 MB | ===========================       83.65% | 1.3 MB/s | 00:01:00 left
[K401.99 MB/480.46 MB | ===========================       83.67% | 1.3 MB/s | 00:01:00 left
[K402.10 MB/480.46 MB | ===========================       83.69% | 1.3 MB/s | 00:01:00 left
[K402.23 MB/480.46 MB | ===========================       83.72% | 1.3 MB/s | 00:01:00 left
[K402.35 MB/480.46 MB | ===========================       83.74% | 1.3 MB/s | 00:01:00 left
[K402.49 MB/480.46 MB | ===========================       83.77% | 1.3 MB/s | 00:01:00 left
[K402.61 MB/480.46 MB | ===========================       83.80% | 1.3 MB/s | 00:01:00 left
[K402.73 MB/480.46 MB | ===========================       83.82% | 1.3 MB/s | 00:01:00 left
[K402.81 MB/480.46 MB | ===========================       83.84% | 1.3 MB/s | 00:01:00 left
[K402.88 MB/480.46 MB | ===========================       83.85% | 994.8 KB/s | 00:01:18 left
[K402.92 MB/480.46 MB | ===========================       83.86% | 994.8 KB/s | 00:01:18 left
[K402.97 MB/480.46 MB | ===========================       83.87% | 994.8 KB/s | 00:01:18 left
[K403.04 MB/480.46 MB | ===========================       83.89% | 994.8 KB/s | 00:01:18 left
[K403.11 MB/480.46 MB | ===========================       83.90% | 994.8 KB/s | 00:01:18 left
[K403.17 MB/480.46 MB | ===========================       83.91% | 994.8 KB/s | 00:01:18 left
[K403.25 MB/480.46 MB | ===========================       83.93% | 994.8 KB/s | 00:01:18 left
[K403.33 MB/480.46 MB | ===========================       83.95% | 994.8 KB/s | 00:01:18 left
[K403.45 MB/480.46 MB | ===========================       83.97% | 994.8 KB/s | 00:01:18 left
[K403.56 MB/480.46 MB | ===========================       83.99% | 994.8 KB/s | 00:01:18 left
[K403.63 MB/480.46 MB | ===========================       84.01% | 994.8 KB/s | 00:01:18 left
[K403.69 MB/480.46 MB | ===========================       84.02% | 793.2 KB/s | 00:01:37 left
[K403.75 MB/480.46 MB | ===========================       84.03% | 793.2 KB/s | 00:01:37 left
[K403.79 MB/480.46 MB | ===========================       84.04% | 793.2 KB/s | 00:01:37 left
[K403.86 MB/480.46 MB | ===========================       84.06% | 793.2 KB/s | 00:01:37 left
[K403.92 MB/480.46 MB | ===========================       84.07% | 793.2 KB/s | 00:01:37 left
[K404.01 MB/480.46 MB | ===========================       84.09% | 793.2 KB/s | 00:01:37 left
[K404.09 MB/480.46 MB | ===========================       84.10% | 793.2 KB/s | 00:01:37 left
[K404.16 MB/480.46 MB | ===========================       84.12% | 793.2 KB/s | 00:01:37 left
[K404.27 MB/480.46 MB | ===========================       84.14% | 793.2 KB/s | 00:01:37 left
[K404.36 MB/480.46 MB | ===========================       84.16% | 793.2 KB/s | 00:01:37 left
[K404.50 MB/480.46 MB | ===========================       84.19% | 793.2 KB/s | 00:01:37 left
[K404.59 MB/480.46 MB | ===========================       84.21% | 985.1 KB/s | 00:01:17 left
[K404.71 MB/480.46 MB | ===========================       84.24% | 985.1 KB/s | 00:01:17 left
[K404.81 MB/480.46 MB | ===========================       84.25% | 985.1 KB/s | 00:01:17 left
[K404.90 MB/480.46 MB | ===========================       84.27% | 985.1 KB/s | 00:01:17 left
[K404.99 MB/480.46 MB | ===========================       84.29% | 985.1 KB/s | 00:01:17 left
[K405.08 MB/480.46 MB | ===========================       84.31% | 985.1 KB/s | 00:01:17 left
[K405.18 MB/480.46 MB | ===========================       84.33% | 985.1 KB/s | 00:01:17 left
[K405.32 MB/480.46 MB | ===========================       84.36% | 985.1 KB/s | 00:01:17 left
[K405.44 MB/480.46 MB | ===========================       84.39% | 985.1 KB/s | 00:01:17 left
[K405.61 MB/480.46 MB | ===========================       84.42% | 985.1 KB/s | 00:01:17 left
[K405.78 MB/480.46 MB | ===========================       84.46% | 985.1 KB/s | 00:01:17 left
[K405.96 MB/480.46 MB | ===========================       84.49% | 1.3 MB/s | 00:00:56 left
[K406.05 MB/480.46 MB | ===========================       84.51% | 1.3 MB/s | 00:00:56 left
[K406.17 MB/480.46 MB | ===========================       84.54% | 1.3 MB/s | 00:00:56 left
[K406.24 MB/480.46 MB | ===========================       84.55% | 1.3 MB/s | 00:00:56 left
[K406.36 MB/480.46 MB | ===========================       84.58% | 1.3 MB/s | 00:00:56 left
[K406.41 MB/480.46 MB | ===========================       84.59% | 1.3 MB/s | 00:00:56 left
[K406.48 MB/480.46 MB | ===========================       84.60% | 1.3 MB/s | 00:00:56 left
[K406.52 MB/480.46 MB | ===========================       84.61% | 1.3 MB/s | 00:00:56 left
[K406.54 MB/480.46 MB | ===========================       84.62% | 1.3 MB/s | 00:00:56 left
[K406.58 MB/480.46 MB | ===========================       84.62% | 1.3 MB/s | 00:00:56 left
[K406.62 MB/480.46 MB | ===========================       84.63% | 673.4 KB/s | 00:01:50 left
[K406.67 MB/480.46 MB | ===========================       84.64% | 673.4 KB/s | 00:01:50 left
[K406.73 MB/480.46 MB | ===========================       84.65% | 673.4 KB/s | 00:01:50 left
[K406.75 MB/480.46 MB | ===========================       84.66% | 673.4 KB/s | 00:01:50 left
[K406.78 MB/480.46 MB | ===========================       84.66% | 673.4 KB/s | 00:01:50 left
[K406.82 MB/480.46 MB | ===========================       84.67% | 673.4 KB/s | 00:01:50 left
[K406.86 MB/480.46 MB | ===========================       84.68% | 673.4 KB/s | 00:01:50 left
[K406.90 MB/480.46 MB | ===========================       84.69% | 673.4 KB/s | 00:01:50 left
[K406.96 MB/480.46 MB | ===========================       84.70% | 673.4 KB/s | 00:01:50 left
[K407.01 MB/480.46 MB | ===========================       84.71% | 673.4 KB/s | 00:01:50 left
[K407.07 MB/480.46 MB | ===========================       84.73% | 469.7 KB/s | 00:02:36 left
[K407.14 MB/480.46 MB | ===========================       84.74% | 469.7 KB/s | 00:02:36 left
[K407.20 MB/480.46 MB | ===========================       84.75% | 469.7 KB/s | 00:02:36 left
[K407.29 MB/480.46 MB | ===========================       84.77% | 469.7 KB/s | 00:02:36 left
[K407.36 MB/480.46 MB | ===========================       84.79% | 469.7 KB/s | 00:02:36 left
[K407.44 MB/480.46 MB | ===========================       84.80% | 469.7 KB/s | 00:02:36 left
[K407.54 MB/480.46 MB | ===========================       84.82% | 469.7 KB/s | 00:02:36 left
[K407.64 MB/480.46 MB | ===========================       84.84% | 469.7 KB/s | 00:02:36 left
[K407.71 MB/480.46 MB | ============================      84.86% | 469.7 KB/s | 00:02:36 left
[K407.76 MB/480.46 MB | ============================      84.87% | 469.7 KB/s | 00:02:36 left
[K407.83 MB/480.46 MB | ============================      84.88% | 823.7 KB/s | 00:01:28 left
[K407.89 MB/480.46 MB | ============================      84.90% | 823.7 KB/s | 00:01:28 left
[K407.94 MB/480.46 MB | ============================      84.91% | 823.7 KB/s | 00:01:28 left
[K408.01 MB/480.46 MB | ============================      84.92% | 823.7 KB/s | 00:01:28 left
[K408.09 MB/480.46 MB | ============================      84.94% | 823.7 KB/s | 00:01:28 left
[K408.17 MB/480.46 MB | ============================      84.96% | 823.7 KB/s | 00:01:28 left
[K408.26 MB/480.46 MB | ============================      84.97% | 823.7 KB/s | 00:01:28 left
[K408.34 MB/480.46 MB | ============================      84.99% | 823.7 KB/s | 00:01:28 left
[K408.45 MB/480.46 MB | ============================      85.01% | 823.7 KB/s | 00:01:28 left
[K408.53 MB/480.46 MB | ============================      85.03% | 823.7 KB/s | 00:01:28 left
[K408.62 MB/480.46 MB | ============================      85.05% | 881.8 KB/s | 00:01:21 left
[K408.67 MB/480.46 MB | ============================      85.06% | 881.8 KB/s | 00:01:21 left
[K408.73 MB/480.46 MB | ============================      85.07% | 881.8 KB/s | 00:01:21 left
[K408.80 MB/480.46 MB | ============================      85.09% | 881.8 KB/s | 00:01:21 left
[K408.89 MB/480.46 MB | ============================      85.10% | 881.8 KB/s | 00:01:21 left
[K408.95 MB/480.46 MB | ============================      85.12% | 881.8 KB/s | 00:01:21 left
[K409.01 MB/480.46 MB | ============================      85.13% | 881.8 KB/s | 00:01:21 left
[K409.10 MB/480.46 MB | ============================      85.15% | 881.8 KB/s | 00:01:21 left
[K409.18 MB/480.46 MB | ============================      85.16% | 881.8 KB/s | 00:01:21 left
[K409.26 MB/480.46 MB | ============================      85.18% | 881.8 KB/s | 00:01:21 left
[K409.33 MB/480.46 MB | ============================      85.20% | 881.8 KB/s | 00:01:21 left
[K409.44 MB/480.46 MB | ============================      85.22% | 856.6 KB/s | 00:01:23 left
[K409.54 MB/480.46 MB | ============================      85.24% | 856.6 KB/s | 00:01:23 left
[K409.69 MB/480.46 MB | ============================      85.27% | 856.6 KB/s | 00:01:23 left
[K409.80 MB/480.46 MB | ============================      85.29% | 856.6 KB/s | 00:01:23 left
[K409.92 MB/480.46 MB | ============================      85.32% | 856.6 KB/s | 00:01:23 left
[K410.00 MB/480.46 MB | ============================      85.34% | 856.6 KB/s | 00:01:23 left
[K410.08 MB/480.46 MB | ============================      85.35% | 856.6 KB/s | 00:01:23 left
[K410.14 MB/480.46 MB | ============================      85.36% | 856.6 KB/s | 00:01:23 left
[K410.18 MB/480.46 MB | ============================      85.37% | 856.6 KB/s | 00:01:23 left
[K410.25 MB/480.46 MB | ============================      85.39% | 856.6 KB/s | 00:01:23 left
[K410.32 MB/480.46 MB | ============================      85.40% | 816.5 KB/s | 00:01:26 left
[K410.36 MB/480.46 MB | ============================      85.41% | 816.5 KB/s | 00:01:26 left
[K410.42 MB/480.46 MB | ============================      85.42% | 816.5 KB/s | 00:01:26 left
[K410.47 MB/480.46 MB | ============================      85.43% | 816.5 KB/s | 00:01:26 left
[K410.55 MB/480.46 MB | ============================      85.45% | 816.5 KB/s | 00:01:26 left
[K410.66 MB/480.46 MB | ============================      85.47% | 816.5 KB/s | 00:01:26 left
[K410.79 MB/480.46 MB | ============================      85.50% | 816.5 KB/s | 00:01:26 left
[K410.93 MB/480.46 MB | ============================      85.53% | 816.5 KB/s | 00:01:26 left
[K411.07 MB/480.46 MB | ============================      85.56% | 816.5 KB/s | 00:01:26 left
[K411.17 MB/480.46 MB | ============================      85.58% | 816.5 KB/s | 00:01:26 left
[K411.27 MB/480.46 MB | ============================      85.60% | 816.5 KB/s | 00:01:26 left
[K411.38 MB/480.46 MB | ============================      85.62% | 816.5 KB/s | 00:01:26 left
[K411.49 MB/480.46 MB | ============================      85.65% | 1.1 MB/s | 00:01:01 left
[K411.63 MB/480.46 MB | ============================      85.67% | 1.1 MB/s | 00:01:01 left
[K411.70 MB/480.46 MB | ============================      85.69% | 1.1 MB/s | 00:01:01 left
[K411.81 MB/480.46 MB | ============================      85.71% | 1.1 MB/s | 00:01:01 left
[K411.92 MB/480.46 MB | ============================      85.74% | 1.1 MB/s | 00:01:01 left
[K412.02 MB/480.46 MB | ============================      85.76% | 1.1 MB/s | 00:01:01 left
[K412.16 MB/480.46 MB | ============================      85.79% | 1.1 MB/s | 00:01:01 left
[K412.27 MB/480.46 MB | ============================      85.81% | 1.1 MB/s | 00:01:01 left
[K412.38 MB/480.46 MB | ============================      85.83% | 1.1 MB/s | 00:01:01 left
[K412.50 MB/480.46 MB | ============================      85.86% | 1.1 MB/s | 00:01:01 left
[K412.61 MB/480.46 MB | ============================      85.88% | 1.3 MB/s | 00:00:51 left
[K412.73 MB/480.46 MB | ============================      85.90% | 1.3 MB/s | 00:00:51 left
[K412.86 MB/480.46 MB | ============================      85.93% | 1.3 MB/s | 00:00:51 left
[K413.03 MB/480.46 MB | ============================      85.97% | 1.3 MB/s | 00:00:51 left
[K413.15 MB/480.46 MB | ============================      85.99% | 1.3 MB/s | 00:00:51 left
[K413.26 MB/480.46 MB | ============================      86.01% | 1.3 MB/s | 00:00:51 left
[K413.38 MB/480.46 MB | ============================      86.04% | 1.3 MB/s | 00:00:51 left
[K413.49 MB/480.46 MB | ============================      86.06% | 1.3 MB/s | 00:00:51 left
[K413.62 MB/480.46 MB | ============================      86.09% | 1.3 MB/s | 00:00:51 left
[K413.71 MB/480.46 MB | ============================      86.11% | 1.3 MB/s | 00:00:51 left
[K413.79 MB/480.46 MB | ============================      86.12% | 1.1 MB/s | 00:00:58 left
[K413.84 MB/480.46 MB | ============================      86.14% | 1.1 MB/s | 00:00:58 left
[K413.92 MB/480.46 MB | ============================      86.15% | 1.1 MB/s | 00:00:58 left
[K413.99 MB/480.46 MB | ============================      86.17% | 1.1 MB/s | 00:00:58 left
[K414.10 MB/480.46 MB | ============================      86.19% | 1.1 MB/s | 00:00:58 left
[K414.18 MB/480.46 MB | ============================      86.21% | 1.1 MB/s | 00:00:58 left
[K414.30 MB/480.46 MB | ============================      86.23% | 1.1 MB/s | 00:00:58 left
[K414.41 MB/480.46 MB | ============================      86.25% | 1.1 MB/s | 00:00:58 left
[K414.52 MB/480.46 MB | ============================      86.28% | 1.1 MB/s | 00:00:58 left
[K414.70 MB/480.46 MB | ============================      86.31% | 1.1 MB/s | 00:00:58 left
[K414.82 MB/480.46 MB | ============================      86.34% | 1.1 MB/s | 00:00:58 left
[K415.01 MB/480.46 MB | ============================      86.38% | 1.1 MB/s | 00:00:58 left
[K415.16 MB/480.46 MB | ============================      86.41% | 1.4 MB/s | 00:00:48 left
[K415.31 MB/480.46 MB | ============================      86.44% | 1.4 MB/s | 00:00:48 left
[K415.39 MB/480.46 MB | ============================      86.46% | 1.4 MB/s | 00:00:48 left
[K415.47 MB/480.46 MB | ============================      86.47% | 1.4 MB/s | 00:00:48 left
[K415.54 MB/480.46 MB | ============================      86.49% | 1.4 MB/s | 00:00:48 left
[K415.65 MB/480.46 MB | ============================      86.51% | 1.4 MB/s | 00:00:48 left
[K415.72 MB/480.46 MB | ============================      86.53% | 1.4 MB/s | 00:00:48 left
[K415.79 MB/480.46 MB | ============================      86.54% | 1.4 MB/s | 00:00:48 left
[K415.89 MB/480.46 MB | ============================      86.56% | 1.4 MB/s | 00:00:48 left
[K415.95 MB/480.46 MB | ============================      86.57% | 1.4 MB/s | 00:00:48 left
[K416.04 MB/480.46 MB | ============================      86.59% | 1.0 MB/s | 00:01:03 left
[K416.15 MB/480.46 MB | ============================      86.62% | 1.0 MB/s | 00:01:03 left
[K416.26 MB/480.46 MB | ============================      86.64% | 1.0 MB/s | 00:01:03 left
[K416.40 MB/480.46 MB | ============================      86.67% | 1.0 MB/s | 00:01:03 left
[K416.49 MB/480.46 MB | ============================      86.69% | 1.0 MB/s | 00:01:03 left
[K416.61 MB/480.46 MB | ============================      86.71% | 1.0 MB/s | 00:01:03 left
[K416.78 MB/480.46 MB | ============================      86.75% | 1.0 MB/s | 00:01:03 left
[K416.96 MB/480.46 MB | ============================      86.78% | 1.0 MB/s | 00:01:03 left
[K417.13 MB/480.46 MB | ============================      86.82% | 1.0 MB/s | 00:01:03 left
[K417.33 MB/480.46 MB | ============================      86.86% | 1.0 MB/s | 00:01:03 left
[K417.52 MB/480.46 MB | ============================      86.90% | 1.6 MB/s | 00:00:39 left
[K417.65 MB/480.46 MB | ============================      86.93% | 1.6 MB/s | 00:00:39 left
[K417.84 MB/480.46 MB | ============================      86.97% | 1.6 MB/s | 00:00:39 left
[K418.02 MB/480.46 MB | ============================      87.00% | 1.6 MB/s | 00:00:39 left
[K418.17 MB/480.46 MB | ============================      87.04% | 1.6 MB/s | 00:00:39 left
[K418.29 MB/480.46 MB | ============================      87.06% | 1.6 MB/s | 00:00:39 left
[K418.42 MB/480.46 MB | ============================      87.09% | 1.6 MB/s | 00:00:39 left
[K418.50 MB/480.46 MB | ============================      87.10% | 1.6 MB/s | 00:00:39 left
[K418.62 MB/480.46 MB | ============================      87.13% | 1.6 MB/s | 00:00:39 left
[K418.72 MB/480.46 MB | ============================      87.15% | 1.6 MB/s | 00:00:39 left
[K418.82 MB/480.46 MB | ============================      87.17% | 1.3 MB/s | 00:00:46 left
[K418.92 MB/480.46 MB | ============================      87.19% | 1.3 MB/s | 00:00:46 left
[K419.04 MB/480.46 MB | ============================      87.22% | 1.3 MB/s | 00:00:46 left
[K419.14 MB/480.46 MB | ============================      87.24% | 1.3 MB/s | 00:00:46 left
[K419.29 MB/480.46 MB | ============================      87.27% | 1.3 MB/s | 00:00:46 left
[K419.41 MB/480.46 MB | ============================      87.29% | 1.3 MB/s | 00:00:46 left
[K419.52 MB/480.46 MB | ============================      87.32% | 1.3 MB/s | 00:00:46 left
[K419.62 MB/480.46 MB | ============================      87.34% | 1.3 MB/s | 00:00:46 left
[K419.71 MB/480.46 MB | ============================      87.36% | 1.3 MB/s | 00:00:46 left
[K419.82 MB/480.46 MB | ============================      87.38% | 1.3 MB/s | 00:00:46 left
[K419.90 MB/480.46 MB | ============================      87.40% | 1.1 MB/s | 00:00:53 left
[K419.98 MB/480.46 MB | ============================      87.41% | 1.1 MB/s | 00:00:53 left
[K420.09 MB/480.46 MB | ============================      87.44% | 1.1 MB/s | 00:00:53 left
[K420.21 MB/480.46 MB | ============================      87.46% | 1.1 MB/s | 00:00:53 left
[K420.35 MB/480.46 MB | ============================      87.49% | 1.1 MB/s | 00:00:53 left
[K420.44 MB/480.46 MB | ============================      87.51% | 1.1 MB/s | 00:00:53 left
[K420.56 MB/480.46 MB | ============================      87.53% | 1.1 MB/s | 00:00:53 left
[K420.70 MB/480.46 MB | ============================      87.56% | 1.1 MB/s | 00:00:53 left
[K420.86 MB/480.46 MB | ============================      87.60% | 1.1 MB/s | 00:00:53 left
[K421.02 MB/480.46 MB | ============================      87.63% | 1.1 MB/s | 00:00:53 left
[K421.15 MB/480.46 MB | ============================      87.66% | 1.1 MB/s | 00:00:53 left
[K421.32 MB/480.46 MB | ============================      87.69% | 1.5 MB/s | 00:00:40 left
[K421.53 MB/480.46 MB | ============================      87.73% | 1.5 MB/s | 00:00:40 left
[K421.75 MB/480.46 MB | ============================      87.78% | 1.5 MB/s | 00:00:40 left
[K421.99 MB/480.46 MB | ============================      87.83% | 1.5 MB/s | 00:00:40 left
[K422.21 MB/480.46 MB | =============================     87.88% | 1.5 MB/s | 00:00:40 left
[K422.45 MB/480.46 MB | =============================     87.93% | 1.5 MB/s | 00:00:40 left
[K422.67 MB/480.46 MB | =============================     87.97% | 1.5 MB/s | 00:00:40 left
[K422.83 MB/480.46 MB | =============================     88.01% | 1.5 MB/s | 00:00:40 left
[K422.99 MB/480.46 MB | =============================     88.04% | 1.5 MB/s | 00:00:40 left
[K423.14 MB/480.46 MB | =============================     88.07% | 1.5 MB/s | 00:00:40 left
[K423.24 MB/480.46 MB | =============================     88.09% | 2.0 MB/s | 00:00:29 left
[K423.36 MB/480.46 MB | =============================     88.12% | 2.0 MB/s | 00:00:29 left
[K423.46 MB/480.46 MB | =============================     88.14% | 2.0 MB/s | 00:00:29 left
[K423.58 MB/480.46 MB | =============================     88.16% | 2.0 MB/s | 00:00:29 left
[K423.73 MB/480.46 MB | =============================     88.19% | 2.0 MB/s | 00:00:29 left
[K423.87 MB/480.46 MB | =============================     88.22% | 2.0 MB/s | 00:00:29 left
[K424.03 MB/480.46 MB | =============================     88.25% | 2.0 MB/s | 00:00:29 left
[K424.20 MB/480.46 MB | =============================     88.29% | 2.0 MB/s | 00:00:29 left
[K424.37 MB/480.46 MB | =============================     88.33% | 2.0 MB/s | 00:00:29 left
[K424.50 MB/480.46 MB | =============================     88.35% | 2.0 MB/s | 00:00:29 left
[K424.62 MB/480.46 MB | =============================     88.38% | 1.4 MB/s | 00:00:39 left
[K424.69 MB/480.46 MB | =============================     88.39% | 1.4 MB/s | 00:00:39 left
[K424.75 MB/480.46 MB | =============================     88.41% | 1.4 MB/s | 00:00:39 left
[K424.84 MB/480.46 MB | =============================     88.42% | 1.4 MB/s | 00:00:39 left
[K424.96 MB/480.46 MB | =============================     88.45% | 1.4 MB/s | 00:00:39 left
[K425.11 MB/480.46 MB | =============================     88.48% | 1.4 MB/s | 00:00:39 left
[K425.30 MB/480.46 MB | =============================     88.52% | 1.4 MB/s | 00:00:39 left
[K425.43 MB/480.46 MB | =============================     88.55% | 1.4 MB/s | 00:00:39 left
[K425.62 MB/480.46 MB | =============================     88.59% | 1.4 MB/s | 00:00:39 left
[K425.75 MB/480.46 MB | =============================     88.61% | 1.4 MB/s | 00:00:39 left
[K425.87 MB/480.46 MB | =============================     88.64% | 1.4 MB/s | 00:00:39 left
[K426.05 MB/480.46 MB | =============================     88.68% | 1.5 MB/s | 00:00:35 left
[K426.16 MB/480.46 MB | =============================     88.70% | 1.5 MB/s | 00:00:35 left
[K426.27 MB/480.46 MB | =============================     88.72% | 1.5 MB/s | 00:00:35 left
[K426.35 MB/480.46 MB | =============================     88.74% | 1.5 MB/s | 00:00:35 left
[K426.42 MB/480.46 MB | =============================     88.75% | 1.5 MB/s | 00:00:35 left
[K426.49 MB/480.46 MB | =============================     88.77% | 1.5 MB/s | 00:00:35 left
[K426.58 MB/480.46 MB | =============================     88.79% | 1.5 MB/s | 00:00:35 left
[K426.68 MB/480.46 MB | =============================     88.81% | 1.5 MB/s | 00:00:35 left
[K426.76 MB/480.46 MB | =============================     88.82% | 1.5 MB/s | 00:00:35 left
[K426.80 MB/480.46 MB | =============================     88.83% | 824.9 KB/s | 00:01:05 left
[K426.85 MB/480.46 MB | =============================     88.84% | 824.9 KB/s | 00:01:05 left
[K426.92 MB/480.46 MB | =============================     88.86% | 824.9 KB/s | 00:01:05 left
[K427.02 MB/480.46 MB | =============================     88.88% | 824.9 KB/s | 00:01:05 left
[K427.15 MB/480.46 MB | =============================     88.91% | 824.9 KB/s | 00:01:05 left
[K427.25 MB/480.46 MB | =============================     88.93% | 824.9 KB/s | 00:01:05 left
[K427.40 MB/480.46 MB | =============================     88.96% | 824.9 KB/s | 00:01:05 left
[K427.50 MB/480.46 MB | =============================     88.98% | 824.9 KB/s | 00:01:05 left
[K427.61 MB/480.46 MB | =============================     89.00% | 824.9 KB/s | 00:01:05 left
[K427.74 MB/480.46 MB | =============================     89.03% | 824.9 KB/s | 00:01:05 left
[K427.86 MB/480.46 MB | =============================     89.05% | 824.9 KB/s | 00:01:05 left
[K427.96 MB/480.46 MB | =============================     89.07% | 1.1 MB/s | 00:00:47 left
[K428.03 MB/480.46 MB | =============================     89.09% | 1.1 MB/s | 00:00:47 left
[K428.11 MB/480.46 MB | =============================     89.11% | 1.1 MB/s | 00:00:47 left
[K428.22 MB/480.46 MB | =============================     89.13% | 1.1 MB/s | 00:00:47 left
[K428.32 MB/480.46 MB | =============================     89.15% | 1.1 MB/s | 00:00:47 left
[K428.44 MB/480.46 MB | =============================     89.17% | 1.1 MB/s | 00:00:47 left
[K428.58 MB/480.46 MB | =============================     89.20% | 1.1 MB/s | 00:00:47 left
[K428.68 MB/480.46 MB | =============================     89.22% | 1.1 MB/s | 00:00:47 left
[K428.81 MB/480.46 MB | =============================     89.25% | 1.1 MB/s | 00:00:47 left
[K428.94 MB/480.46 MB | =============================     89.28% | 1.1 MB/s | 00:00:47 left
[K429.04 MB/480.46 MB | =============================     89.30% | 1.1 MB/s | 00:00:47 left
[K429.15 MB/480.46 MB | =============================     89.32% | 1.2 MB/s | 00:00:43 left
[K429.27 MB/480.46 MB | =============================     89.35% | 1.2 MB/s | 00:00:43 left
[K429.35 MB/480.46 MB | =============================     89.36% | 1.2 MB/s | 00:00:43 left
[K429.47 MB/480.46 MB | =============================     89.39% | 1.2 MB/s | 00:00:43 left
[K429.59 MB/480.46 MB | =============================     89.41% | 1.2 MB/s | 00:00:43 left
[K429.75 MB/480.46 MB | =============================     89.45% | 1.2 MB/s | 00:00:43 left
[K429.89 MB/480.46 MB | =============================     89.48% | 1.2 MB/s | 00:00:43 left
[K430.10 MB/480.46 MB | =============================     89.52% | 1.2 MB/s | 00:00:43 left
[K430.30 MB/480.46 MB | =============================     89.56% | 1.2 MB/s | 00:00:43 left
[K430.49 MB/480.46 MB | =============================     89.60% | 1.2 MB/s | 00:00:43 left
[K430.61 MB/480.46 MB | =============================     89.62% | 1.7 MB/s | 00:00:29 left
[K430.75 MB/480.46 MB | =============================     89.65% | 1.7 MB/s | 00:00:29 left
[K430.83 MB/480.46 MB | =============================     89.67% | 1.7 MB/s | 00:00:29 left
[K430.94 MB/480.46 MB | =============================     89.69% | 1.7 MB/s | 00:00:29 left
[K431.05 MB/480.46 MB | =============================     89.72% | 1.7 MB/s | 00:00:29 left
[K431.16 MB/480.46 MB | =============================     89.74% | 1.7 MB/s | 00:00:29 left
[K431.31 MB/480.46 MB | =============================     89.77% | 1.7 MB/s | 00:00:29 left
[K431.45 MB/480.46 MB | =============================     89.80% | 1.7 MB/s | 00:00:29 left
[K431.59 MB/480.46 MB | =============================     89.83% | 1.7 MB/s | 00:00:29 left
[K431.77 MB/480.46 MB | =============================     89.87% | 1.7 MB/s | 00:00:29 left
[K431.92 MB/480.46 MB | =============================     89.90% | 1.6 MB/s | 00:00:31 left
[K432.10 MB/480.46 MB | =============================     89.93% | 1.6 MB/s | 00:00:31 left
[K432.26 MB/480.46 MB | =============================     89.97% | 1.6 MB/s | 00:00:31 left
[K432.49 MB/480.46 MB | =============================     90.02% | 1.6 MB/s | 00:00:31 left
[K432.74 MB/480.46 MB | =============================     90.07% | 1.6 MB/s | 00:00:31 left
[K432.88 MB/480.46 MB | =============================     90.10% | 1.6 MB/s | 00:00:31 left
[K433.00 MB/480.46 MB | =============================     90.12% | 1.6 MB/s | 00:00:31 left
[K433.10 MB/480.46 MB | =============================     90.14% | 1.6 MB/s | 00:00:31 left
[K433.18 MB/480.46 MB | =============================     90.16% | 1.6 MB/s | 00:00:31 left
[K433.27 MB/480.46 MB | =============================     90.18% | 1.5 MB/s | 00:00:32 left
[K433.34 MB/480.46 MB | =============================     90.19% | 1.5 MB/s | 00:00:32 left
[K433.43 MB/480.46 MB | =============================     90.21% | 1.5 MB/s | 00:00:32 left
[K433.51 MB/480.46 MB | =============================     90.23% | 1.5 MB/s | 00:00:32 left
[K433.58 MB/480.46 MB | =============================     90.24% | 1.5 MB/s | 00:00:32 left
[K433.69 MB/480.46 MB | =============================     90.27% | 1.5 MB/s | 00:00:32 left
[K433.80 MB/480.46 MB | =============================     90.29% | 1.5 MB/s | 00:00:32 left
[K433.95 MB/480.46 MB | =============================     90.32% | 1.5 MB/s | 00:00:32 left
[K434.10 MB/480.46 MB | =============================     90.35% | 1.5 MB/s | 00:00:32 left
[K434.33 MB/480.46 MB | =============================     90.40% | 1.5 MB/s | 00:00:32 left
[K434.52 MB/480.46 MB | =============================     90.44% | 1.5 MB/s | 00:00:32 left
[K434.62 MB/480.46 MB | =============================     90.46% | 1.4 MB/s | 00:00:33 left
[K434.72 MB/480.46 MB | =============================     90.48% | 1.4 MB/s | 00:00:33 left
[K434.87 MB/480.46 MB | =============================     90.51% | 1.4 MB/s | 00:00:33 left
[K435.03 MB/480.46 MB | =============================     90.55% | 1.4 MB/s | 00:00:33 left
[K435.18 MB/480.46 MB | =============================     90.58% | 1.4 MB/s | 00:00:33 left
[K435.38 MB/480.46 MB | =============================     90.62% | 1.4 MB/s | 00:00:33 left
[K435.53 MB/480.46 MB | =============================     90.65% | 1.4 MB/s | 00:00:33 left
[K435.68 MB/480.46 MB | =============================     90.68% | 1.4 MB/s | 00:00:33 left
[K435.80 MB/480.46 MB | =============================     90.70% | 1.4 MB/s | 00:00:33 left
[K435.91 MB/480.46 MB | =============================     90.73% | 1.4 MB/s | 00:00:33 left
[K436.03 MB/480.46 MB | =============================     90.75% | 1.4 MB/s | 00:00:33 left
[K436.17 MB/480.46 MB | =============================     90.78% | 1.5 MB/s | 00:00:29 left
[K436.31 MB/480.46 MB | =============================     90.81% | 1.5 MB/s | 00:00:29 left
[K436.45 MB/480.46 MB | =============================     90.84% | 1.5 MB/s | 00:00:29 left
[K436.55 MB/480.46 MB | =============================     90.86% | 1.5 MB/s | 00:00:29 left
[K436.62 MB/480.46 MB | =============================     90.88% | 1.5 MB/s | 00:00:29 left
[K436.68 MB/480.46 MB | =============================     90.89% | 1.5 MB/s | 00:00:29 left
[K436.74 MB/480.46 MB | =============================     90.90% | 1.5 MB/s | 00:00:29 left
[K436.82 MB/480.46 MB | ==============================    90.92% | 1.5 MB/s | 00:00:29 left
[K436.95 MB/480.46 MB | ==============================    90.94% | 1.5 MB/s | 00:00:29 left
[K437.04 MB/480.46 MB | ==============================    90.96% | 962.0 KB/s | 00:00:45 left
[K437.12 MB/480.46 MB | ==============================    90.98% | 962.0 KB/s | 00:00:45 left
[K437.22 MB/480.46 MB | ==============================    91.00% | 962.0 KB/s | 00:00:45 left
[K437.32 MB/480.46 MB | ==============================    91.02% | 962.0 KB/s | 00:00:45 left
[K437.39 MB/480.46 MB | ==============================    91.04% | 962.0 KB/s | 00:00:45 left
[K437.50 MB/480.46 MB | ==============================    91.06% | 962.0 KB/s | 00:00:45 left
[K437.56 MB/480.46 MB | ==============================    91.07% | 962.0 KB/s | 00:00:45 left
[K437.63 MB/480.46 MB | ==============================    91.09% | 962.0 KB/s | 00:00:45 left
[K437.68 MB/480.46 MB | ==============================    91.10% | 962.0 KB/s | 00:00:45 left
[K437.77 MB/480.46 MB | ==============================    91.12% | 962.0 KB/s | 00:00:45 left
[K437.88 MB/480.46 MB | ==============================    91.14% | 890.3 KB/s | 00:00:48 left
[K437.98 MB/480.46 MB | ==============================    91.16% | 890.3 KB/s | 00:00:48 left
[K438.08 MB/480.46 MB | ==============================    91.18% | 890.3 KB/s | 00:00:48 left
[K438.20 MB/480.46 MB | ==============================    91.21% | 890.3 KB/s | 00:00:48 left
[K438.29 MB/480.46 MB | ==============================    91.22% | 890.3 KB/s | 00:00:48 left
[K438.42 MB/480.46 MB | ==============================    91.25% | 890.3 KB/s | 00:00:48 left
[K438.53 MB/480.46 MB | ==============================    91.27% | 890.3 KB/s | 00:00:48 left
[K438.67 MB/480.46 MB | ==============================    91.30% | 890.3 KB/s | 00:00:48 left
[K438.84 MB/480.46 MB | ==============================    91.34% | 890.3 KB/s | 00:00:48 left
[K438.98 MB/480.46 MB | ==============================    91.37% | 890.3 KB/s | 00:00:48 left
[K439.09 MB/480.46 MB | ==============================    91.39% | 1.3 MB/s | 00:00:33 left
[K439.17 MB/480.46 MB | ==============================    91.41% | 1.3 MB/s | 00:00:33 left
[K439.24 MB/480.46 MB | ==============================    91.42% | 1.3 MB/s | 00:00:33 left
[K439.31 MB/480.46 MB | ==============================    91.44% | 1.3 MB/s | 00:00:33 left
[K439.41 MB/480.46 MB | ==============================    91.46% | 1.3 MB/s | 00:00:33 left
[K439.49 MB/480.46 MB | ==============================    91.47% | 1.3 MB/s | 00:00:33 left
[K439.56 MB/480.46 MB | ==============================    91.49% | 1.3 MB/s | 00:00:33 left
[K439.64 MB/480.46 MB | ==============================    91.51% | 1.3 MB/s | 00:00:33 left
[K439.72 MB/480.46 MB | ==============================    91.52% | 1.3 MB/s | 00:00:33 left
[K439.83 MB/480.46 MB | ==============================    91.54% | 1.3 MB/s | 00:00:33 left
[K439.90 MB/480.46 MB | ==============================    91.56% | 1.3 MB/s | 00:00:33 left
[K439.97 MB/480.46 MB | ==============================    91.57% | 889.3 KB/s | 00:00:46 left
[K440.03 MB/480.46 MB | ==============================    91.59% | 889.3 KB/s | 00:00:46 left
[K440.11 MB/480.46 MB | ==============================    91.60% | 889.3 KB/s | 00:00:46 left
[K440.21 MB/480.46 MB | ==============================    91.62% | 889.3 KB/s | 00:00:46 left
[K440.31 MB/480.46 MB | ==============================    91.64% | 889.3 KB/s | 00:00:46 left
[K440.41 MB/480.46 MB | ==============================    91.66% | 889.3 KB/s | 00:00:46 left
[K440.55 MB/480.46 MB | ==============================    91.69% | 889.3 KB/s | 00:00:46 left
[K440.66 MB/480.46 MB | ==============================    91.72% | 889.3 KB/s | 00:00:46 left
[K440.81 MB/480.46 MB | ==============================    91.75% | 889.3 KB/s | 00:00:46 left
[K440.97 MB/480.46 MB | ==============================    91.78% | 889.3 KB/s | 00:00:46 left
[K441.19 MB/480.46 MB | ==============================    91.83% | 889.3 KB/s | 00:00:46 left
[K441.37 MB/480.46 MB | ==============================    91.86% | 889.3 KB/s | 00:00:46 left
[K441.54 MB/480.46 MB | ==============================    91.90% | 1.5 MB/s | 00:00:25 left
[K441.74 MB/480.46 MB | ==============================    91.94% | 1.5 MB/s | 00:00:25 left
[K441.89 MB/480.46 MB | ==============================    91.97% | 1.5 MB/s | 00:00:25 left
[K442.07 MB/480.46 MB | ==============================    92.01% | 1.5 MB/s | 00:00:25 left
[K442.17 MB/480.46 MB | ==============================    92.03% | 1.5 MB/s | 00:00:25 left
[K442.23 MB/480.46 MB | ==============================    92.04% | 1.5 MB/s | 00:00:25 left
[K442.30 MB/480.46 MB | ==============================    92.06% | 1.5 MB/s | 00:00:25 left
[K442.37 MB/480.46 MB | ==============================    92.07% | 1.5 MB/s | 00:00:25 left
[K442.42 MB/480.46 MB | ==============================    92.08% | 1.5 MB/s | 00:00:25 left
[K442.47 MB/480.46 MB | ==============================    92.09% | 991.0 KB/s | 00:00:38 left
[K442.53 MB/480.46 MB | ==============================    92.11% | 991.0 KB/s | 00:00:38 left
[K442.59 MB/480.46 MB | ==============================    92.12% | 991.0 KB/s | 00:00:38 left
[K442.66 MB/480.46 MB | ==============================    92.13% | 991.0 KB/s | 00:00:38 left
[K442.76 MB/480.46 MB | ==============================    92.15% | 991.0 KB/s | 00:00:38 left
[K442.84 MB/480.46 MB | ==============================    92.17% | 991.0 KB/s | 00:00:38 left
[K442.92 MB/480.46 MB | ==============================    92.19% | 991.0 KB/s | 00:00:38 left
[K443.03 MB/480.46 MB | ==============================    92.21% | 991.0 KB/s | 00:00:38 left
[K443.13 MB/480.46 MB | ==============================    92.23% | 991.0 KB/s | 00:00:38 left
[K443.22 MB/480.46 MB | ==============================    92.25% | 991.0 KB/s | 00:00:38 left
[K443.31 MB/480.46 MB | ==============================    92.27% | 991.0 KB/s | 00:00:38 left
[K443.38 MB/480.46 MB | ==============================    92.28% | 887.4 KB/s | 00:00:42 left
[K443.44 MB/480.46 MB | ==============================    92.29% | 887.4 KB/s | 00:00:42 left
[K443.52 MB/480.46 MB | ==============================    92.31% | 887.4 KB/s | 00:00:42 left
[K443.60 MB/480.46 MB | ==============================    92.33% | 887.4 KB/s | 00:00:42 left
[K443.73 MB/480.46 MB | ==============================    92.36% | 887.4 KB/s | 00:00:42 left
[K443.80 MB/480.46 MB | ==============================    92.37% | 887.4 KB/s | 00:00:42 left
[K443.89 MB/480.46 MB | ==============================    92.39% | 887.4 KB/s | 00:00:42 left
[K444.00 MB/480.46 MB | ==============================    92.41% | 887.4 KB/s | 00:00:42 left
[K444.16 MB/480.46 MB | ==============================    92.44% | 887.4 KB/s | 00:00:42 left
[K444.33 MB/480.46 MB | ==============================    92.48% | 887.4 KB/s | 00:00:42 left
[K444.55 MB/480.46 MB | ==============================    92.53% | 887.4 KB/s | 00:00:42 left
[K444.81 MB/480.46 MB | ==============================    92.58% | 887.4 KB/s | 00:00:42 left
[K444.99 MB/480.46 MB | ==============================    92.62% | 1.5 MB/s | 00:00:24 left
[K445.11 MB/480.46 MB | ==============================    92.64% | 1.5 MB/s | 00:00:24 left
[K445.30 MB/480.46 MB | ==============================    92.68% | 1.5 MB/s | 00:00:24 left
[K445.40 MB/480.46 MB | ==============================    92.70% | 1.5 MB/s | 00:00:24 left
[K445.54 MB/480.46 MB | ==============================    92.73% | 1.5 MB/s | 00:00:24 left
[K445.63 MB/480.46 MB | ==============================    92.75% | 1.5 MB/s | 00:00:24 left
[K445.76 MB/480.46 MB | ==============================    92.78% | 1.5 MB/s | 00:00:24 left
[K445.81 MB/480.46 MB | ==============================    92.79% | 1.5 MB/s | 00:00:24 left
[K445.85 MB/480.46 MB | ==============================    92.80% | 1.5 MB/s | 00:00:24 left
[K445.90 MB/480.46 MB | ==============================    92.81% | 904.2 KB/s | 00:00:38 left
[K445.94 MB/480.46 MB | ==============================    92.82% | 904.2 KB/s | 00:00:38 left
[K446.00 MB/480.46 MB | ==============================    92.83% | 904.2 KB/s | 00:00:38 left
[K446.06 MB/480.46 MB | ==============================    92.84% | 904.2 KB/s | 00:00:38 left
[K446.13 MB/480.46 MB | ==============================    92.86% | 904.2 KB/s | 00:00:38 left
[K446.19 MB/480.46 MB | ==============================    92.87% | 904.2 KB/s | 00:00:38 left
[K446.29 MB/480.46 MB | ==============================    92.89% | 904.2 KB/s | 00:00:38 left
[K446.35 MB/480.46 MB | ==============================    92.90% | 904.2 KB/s | 00:00:38 left
[K446.41 MB/480.46 MB | ==============================    92.91% | 904.2 KB/s | 00:00:38 left
[K446.47 MB/480.46 MB | ==============================    92.93% | 904.2 KB/s | 00:00:38 left
[K446.54 MB/480.46 MB | ==============================    92.94% | 904.2 KB/s | 00:00:38 left
[K446.63 MB/480.46 MB | ==============================    92.96% | 729.9 KB/s | 00:00:46 left
[K446.71 MB/480.46 MB | ==============================    92.98% | 729.9 KB/s | 00:00:46 left
[K446.82 MB/480.46 MB | ==============================    93.00% | 729.9 KB/s | 00:00:46 left
[K446.95 MB/480.46 MB | ==============================    93.03% | 729.9 KB/s | 00:00:46 left
[K447.11 MB/480.46 MB | ==============================    93.06% | 729.9 KB/s | 00:00:46 left
[K447.28 MB/480.46 MB | ==============================    93.09% | 729.9 KB/s | 00:00:46 left
[K447.39 MB/480.46 MB | ==============================    93.12% | 729.9 KB/s | 00:00:46 left
[K447.52 MB/480.46 MB | ==============================    93.14% | 729.9 KB/s | 00:00:46 left
[K447.65 MB/480.46 MB | ==============================    93.17% | 729.9 KB/s | 00:00:46 left
[K447.83 MB/480.46 MB | ==============================    93.21% | 729.9 KB/s | 00:00:46 left
[K448.05 MB/480.46 MB | ==============================    93.26% | 729.9 KB/s | 00:00:46 left
[K448.23 MB/480.46 MB | ==============================    93.29% | 1.7 MB/s | 00:00:19 left
[K448.45 MB/480.46 MB | ==============================    93.34% | 1.7 MB/s | 00:00:19 left
[K448.67 MB/480.46 MB | ==============================    93.38% | 1.7 MB/s | 00:00:19 left
[K448.79 MB/480.46 MB | ==============================    93.41% | 1.7 MB/s | 00:00:19 left
[K448.91 MB/480.46 MB | ==============================    93.43% | 1.7 MB/s | 00:00:19 left
[K449.08 MB/480.46 MB | ==============================    93.47% | 1.7 MB/s | 00:00:19 left
[K449.19 MB/480.46 MB | ==============================    93.49% | 1.7 MB/s | 00:00:19 left
[K449.34 MB/480.46 MB | ==============================    93.52% | 1.7 MB/s | 00:00:19 left
[K449.52 MB/480.46 MB | ==============================    93.56% | 1.7 MB/s | 00:00:19 left
[K449.65 MB/480.46 MB | ==============================    93.59% | 1.7 MB/s | 00:00:19 left
[K449.84 MB/480.46 MB | ==============================    93.63% | 1.6 MB/s | 00:00:19 left
[K449.96 MB/480.46 MB | ==============================    93.65% | 1.6 MB/s | 00:00:19 left
[K450.05 MB/480.46 MB | ==============================    93.67% | 1.6 MB/s | 00:00:19 left
[K450.15 MB/480.46 MB | ==============================    93.69% | 1.6 MB/s | 00:00:19 left
[K450.26 MB/480.46 MB | ==============================    93.72% | 1.6 MB/s | 00:00:19 left
[K450.41 MB/480.46 MB | ==============================    93.75% | 1.6 MB/s | 00:00:19 left
[K450.53 MB/480.46 MB | ==============================    93.77% | 1.6 MB/s | 00:00:19 left
[K450.69 MB/480.46 MB | ==============================    93.80% | 1.6 MB/s | 00:00:19 left
[K450.87 MB/480.46 MB | ==============================    93.84% | 1.6 MB/s | 00:00:19 left
[K451.02 MB/480.46 MB | ==============================    93.87% | 1.6 MB/s | 00:00:19 left
[K451.13 MB/480.46 MB | ==============================    93.90% | 1.4 MB/s | 00:00:21 left
[K451.25 MB/480.46 MB | ==============================    93.92% | 1.4 MB/s | 00:00:21 left
[K451.36 MB/480.46 MB | ===============================   93.94% | 1.4 MB/s | 00:00:21 left
[K451.51 MB/480.46 MB | ===============================   93.98% | 1.4 MB/s | 00:00:21 left
[K451.69 MB/480.46 MB | ===============================   94.01% | 1.4 MB/s | 00:00:21 left
[K451.79 MB/480.46 MB | ===============================   94.03% | 1.4 MB/s | 00:00:21 left
[K451.89 MB/480.46 MB | ===============================   94.05% | 1.4 MB/s | 00:00:21 left
[K451.99 MB/480.46 MB | ===============================   94.07% | 1.4 MB/s | 00:00:21 left
[K452.08 MB/480.46 MB | ===============================   94.09% | 1.4 MB/s | 00:00:21 left
[K452.15 MB/480.46 MB | ===============================   94.11% | 1.4 MB/s | 00:00:21 left
[K452.23 MB/480.46 MB | ===============================   94.12% | 1.1 MB/s | 00:00:25 left
[K452.31 MB/480.46 MB | ===============================   94.14% | 1.1 MB/s | 00:00:25 left
[K452.42 MB/480.46 MB | ===============================   94.16% | 1.1 MB/s | 00:00:25 left
[K452.57 MB/480.46 MB | ===============================   94.19% | 1.1 MB/s | 00:00:25 left
[K452.72 MB/480.46 MB | ===============================   94.23% | 1.1 MB/s | 00:00:25 left
[K452.87 MB/480.46 MB | ===============================   94.26% | 1.1 MB/s | 00:00:25 left
[K453.01 MB/480.46 MB | ===============================   94.29% | 1.1 MB/s | 00:00:25 left
[K453.15 MB/480.46 MB | ===============================   94.32% | 1.1 MB/s | 00:00:25 left
[K453.30 MB/480.46 MB | ===============================   94.35% | 1.1 MB/s | 00:00:25 left
[K453.41 MB/480.46 MB | ===============================   94.37% | 1.1 MB/s | 00:00:25 left
[K453.52 MB/480.46 MB | ===============================   94.39% | 1.4 MB/s | 00:00:20 left
[K453.60 MB/480.46 MB | ===============================   94.41% | 1.4 MB/s | 00:00:20 left
[K453.68 MB/480.46 MB | ===============================   94.43% | 1.4 MB/s | 00:00:20 left
[K453.79 MB/480.46 MB | ===============================   94.45% | 1.4 MB/s | 00:00:20 left
[K453.86 MB/480.46 MB | ===============================   94.46% | 1.4 MB/s | 00:00:20 left
[K453.91 MB/480.46 MB | ===============================   94.48% | 1.4 MB/s | 00:00:20 left
[K454.00 MB/480.46 MB | ===============================   94.49% | 1.4 MB/s | 00:00:20 left
[K454.11 MB/480.46 MB | ===============================   94.52% | 1.4 MB/s | 00:00:20 left
[K454.23 MB/480.46 MB | ===============================   94.54% | 1.4 MB/s | 00:00:20 left
[K454.34 MB/480.46 MB | ===============================   94.57% | 1.4 MB/s | 00:00:20 left
[K454.44 MB/480.46 MB | ===============================   94.59% | 1.0 MB/s | 00:00:26 left
[K454.53 MB/480.46 MB | ===============================   94.60% | 1.0 MB/s | 00:00:26 left
[K454.62 MB/480.46 MB | ===============================   94.62% | 1.0 MB/s | 00:00:26 left
[K454.71 MB/480.46 MB | ===============================   94.64% | 1.0 MB/s | 00:00:26 left
[K454.77 MB/480.46 MB | ===============================   94.65% | 1.0 MB/s | 00:00:26 left
[K454.86 MB/480.46 MB | ===============================   94.67% | 1.0 MB/s | 00:00:26 left
[K454.92 MB/480.46 MB | ===============================   94.69% | 1.0 MB/s | 00:00:26 left
[K454.97 MB/480.46 MB | ===============================   94.70% | 1.0 MB/s | 00:00:26 left
[K455.02 MB/480.46 MB | ===============================   94.71% | 1.0 MB/s | 00:00:26 left
[K455.07 MB/480.46 MB | ===============================   94.72% | 1.0 MB/s | 00:00:26 left
[K455.15 MB/480.46 MB | ===============================   94.73% | 783.1 KB/s | 00:00:32 left
[K455.26 MB/480.46 MB | ===============================   94.75% | 783.1 KB/s | 00:00:32 left
[K455.33 MB/480.46 MB | ===============================   94.77% | 783.1 KB/s | 00:00:32 left
[K455.45 MB/480.46 MB | ===============================   94.80% | 783.1 KB/s | 00:00:32 left
[K455.56 MB/480.46 MB | ===============================   94.82% | 783.1 KB/s | 00:00:32 left
[K455.68 MB/480.46 MB | ===============================   94.84% | 783.1 KB/s | 00:00:32 left
[K455.78 MB/480.46 MB | ===============================   94.86% | 783.1 KB/s | 00:00:32 left
[K455.90 MB/480.46 MB | ===============================   94.89% | 783.1 KB/s | 00:00:32 left
[K455.99 MB/480.46 MB | ===============================   94.91% | 783.1 KB/s | 00:00:32 left
[K456.09 MB/480.46 MB | ===============================   94.93% | 783.1 KB/s | 00:00:32 left
[K456.20 MB/480.46 MB | ===============================   94.95% | 1.2 MB/s | 00:00:20 left
[K456.31 MB/480.46 MB | ===============================   94.97% | 1.2 MB/s | 00:00:20 left
[K456.39 MB/480.46 MB | ===============================   94.99% | 1.2 MB/s | 00:00:20 left
[K456.50 MB/480.46 MB | ===============================   95.01% | 1.2 MB/s | 00:00:20 left
[K456.61 MB/480.46 MB | ===============================   95.04% | 1.2 MB/s | 00:00:20 left
[K456.75 MB/480.46 MB | ===============================   95.07% | 1.2 MB/s | 00:00:20 left
[K456.85 MB/480.46 MB | ===============================   95.09% | 1.2 MB/s | 00:00:20 left
[K456.98 MB/480.46 MB | ===============================   95.11% | 1.2 MB/s | 00:00:20 left
[K457.11 MB/480.46 MB | ===============================   95.14% | 1.2 MB/s | 00:00:20 left
[K457.26 MB/480.46 MB | ===============================   95.17% | 1.2 MB/s | 00:00:20 left
[K457.38 MB/480.46 MB | ===============================   95.20% | 1.2 MB/s | 00:00:20 left
[K457.54 MB/480.46 MB | ===============================   95.23% | 1.3 MB/s | 00:00:17 left
[K457.65 MB/480.46 MB | ===============================   95.25% | 1.3 MB/s | 00:00:17 left
[K457.75 MB/480.46 MB | ===============================   95.27% | 1.3 MB/s | 00:00:17 left
[K457.86 MB/480.46 MB | ===============================   95.30% | 1.3 MB/s | 00:00:17 left
[K457.99 MB/480.46 MB | ===============================   95.32% | 1.3 MB/s | 00:00:17 left
[K458.16 MB/480.46 MB | ===============================   95.36% | 1.3 MB/s | 00:00:17 left
[K458.33 MB/480.46 MB | ===============================   95.39% | 1.3 MB/s | 00:00:17 left
[K458.55 MB/480.46 MB | ===============================   95.44% | 1.3 MB/s | 00:00:17 left
[K458.74 MB/480.46 MB | ===============================   95.48% | 1.3 MB/s | 00:00:17 left
[K458.88 MB/480.46 MB | ===============================   95.51% | 1.3 MB/s | 00:00:17 left
[K459.07 MB/480.46 MB | ===============================   95.55% | 1.6 MB/s | 00:00:13 left
[K459.17 MB/480.46 MB | ===============================   95.57% | 1.6 MB/s | 00:00:13 left
[K459.34 MB/480.46 MB | ===============================   95.60% | 1.6 MB/s | 00:00:13 left
[K459.40 MB/480.46 MB | ===============================   95.62% | 1.6 MB/s | 00:00:13 left
[K459.48 MB/480.46 MB | ===============================   95.63% | 1.6 MB/s | 00:00:13 left
[K459.56 MB/480.46 MB | ===============================   95.65% | 1.6 MB/s | 00:00:13 left
[K459.68 MB/480.46 MB | ===============================   95.68% | 1.6 MB/s | 00:00:13 left
[K459.79 MB/480.46 MB | ===============================   95.70% | 1.6 MB/s | 00:00:13 left
[K459.93 MB/480.46 MB | ===============================   95.73% | 1.6 MB/s | 00:00:13 left
[K460.01 MB/480.46 MB | ===============================   95.74% | 946.6 KB/s | 00:00:22 left
[K460.07 MB/480.46 MB | ===============================   95.76% | 946.6 KB/s | 00:00:22 left
[K460.14 MB/480.46 MB | ===============================   95.77% | 946.6 KB/s | 00:00:22 left
[K460.25 MB/480.46 MB | ===============================   95.79% | 946.6 KB/s | 00:00:22 left
[K460.33 MB/480.46 MB | ===============================   95.81% | 946.6 KB/s | 00:00:22 left
[K460.42 MB/480.46 MB | ===============================   95.83% | 946.6 KB/s | 00:00:22 left
[K460.52 MB/480.46 MB | ===============================   95.85% | 946.6 KB/s | 00:00:22 left
[K460.66 MB/480.46 MB | ===============================   95.88% | 946.6 KB/s | 00:00:22 left
[K460.82 MB/480.46 MB | ===============================   95.91% | 946.6 KB/s | 00:00:22 left
[K460.97 MB/480.46 MB | ===============================   95.94% | 946.6 KB/s | 00:00:22 left
[K461.14 MB/480.46 MB | ===============================   95.98% | 946.6 KB/s | 00:00:22 left
[K461.35 MB/480.46 MB | ===============================   96.02% | 1.5 MB/s | 00:00:13 left
[K461.54 MB/480.46 MB | ===============================   96.06% | 1.5 MB/s | 00:00:13 left
[K461.72 MB/480.46 MB | ===============================   96.10% | 1.5 MB/s | 00:00:13 left
[K461.85 MB/480.46 MB | ===============================   96.13% | 1.5 MB/s | 00:00:13 left
[K462.05 MB/480.46 MB | ===============================   96.17% | 1.5 MB/s | 00:00:13 left
[K462.20 MB/480.46 MB | ===============================   96.20% | 1.5 MB/s | 00:00:13 left
[K462.34 MB/480.46 MB | ===============================   96.23% | 1.5 MB/s | 00:00:13 left
[K462.49 MB/480.46 MB | ===============================   96.26% | 1.5 MB/s | 00:00:13 left
[K462.69 MB/480.46 MB | ===============================   96.30% | 1.5 MB/s | 00:00:13 left
[K462.90 MB/480.46 MB | ===============================   96.35% | 1.5 MB/s | 00:00:13 left
[K463.10 MB/480.46 MB | ===============================   96.39% | 1.8 MB/s | 00:00:09 left
[K463.24 MB/480.46 MB | ===============================   96.42% | 1.8 MB/s | 00:00:09 left
[K463.40 MB/480.46 MB | ===============================   96.45% | 1.8 MB/s | 00:00:09 left
[K463.52 MB/480.46 MB | ===============================   96.47% | 1.8 MB/s | 00:00:09 left
[K463.61 MB/480.46 MB | ===============================   96.49% | 1.8 MB/s | 00:00:09 left
[K463.76 MB/480.46 MB | ===============================   96.52% | 1.8 MB/s | 00:00:09 left
[K463.87 MB/480.46 MB | ===============================   96.55% | 1.8 MB/s | 00:00:09 left
[K463.98 MB/480.46 MB | ===============================   96.57% | 1.8 MB/s | 00:00:09 left
[K464.14 MB/480.46 MB | ===============================   96.60% | 1.8 MB/s | 00:00:09 left
[K464.22 MB/480.46 MB | ===============================   96.62% | 1.8 MB/s | 00:00:09 left
[K464.35 MB/480.46 MB | ===============================   96.65% | 1.3 MB/s | 00:00:13 left
[K464.46 MB/480.46 MB | ===============================   96.67% | 1.3 MB/s | 00:00:13 left
[K464.57 MB/480.46 MB | ===============================   96.69% | 1.3 MB/s | 00:00:13 left
[K464.73 MB/480.46 MB | ===============================   96.73% | 1.3 MB/s | 00:00:13 left
[K464.90 MB/480.46 MB | ===============================   96.76% | 1.3 MB/s | 00:00:13 left
[K465.04 MB/480.46 MB | ===============================   96.79% | 1.3 MB/s | 00:00:13 left
[K465.26 MB/480.46 MB | ===============================   96.84% | 1.3 MB/s | 00:00:13 left
[K465.47 MB/480.46 MB | ===============================   96.88% | 1.3 MB/s | 00:00:13 left
[K465.64 MB/480.46 MB | ===============================   96.92% | 1.3 MB/s | 00:00:13 left
[K465.77 MB/480.46 MB | ===============================   96.94% | 1.3 MB/s | 00:00:13 left
[K465.98 MB/480.46 MB | ================================  96.99% | 1.3 MB/s | 00:00:13 left
[K466.16 MB/480.46 MB | ================================  97.02% | 1.3 MB/s | 00:00:13 left
[K466.44 MB/480.46 MB | ================================  97.08% | 2.0 MB/s | 00:00:07 left
[K466.65 MB/480.46 MB | ================================  97.13% | 2.0 MB/s | 00:00:07 left
[K466.84 MB/480.46 MB | ================================  97.16% | 2.0 MB/s | 00:00:07 left
[K467.07 MB/480.46 MB | ================================  97.21% | 2.0 MB/s | 00:00:07 left
[K467.21 MB/480.46 MB | ================================  97.24% | 2.0 MB/s | 00:00:07 left
[K467.41 MB/480.46 MB | ================================  97.28% | 2.0 MB/s | 00:00:07 left
[K467.64 MB/480.46 MB | ================================  97.33% | 2.0 MB/s | 00:00:07 left
[K467.76 MB/480.46 MB | ================================  97.36% | 2.0 MB/s | 00:00:07 left
[K467.92 MB/480.46 MB | ================================  97.39% | 2.0 MB/s | 00:00:07 left
[K468.06 MB/480.46 MB | ================================  97.42% | 1.8 MB/s | 00:00:07 left
[K468.18 MB/480.46 MB | ================================  97.44% | 1.8 MB/s | 00:00:07 left
[K468.31 MB/480.46 MB | ================================  97.47% | 1.8 MB/s | 00:00:07 left
[K468.47 MB/480.46 MB | ================================  97.51% | 1.8 MB/s | 00:00:07 left
[K468.63 MB/480.46 MB | ================================  97.54% | 1.8 MB/s | 00:00:07 left
[K468.78 MB/480.46 MB | ================================  97.57% | 1.8 MB/s | 00:00:07 left
[K468.88 MB/480.46 MB | ================================  97.59% | 1.8 MB/s | 00:00:07 left
[K468.99 MB/480.46 MB | ================================  97.61% | 1.8 MB/s | 00:00:07 left
[K469.11 MB/480.46 MB | ================================  97.64% | 1.8 MB/s | 00:00:07 left
[K469.21 MB/480.46 MB | ================================  97.66% | 1.8 MB/s | 00:00:07 left
[K469.31 MB/480.46 MB | ================================  97.68% | 1.4 MB/s | 00:00:08 left
[K469.44 MB/480.46 MB | ================================  97.71% | 1.4 MB/s | 00:00:08 left
[K469.53 MB/480.46 MB | ================================  97.72% | 1.4 MB/s | 00:00:08 left
[K469.66 MB/480.46 MB | ================================  97.75% | 1.4 MB/s | 00:00:08 left
[K469.82 MB/480.46 MB | ================================  97.79% | 1.4 MB/s | 00:00:08 left
[K470.06 MB/480.46 MB | ================================  97.84% | 1.4 MB/s | 00:00:08 left
[K470.27 MB/480.46 MB | ================================  97.88% | 1.4 MB/s | 00:00:08 left
[K470.38 MB/480.46 MB | ================================  97.90% | 1.4 MB/s | 00:00:08 left
[K470.51 MB/480.46 MB | ================================  97.93% | 1.4 MB/s | 00:00:08 left
[K470.65 MB/480.46 MB | ================================  97.96% | 1.4 MB/s | 00:00:08 left
[K470.85 MB/480.46 MB | ================================  98.00% | 1.8 MB/s | 00:00:05 left
[K471.02 MB/480.46 MB | ================================  98.04% | 1.8 MB/s | 00:00:05 left
[K471.16 MB/480.46 MB | ================================  98.06% | 1.8 MB/s | 00:00:05 left
[K471.29 MB/480.46 MB | ================================  98.09% | 1.8 MB/s | 00:00:05 left
[K471.42 MB/480.46 MB | ================================  98.12% | 1.8 MB/s | 00:00:05 left
[K471.56 MB/480.46 MB | ================================  98.15% | 1.8 MB/s | 00:00:05 left
[K471.70 MB/480.46 MB | ================================  98.18% | 1.8 MB/s | 00:00:05 left
[K471.83 MB/480.46 MB | ================================  98.20% | 1.8 MB/s | 00:00:05 left
[K471.96 MB/480.46 MB | ================================  98.23% | 1.8 MB/s | 00:00:05 left
[K472.09 MB/480.46 MB | ================================  98.26% | 1.8 MB/s | 00:00:05 left
[K472.27 MB/480.46 MB | ================================  98.30% | 1.6 MB/s | 00:00:05 left
[K472.43 MB/480.46 MB | ================================  98.33% | 1.6 MB/s | 00:00:05 left
[K472.59 MB/480.46 MB | ================================  98.36% | 1.6 MB/s | 00:00:05 left
[K472.76 MB/480.46 MB | ================================  98.40% | 1.6 MB/s | 00:00:05 left
[K472.87 MB/480.46 MB | ================================  98.42% | 1.6 MB/s | 00:00:05 left
[K473.02 MB/480.46 MB | ================================  98.45% | 1.6 MB/s | 00:00:05 left
[K473.23 MB/480.46 MB | ================================  98.50% | 1.6 MB/s | 00:00:05 left
[K473.38 MB/480.46 MB | ================================  98.53% | 1.6 MB/s | 00:00:05 left
[K473.60 MB/480.46 MB | ================================  98.57% | 1.6 MB/s | 00:00:05 left
[K473.74 MB/480.46 MB | ================================  98.60% | 1.6 MB/s | 00:00:05 left
[K473.92 MB/480.46 MB | ================================  98.64% | 1.8 MB/s | 00:00:04 left
[K474.15 MB/480.46 MB | ================================  98.69% | 1.8 MB/s | 00:00:04 left
[K474.27 MB/480.46 MB | ================================  98.71% | 1.8 MB/s | 00:00:04 left
[K474.39 MB/480.46 MB | ================================  98.74% | 1.8 MB/s | 00:00:04 left
[K474.53 MB/480.46 MB | ================================  98.77% | 1.8 MB/s | 00:00:04 left
[K474.60 MB/480.46 MB | ================================  98.78% | 1.8 MB/s | 00:00:04 left
[K474.68 MB/480.46 MB | ================================  98.80% | 1.8 MB/s | 00:00:04 left
[K474.77 MB/480.46 MB | ================================  98.82% | 1.8 MB/s | 00:00:04 left
[K474.85 MB/480.46 MB | ================================  98.83% | 1.8 MB/s | 00:00:04 left
[K474.92 MB/480.46 MB | ================================  98.85% | 1.1 MB/s | 00:00:05 left
[K474.98 MB/480.46 MB | ================================  98.86% | 1.1 MB/s | 00:00:05 left
[K475.07 MB/480.46 MB | ================================  98.88% | 1.1 MB/s | 00:00:05 left
[K475.11 MB/480.46 MB | ================================  98.89% | 1.1 MB/s | 00:00:05 left
[K475.18 MB/480.46 MB | ================================  98.90% | 1.1 MB/s | 00:00:05 left
[K475.21 MB/480.46 MB | ================================  98.91% | 1.1 MB/s | 00:00:05 left
[K475.26 MB/480.46 MB | ================================  98.92% | 1.1 MB/s | 00:00:05 left
[K475.31 MB/480.46 MB | ================================  98.93% | 1.1 MB/s | 00:00:05 left
[K475.38 MB/480.46 MB | ================================  98.94% | 1.1 MB/s | 00:00:05 left
[K475.44 MB/480.46 MB | ================================  98.96% | 1.1 MB/s | 00:00:05 left
[K475.50 MB/480.46 MB | ================================  98.97% | 1.1 MB/s | 00:00:05 left
[K475.59 MB/480.46 MB | ================================  98.99% | 639.5 KB/s | 00:00:08 left
[K475.66 MB/480.46 MB | ================================  99.00% | 639.5 KB/s | 00:00:08 left
[K475.77 MB/480.46 MB | ================================  99.02% | 639.5 KB/s | 00:00:08 left
[K475.86 MB/480.46 MB | ================================  99.04% | 639.5 KB/s | 00:00:08 left
[K475.95 MB/480.46 MB | ================================  99.06% | 639.5 KB/s | 00:00:08 left
[K476.04 MB/480.46 MB | ================================  99.08% | 639.5 KB/s | 00:00:08 left
[K476.11 MB/480.46 MB | ================================  99.09% | 639.5 KB/s | 00:00:08 left
[K476.21 MB/480.46 MB | ================================  99.12% | 639.5 KB/s | 00:00:08 left
[K476.33 MB/480.46 MB | ================================  99.14% | 639.5 KB/s | 00:00:08 left
[K476.47 MB/480.46 MB | ================================  99.17% | 639.5 KB/s | 00:00:08 left
[K476.57 MB/480.46 MB | ================================  99.19% | 639.5 KB/s | 00:00:08 left
[K476.67 MB/480.46 MB | ================================  99.21% | 639.5 KB/s | 00:00:08 left
[K476.81 MB/480.46 MB | ================================  99.24% | 1.2 MB/s | 00:00:03 left
[K476.95 MB/480.46 MB | ================================  99.27% | 1.2 MB/s | 00:00:03 left
[K477.07 MB/480.46 MB | ================================  99.30% | 1.2 MB/s | 00:00:03 left
[K477.23 MB/480.46 MB | ================================  99.33% | 1.2 MB/s | 00:00:03 left
[K477.38 MB/480.46 MB | ================================  99.36% | 1.2 MB/s | 00:00:03 left
[K477.56 MB/480.46 MB | ================================  99.40% | 1.2 MB/s | 00:00:03 left
[K477.65 MB/480.46 MB | ================================  99.42% | 1.2 MB/s | 00:00:03 left
[K477.76 MB/480.46 MB | ================================  99.44% | 1.2 MB/s | 00:00:03 left
[K477.90 MB/480.46 MB | ================================  99.47% | 1.2 MB/s | 00:00:03 left
[K478.05 MB/480.46 MB | ================================  99.50% | 1.2 MB/s | 00:00:03 left
[K478.21 MB/480.46 MB | ================================  99.53% | 1.5 MB/s | 00:00:01 left
[K478.38 MB/480.46 MB | ================================  99.57% | 1.5 MB/s | 00:00:01 left
[K478.55 MB/480.46 MB | ================================  99.60% | 1.5 MB/s | 00:00:01 left
[K478.67 MB/480.46 MB | ================================  99.63% | 1.5 MB/s | 00:00:01 left
[K478.79 MB/480.46 MB | ================================  99.65% | 1.5 MB/s | 00:00:01 left
[K478.91 MB/480.46 MB | ================================  99.68% | 1.5 MB/s | 00:00:01 left
[K479.03 MB/480.46 MB | ================================  99.70% | 1.5 MB/s | 00:00:01 left
[K479.19 MB/480.46 MB | ================================  99.74% | 1.5 MB/s | 00:00:01 left
[K479.30 MB/480.46 MB | ================================  99.76% | 1.5 MB/s | 00:00:01 left
[K479.38 MB/480.46 MB | ================================  99.78% | 1.5 MB/s | 00:00:01 left
[K479.46 MB/480.46 MB | ================================  99.79% | 1.3 MB/s | 00:00:01 left
[K479.57 MB/480.46 MB | ================================  99.82% | 1.3 MB/s | 00:00:01 left
[K479.68 MB/480.46 MB | ================================  99.84% | 1.3 MB/s | 00:00:01 left
[K479.84 MB/480.46 MB | ================================  99.87% | 1.3 MB/s | 00:00:01 left
[K479.98 MB/480.46 MB | ================================  99.90% | 1.3 MB/s | 00:00:01 left
[K480.07 MB/480.46 MB | ================================  99.92% | 1.3 MB/s | 00:00:01 left
[K480.16 MB/480.46 MB | ================================  99.94% | 1.3 MB/s | 00:00:01 left
[K480.26 MB/480.46 MB | ================================  99.96% | 1.3 MB/s | 00:00:01 left
[K480.38 MB/480.46 MB | ================================  99.98% | 1.3 MB/s | 00:00:01 left
[K480.46 MB/480.46 MB | ================================ 100.00% | 1.3 MB/s | 00:00:01 left
[K480.46 MB/480.46 MB | ================================ 100.00% | 1.3 MB/s | 00:00:01 left
Downloading File 8 of 11
- 061-26589 - 10.14.6 macOS Mojave (18G103) -

BaseSystem.chunklist --> Succeeded
AppleDiagnostics.dmg --> Succeeded
InstallAssistantAuto.pkg --> Succeeded
InstallESDDmg.chunklist --> Succeeded
AppleDiagnostics.chunklist --> Succeeded
InstallInfo.plist --> Succeeded
BaseSystem.dmg --> Succeeded

Downloading RecoveryHDMetaDmg.pkg...


[K0.00 MB/481.99 MB |                                    0.00%
[K0.00 MB/481.99 MB |                                    0.00%
[K0.00 MB/481.99 MB |                                    0.00%
[K0.00 MB/481.99 MB |                                    0.00%
[K0.01 MB/481.99 MB |                                    0.00%
[K0.01 MB/481.99 MB |                                    0.00%
[K0.02 MB/481.99 MB |                                    0.00%
[K0.03 MB/481.99 MB |                                    0.01%
[K0.05 MB/481.99 MB |                                    0.01%
[K0.08 MB/481.99 MB |                                    0.02%
[K0.12 MB/481.99 MB |                                    0.02%
[K0.18 MB/481.99 MB |                                    0.04%
[K0.26 MB/481.99 MB |                                    0.05%
[K0.40 MB/481.99 MB |                                    0.08%
[K0.60 MB/481.99 MB |                                    0.12%
[K0.89 MB/481.99 MB |                                    0.19%
[K1.34 MB/481.99 MB |                                    0.28%
[K2.02 MB/481.99 MB |                                    0.42%
[K3.02 MB/481.99 MB |                                    0.63%
[K4.07 MB/481.99 MB |                                    0.85%
[K5.26 MB/481.99 MB |                                    1.09%
[K6.29 MB/481.99 MB |                                    1.30%
[K7.39 MB/481.99 MB |                                    1.53%
[K8.42 MB/481.99 MB |                                    1.75%
[K9.53 MB/481.99 MB |                                    1.98%
[K10.62 MB/481.99 MB |                                    2.20%
[K11.37 MB/481.99 MB |                                    2.36%
[K11.68 MB/481.99 MB |                                    2.42%
[K12.01 MB/481.99 MB |                                    2.49%
[K12.50 MB/481.99 MB |                                    2.59% | 8.2 MB/s | 00:00:57 left
[K13.23 MB/481.99 MB |                                    2.74% | 8.2 MB/s | 00:00:57 left
[K14.16 MB/481.99 MB |                                    2.94% | 8.2 MB/s | 00:00:57 left
[K15.23 MB/481.99 MB | =                                  3.16% | 8.2 MB/s | 00:00:57 left
[K16.21 MB/481.99 MB | =                                  3.36% | 8.2 MB/s | 00:00:57 left
[K17.22 MB/481.99 MB | =                                  3.57% | 8.2 MB/s | 00:00:57 left
[K18.40 MB/481.99 MB | =                                  3.82% | 8.2 MB/s | 00:00:57 left
[K19.31 MB/481.99 MB | =                                  4.01% | 8.2 MB/s | 00:00:57 left
[K19.65 MB/481.99 MB | =                                  4.08% | 7.2 MB/s | 00:01:05 left
[K19.80 MB/481.99 MB | =                                  4.11% | 7.2 MB/s | 00:01:05 left
[K20.04 MB/481.99 MB | =                                  4.16% | 7.2 MB/s | 00:01:05 left
[K20.39 MB/481.99 MB | =                                  4.23% | 7.2 MB/s | 00:01:05 left
[K20.77 MB/481.99 MB | =                                  4.31% | 7.2 MB/s | 00:01:05 left
[K21.19 MB/481.99 MB | =                                  4.40% | 7.2 MB/s | 00:01:05 left
[K21.82 MB/481.99 MB | =                                  4.53% | 7.2 MB/s | 00:01:05 left
[K22.76 MB/481.99 MB | =                                  4.72% | 7.2 MB/s | 00:01:05 left
[K23.85 MB/481.99 MB | =                                  4.95% | 7.2 MB/s | 00:01:05 left
[K24.75 MB/481.99 MB | =                                  5.14% | 7.2 MB/s | 00:01:05 left
[K25.90 MB/481.99 MB | =                                  5.37% | 7.2 MB/s | 00:01:05 left
[K26.96 MB/481.99 MB | =                                  5.59% | 7.2 MB/s | 00:01:05 left
[K28.05 MB/481.99 MB | =                                  5.82% | 8.5 MB/s | 00:00:53 left
[K28.73 MB/481.99 MB | ==                                 5.96% | 8.5 MB/s | 00:00:53 left
[K29.72 MB/481.99 MB | ==                                 6.17% | 8.5 MB/s | 00:00:53 left
[K30.74 MB/481.99 MB | ==                                 6.38% | 8.5 MB/s | 00:00:53 left
[K31.72 MB/481.99 MB | ==                                 6.58% | 8.5 MB/s | 00:00:53 left
[K32.91 MB/481.99 MB | ==                                 6.83% | 8.5 MB/s | 00:00:53 left
[K34.04 MB/481.99 MB | ==                                 7.06% | 8.5 MB/s | 00:00:53 left
[K35.17 MB/481.99 MB | ==                                 7.30% | 8.5 MB/s | 00:00:53 left
[K36.29 MB/481.99 MB | ==                                 7.53% | 8.5 MB/s | 00:00:53 left
[K37.47 MB/481.99 MB | ==                                 7.77% | 8.5 MB/s | 00:00:53 left
[K38.58 MB/481.99 MB | ==                                 8.00% | 8.5 MB/s | 00:00:53 left
[K39.56 MB/481.99 MB | ==                                 8.21% | 11.4 MB/s | 00:00:39 left
[K40.58 MB/481.99 MB | ==                                 8.42% | 11.4 MB/s | 00:00:39 left
[K41.71 MB/481.99 MB | ==                                 8.65% | 11.4 MB/s | 00:00:39 left
[K42.83 MB/481.99 MB | ===                                8.89% | 11.4 MB/s | 00:00:39 left
[K43.89 MB/481.99 MB | ===                                9.11% | 11.4 MB/s | 00:00:39 left
[K44.96 MB/481.99 MB | ===                                9.33% | 11.4 MB/s | 00:00:39 left
[K46.03 MB/481.99 MB | ===                                9.55% | 11.4 MB/s | 00:00:39 left
[K47.18 MB/481.99 MB | ===                                9.79% | 11.4 MB/s | 00:00:39 left
[K48.37 MB/481.99 MB | ===                               10.03% | 11.4 MB/s | 00:00:39 left
[K49.43 MB/481.99 MB | ===                               10.26% | 11.4 MB/s | 00:00:39 left
[K50.64 MB/481.99 MB | ===                               10.51% | 12.1 MB/s | 00:00:36 left
[K51.71 MB/481.99 MB | ===                               10.73% | 12.1 MB/s | 00:00:36 left
[K52.88 MB/481.99 MB | ===                               10.97% | 12.1 MB/s | 00:00:36 left
[K53.96 MB/481.99 MB | ===                               11.19% | 12.1 MB/s | 00:00:36 left
[K55.00 MB/481.99 MB | ===                               11.41% | 12.1 MB/s | 00:00:36 left
[K56.18 MB/481.99 MB | ===                               11.66% | 12.1 MB/s | 00:00:36 left
[K57.28 MB/481.99 MB | ===                               11.88% | 12.1 MB/s | 00:00:36 left
[K58.34 MB/481.99 MB | ===                               12.10% | 12.1 MB/s | 00:00:36 left
[K59.36 MB/481.99 MB | ====                              12.32% | 12.1 MB/s | 00:00:36 left
[K60.47 MB/481.99 MB | ====                              12.55% | 12.1 MB/s | 00:00:36 left
[K61.53 MB/481.99 MB | ====                              12.77% | 11.9 MB/s | 00:00:35 left
[K62.59 MB/481.99 MB | ====                              12.99% | 11.9 MB/s | 00:00:35 left
[K63.67 MB/481.99 MB | ====                              13.21% | 11.9 MB/s | 00:00:35 left
[K63.92 MB/481.99 MB | ====                              13.26% | 11.9 MB/s | 00:00:35 left
[K64.08 MB/481.99 MB | ====                              13.30% | 11.9 MB/s | 00:00:35 left
[K64.29 MB/481.99 MB | ====                              13.34% | 11.9 MB/s | 00:00:35 left
[K64.60 MB/481.99 MB | ====                              13.40% | 11.9 MB/s | 00:00:35 left
[K65.05 MB/481.99 MB | ====                              13.50% | 3.7 MB/s | 00:01:53 left
[K65.28 MB/481.99 MB | ====                              13.54% | 3.7 MB/s | 00:01:53 left
[K65.63 MB/481.99 MB | ====                              13.62% | 3.7 MB/s | 00:01:53 left
[K66.15 MB/481.99 MB | ====                              13.72% | 3.7 MB/s | 00:01:53 left
[K66.45 MB/481.99 MB | ====                              13.79% | 3.7 MB/s | 00:01:53 left
[K66.89 MB/481.99 MB | ====                              13.88% | 3.7 MB/s | 00:01:53 left
[K67.31 MB/481.99 MB | ====                              13.96% | 3.7 MB/s | 00:01:53 left
[K67.63 MB/481.99 MB | ====                              14.03% | 3.7 MB/s | 00:01:53 left
[K68.11 MB/481.99 MB | ====                              14.13% | 3.7 MB/s | 00:01:53 left
[K68.54 MB/481.99 MB | ====                              14.22% | 3.7 MB/s | 00:01:53 left
[K69.16 MB/481.99 MB | ====                              14.35% | 3.7 MB/s | 00:01:53 left
[K69.79 MB/481.99 MB | ====                              14.48% | 3.7 MB/s | 00:01:53 left
[K70.23 MB/481.99 MB | ====                              14.57% | 5.2 MB/s | 00:01:19 left
[K70.86 MB/481.99 MB | ====                              14.70% | 5.2 MB/s | 00:01:19 left
[K71.48 MB/481.99 MB | ====                              14.83% | 5.2 MB/s | 00:01:19 left
[K71.98 MB/481.99 MB | ====                              14.93% | 5.2 MB/s | 00:01:19 left
[K72.73 MB/481.99 MB | ====                              15.09% | 5.2 MB/s | 00:01:19 left
[K73.26 MB/481.99 MB | =====                             15.20% | 5.2 MB/s | 00:01:19 left
[K74.07 MB/481.99 MB | =====                             15.37% | 5.2 MB/s | 00:01:19 left
[K74.87 MB/481.99 MB | =====                             15.53% | 5.2 MB/s | 00:01:19 left
[K75.90 MB/481.99 MB | =====                             15.75% | 5.2 MB/s | 00:01:19 left
[K77.02 MB/481.99 MB | =====                             15.98% | 5.2 MB/s | 00:01:19 left
[K78.08 MB/481.99 MB | =====                             16.20% | 5.2 MB/s | 00:01:19 left
[K79.21 MB/481.99 MB | =====                             16.43% | 9.2 MB/s | 00:00:44 left
[K80.08 MB/481.99 MB | =====                             16.61% | 9.2 MB/s | 00:00:44 left
[K81.09 MB/481.99 MB | =====                             16.82% | 9.2 MB/s | 00:00:44 left
[K82.03 MB/481.99 MB | =====                             17.02% | 9.2 MB/s | 00:00:44 left
[K83.06 MB/481.99 MB | =====                             17.23% | 9.2 MB/s | 00:00:44 left
[K83.92 MB/481.99 MB | =====                             17.41% | 9.2 MB/s | 00:00:44 left
[K84.89 MB/481.99 MB | =====                             17.61% | 9.2 MB/s | 00:00:44 left
[K85.98 MB/481.99 MB | =====                             17.84% | 9.2 MB/s | 00:00:44 left
[K87.05 MB/481.99 MB | =====                             18.06% | 9.2 MB/s | 00:00:44 left
[K88.07 MB/481.99 MB | ======                            18.27% | 9.2 MB/s | 00:00:44 left
[K89.02 MB/481.99 MB | ======                            18.47% | 10.2 MB/s | 00:00:38 left
[K89.71 MB/481.99 MB | ======                            18.61% | 10.2 MB/s | 00:00:38 left
[K90.76 MB/481.99 MB | ======                            18.83% | 10.2 MB/s | 00:00:38 left
[K91.85 MB/481.99 MB | ======                            19.06% | 10.2 MB/s | 00:00:38 left
[K92.85 MB/481.99 MB | ======                            19.26% | 10.2 MB/s | 00:00:38 left
[K93.95 MB/481.99 MB | ======                            19.49% | 10.2 MB/s | 00:00:38 left
[K95.00 MB/481.99 MB | ======                            19.71% | 10.2 MB/s | 00:00:38 left
[K95.94 MB/481.99 MB | ======                            19.90% | 10.2 MB/s | 00:00:38 left
[K96.84 MB/481.99 MB | ======                            20.09% | 10.2 MB/s | 00:00:38 left
[K98.00 MB/481.99 MB | ======                            20.33% | 10.2 MB/s | 00:00:38 left
[K99.10 MB/481.99 MB | ======                            20.56% | 10.2 MB/s | 00:00:38 left
[K100.08 MB/481.99 MB | ======                            20.76% | 10.7 MB/s | 00:00:36 left
[K100.89 MB/481.99 MB | ======                            20.93% | 10.7 MB/s | 00:00:36 left
[K102.10 MB/481.99 MB | ======                            21.18% | 10.7 MB/s | 00:00:36 left
[K103.07 MB/481.99 MB | =======                           21.38% | 10.7 MB/s | 00:00:36 left
[K104.15 MB/481.99 MB | =======                           21.61% | 10.7 MB/s | 00:00:36 left
[K105.20 MB/481.99 MB | =======                           21.83% | 10.7 MB/s | 00:00:36 left
[K106.12 MB/481.99 MB | =======                           22.02% | 10.7 MB/s | 00:00:36 left
[K106.86 MB/481.99 MB | =======                           22.17% | 10.7 MB/s | 00:00:36 left
[K107.68 MB/481.99 MB | =======                           22.34% | 10.7 MB/s | 00:00:36 left
[K108.40 MB/481.99 MB | =======                           22.49% | 10.7 MB/s | 00:00:36 left
[K109.42 MB/481.99 MB | =======                           22.70% | 10.7 MB/s | 00:00:36 left
[K110.47 MB/481.99 MB | =======                           22.92% | 10.2 MB/s | 00:00:36 left
[K111.71 MB/481.99 MB | =======                           23.18% | 10.2 MB/s | 00:00:36 left
[K112.79 MB/481.99 MB | =======                           23.40% | 10.2 MB/s | 00:00:36 left
[K114.05 MB/481.99 MB | =======                           23.66% | 10.2 MB/s | 00:00:36 left
[K115.09 MB/481.99 MB | =======                           23.88% | 10.2 MB/s | 00:00:36 left
[K116.29 MB/481.99 MB | =======                           24.13% | 10.2 MB/s | 00:00:36 left
[K117.42 MB/481.99 MB | ========                          24.36% | 10.2 MB/s | 00:00:36 left
[K118.61 MB/481.99 MB | ========                          24.61% | 10.2 MB/s | 00:00:36 left
[K119.70 MB/481.99 MB | ========                          24.83% | 10.2 MB/s | 00:00:36 left
[K120.80 MB/481.99 MB | ========                          25.06% | 10.2 MB/s | 00:00:36 left
[K121.83 MB/481.99 MB | ========                          25.28% | 12.4 MB/s | 00:00:29 left
[K122.83 MB/481.99 MB | ========                          25.48% | 12.4 MB/s | 00:00:29 left
[K123.87 MB/481.99 MB | ========                          25.70% | 12.4 MB/s | 00:00:29 left
[K125.00 MB/481.99 MB | ========                          25.93% | 12.4 MB/s | 00:00:29 left
[K126.18 MB/481.99 MB | ========                          26.18% | 12.4 MB/s | 00:00:29 left
[K127.30 MB/481.99 MB | ========                          26.41% | 12.4 MB/s | 00:00:29 left
[K128.20 MB/481.99 MB | ========                          26.60% | 12.4 MB/s | 00:00:29 left
[K129.37 MB/481.99 MB | ========                          26.84% | 12.4 MB/s | 00:00:29 left
[K130.53 MB/481.99 MB | ========                          27.08% | 12.4 MB/s | 00:00:29 left
[K131.64 MB/481.99 MB | =========                         27.31% | 12.4 MB/s | 00:00:29 left
[K132.70 MB/481.99 MB | =========                         27.53% | 12.4 MB/s | 00:00:29 left
[K133.81 MB/481.99 MB | =========                         27.76% | 11.9 MB/s | 00:00:29 left
[K134.88 MB/481.99 MB | =========                         27.98% | 11.9 MB/s | 00:00:29 left
[K135.86 MB/481.99 MB | =========                         28.19% | 11.9 MB/s | 00:00:29 left
[K137.03 MB/481.99 MB | =========                         28.43% | 11.9 MB/s | 00:00:29 left
[K138.10 MB/481.99 MB | =========                         28.65% | 11.9 MB/s | 00:00:29 left
[K139.22 MB/481.99 MB | =========                         28.88% | 11.9 MB/s | 00:00:29 left
[K140.32 MB/481.99 MB | =========                         29.11% | 11.9 MB/s | 00:00:29 left
[K141.28 MB/481.99 MB | =========                         29.31% | 11.9 MB/s | 00:00:29 left
[K142.52 MB/481.99 MB | =========                         29.57% | 11.9 MB/s | 00:00:29 left
[K143.58 MB/481.99 MB | =========                         29.79% | 11.9 MB/s | 00:00:29 left
[K144.76 MB/481.99 MB | =========                         30.03% | 12.2 MB/s | 00:00:28 left
[K145.87 MB/481.99 MB | =========                         30.26% | 12.2 MB/s | 00:00:28 left
[K146.98 MB/481.99 MB | ==========                        30.49% | 12.2 MB/s | 00:00:28 left
[K148.10 MB/481.99 MB | ==========                        30.73% | 12.2 MB/s | 00:00:28 left
[K149.27 MB/481.99 MB | ==========                        30.97% | 12.2 MB/s | 00:00:28 left
[K150.27 MB/481.99 MB | ==========                        31.18% | 12.2 MB/s | 00:00:28 left
[K151.47 MB/481.99 MB | ==========                        31.43% | 12.2 MB/s | 00:00:28 left
[K152.55 MB/481.99 MB | ==========                        31.65% | 12.2 MB/s | 00:00:28 left
[K153.63 MB/481.99 MB | ==========                        31.87% | 12.2 MB/s | 00:00:28 left
[K154.79 MB/481.99 MB | ==========                        32.11% | 12.2 MB/s | 00:00:28 left
[K155.75 MB/481.99 MB | ==========                        32.31% | 12.1 MB/s | 00:00:27 left
[K156.85 MB/481.99 MB | ==========                        32.54% | 12.1 MB/s | 00:00:27 left
[K157.93 MB/481.99 MB | ==========                        32.77% | 12.1 MB/s | 00:00:27 left
[K159.07 MB/481.99 MB | ==========                        33.00% | 12.1 MB/s | 00:00:27 left
[K160.16 MB/481.99 MB | ==========                        33.23% | 12.1 MB/s | 00:00:27 left
[K161.25 MB/481.99 MB | ===========                       33.45% | 12.1 MB/s | 00:00:27 left
[K162.24 MB/481.99 MB | ===========                       33.66% | 12.1 MB/s | 00:00:27 left
[K163.36 MB/481.99 MB | ===========                       33.89% | 12.1 MB/s | 00:00:27 left
[K164.40 MB/481.99 MB | ===========                       34.11% | 12.1 MB/s | 00:00:27 left
[K165.54 MB/481.99 MB | ===========                       34.34% | 12.1 MB/s | 00:00:27 left
[K166.59 MB/481.99 MB | ===========                       34.56% | 11.9 MB/s | 00:00:27 left
[K167.61 MB/481.99 MB | ===========                       34.78% | 11.9 MB/s | 00:00:27 left
[K168.79 MB/481.99 MB | ===========                       35.02% | 11.9 MB/s | 00:00:27 left
[K169.96 MB/481.99 MB | ===========                       35.26% | 11.9 MB/s | 00:00:27 left
[K171.00 MB/481.99 MB | ===========                       35.48% | 11.9 MB/s | 00:00:27 left
[K172.01 MB/481.99 MB | ===========                       35.69% | 11.9 MB/s | 00:00:27 left
[K173.15 MB/481.99 MB | ===========                       35.92% | 11.9 MB/s | 00:00:27 left
[K174.20 MB/481.99 MB | ===========                       36.14% | 11.9 MB/s | 00:00:27 left
[K175.12 MB/481.99 MB | ===========                       36.33% | 11.9 MB/s | 00:00:27 left
[K176.22 MB/481.99 MB | ============                      36.56% | 11.9 MB/s | 00:00:27 left
[K177.38 MB/481.99 MB | ============                      36.80% | 11.8 MB/s | 00:00:26 left
[K178.45 MB/481.99 MB | ============                      37.02% | 11.8 MB/s | 00:00:26 left
[K179.64 MB/481.99 MB | ============                      37.27% | 11.8 MB/s | 00:00:26 left
[K180.70 MB/481.99 MB | ============                      37.49% | 11.8 MB/s | 00:00:26 left
[K181.84 MB/481.99 MB | ============                      37.73% | 11.8 MB/s | 00:00:26 left
[K182.86 MB/481.99 MB | ============                      37.94% | 11.8 MB/s | 00:00:26 left
[K183.82 MB/481.99 MB | ============                      38.14% | 11.8 MB/s | 00:00:26 left
[K184.84 MB/481.99 MB | ============                      38.35% | 11.8 MB/s | 00:00:26 left
[K185.98 MB/481.99 MB | ============                      38.59% | 11.8 MB/s | 00:00:26 left
[K187.02 MB/481.99 MB | ============                      38.80% | 11.8 MB/s | 00:00:26 left
[K188.09 MB/481.99 MB | ============                      39.02% | 11.8 MB/s | 00:00:25 left
[K189.23 MB/481.99 MB | ============                      39.26% | 11.8 MB/s | 00:00:25 left
[K190.40 MB/481.99 MB | =============                     39.50% | 11.8 MB/s | 00:00:25 left
[K191.58 MB/481.99 MB | =============                     39.75% | 11.8 MB/s | 00:00:25 left
[K192.73 MB/481.99 MB | =============                     39.99% | 11.8 MB/s | 00:00:25 left
[K193.72 MB/481.99 MB | =============                     40.19% | 11.8 MB/s | 00:00:25 left
[K194.79 MB/481.99 MB | =============                     40.41% | 11.8 MB/s | 00:00:25 left
[K195.92 MB/481.99 MB | =============                     40.65% | 11.8 MB/s | 00:00:25 left
[K197.03 MB/481.99 MB | =============                     40.88% | 11.8 MB/s | 00:00:25 left
[K198.20 MB/481.99 MB | =============                     41.12% | 11.8 MB/s | 00:00:25 left
[K199.09 MB/481.99 MB | =============                     41.31% | 12.0 MB/s | 00:00:24 left
[K200.17 MB/481.99 MB | =============                     41.53% | 12.0 MB/s | 00:00:24 left
[K201.29 MB/481.99 MB | =============                     41.76% | 12.0 MB/s | 00:00:24 left
[K202.37 MB/481.99 MB | =============                     41.99% | 12.0 MB/s | 00:00:24 left
[K203.46 MB/481.99 MB | =============                     42.21% | 12.0 MB/s | 00:00:24 left
[K204.62 MB/481.99 MB | ==============                    42.45% | 12.0 MB/s | 00:00:24 left
[K205.75 MB/481.99 MB | ==============                    42.69% | 12.0 MB/s | 00:00:24 left
[K206.82 MB/481.99 MB | ==============                    42.91% | 12.0 MB/s | 00:00:24 left
[K207.89 MB/481.99 MB | ==============                    43.13% | 12.0 MB/s | 00:00:24 left
[K208.85 MB/481.99 MB | ==============                    43.33% | 12.0 MB/s | 00:00:24 left
[K210.08 MB/481.99 MB | ==============                    43.59% | 12.1 MB/s | 00:00:23 left
[K211.19 MB/481.99 MB | ==============                    43.82% | 12.1 MB/s | 00:00:23 left
[K212.16 MB/481.99 MB | ==============                    44.02% | 12.1 MB/s | 00:00:23 left
[K213.52 MB/481.99 MB | ==============                    44.30% | 12.1 MB/s | 00:00:23 left
[K214.51 MB/481.99 MB | ==============                    44.50% | 12.1 MB/s | 00:00:23 left
[K215.57 MB/481.99 MB | ==============                    44.73% | 12.1 MB/s | 00:00:23 left
[K216.65 MB/481.99 MB | ==============                    44.95% | 12.1 MB/s | 00:00:23 left
[K217.79 MB/481.99 MB | ==============                    45.19% | 12.1 MB/s | 00:00:23 left
[K218.94 MB/481.99 MB | ==============                    45.42% | 12.1 MB/s | 00:00:23 left
[K220.06 MB/481.99 MB | ===============                   45.66% | 12.1 MB/s | 00:00:23 left
[K221.22 MB/481.99 MB | ===============                   45.90% | 12.2 MB/s | 00:00:21 left
[K222.25 MB/481.99 MB | ===============                   46.11% | 12.2 MB/s | 00:00:21 left
[K223.30 MB/481.99 MB | ===============                   46.33% | 12.2 MB/s | 00:00:21 left
[K224.12 MB/481.99 MB | ===============                   46.50% | 12.2 MB/s | 00:00:21 left
[K225.33 MB/481.99 MB | ===============                   46.75% | 12.2 MB/s | 00:00:21 left
[K226.39 MB/481.99 MB | ===============                   46.97% | 12.2 MB/s | 00:00:21 left
[K227.53 MB/481.99 MB | ===============                   47.21% | 12.2 MB/s | 00:00:21 left
[K228.69 MB/481.99 MB | ===============                   47.45% | 12.2 MB/s | 00:00:21 left
[K229.77 MB/481.99 MB | ===============                   47.67% | 12.2 MB/s | 00:00:21 left
[K230.91 MB/481.99 MB | ===============                   47.91% | 12.2 MB/s | 00:00:21 left
[K232.02 MB/481.99 MB | ===============                   48.14% | 11.6 MB/s | 00:00:21 left
[K233.03 MB/481.99 MB | ===============                   48.35% | 11.6 MB/s | 00:00:21 left
[K234.11 MB/481.99 MB | ================                  48.57% | 11.6 MB/s | 00:00:21 left
[K235.22 MB/481.99 MB | ================                  48.80% | 11.6 MB/s | 00:00:21 left
[K236.31 MB/481.99 MB | ================                  49.03% | 11.6 MB/s | 00:00:21 left
[K237.45 MB/481.99 MB | ================                  49.26% | 11.6 MB/s | 00:00:21 left
[K238.58 MB/481.99 MB | ================                  49.50% | 11.6 MB/s | 00:00:21 left
[K239.78 MB/481.99 MB | ================                  49.75% | 11.6 MB/s | 00:00:21 left
[K240.79 MB/481.99 MB | ================                  49.96% | 11.6 MB/s | 00:00:21 left
[K241.88 MB/481.99 MB | ================                  50.18% | 11.6 MB/s | 00:00:21 left
[K243.00 MB/481.99 MB | ================                  50.42% | 11.6 MB/s | 00:00:21 left
[K244.08 MB/481.99 MB | ================                  50.64% | 12.0 MB/s | 00:00:20 left
[K245.19 MB/481.99 MB | ================                  50.87% | 12.0 MB/s | 00:00:20 left
[K246.30 MB/481.99 MB | ================                  51.10% | 12.0 MB/s | 00:00:20 left
[K247.39 MB/481.99 MB | ================                  51.33% | 12.0 MB/s | 00:00:20 left
[K248.44 MB/481.99 MB | =================                 51.55% | 12.0 MB/s | 00:00:20 left
[K249.54 MB/481.99 MB | =================                 51.77% | 12.0 MB/s | 00:00:20 left
[K250.61 MB/481.99 MB | =================                 52.00% | 12.0 MB/s | 00:00:20 left
[K251.64 MB/481.99 MB | =================                 52.21% | 12.0 MB/s | 00:00:20 left
[K252.62 MB/481.99 MB | =================                 52.41% | 12.0 MB/s | 00:00:20 left
[K253.63 MB/481.99 MB | =================                 52.62% | 12.0 MB/s | 00:00:20 left
[K254.74 MB/481.99 MB | =================                 52.85% | 11.8 MB/s | 00:00:19 left
[K255.87 MB/481.99 MB | =================                 53.09% | 11.8 MB/s | 00:00:19 left
[K256.90 MB/481.99 MB | =================                 53.30% | 11.8 MB/s | 00:00:19 left
[K258.01 MB/481.99 MB | =================                 53.53% | 11.8 MB/s | 00:00:19 left
[K259.18 MB/481.99 MB | =================                 53.77% | 11.8 MB/s | 00:00:19 left
[K260.07 MB/481.99 MB | =================                 53.96% | 11.8 MB/s | 00:00:19 left
[K261.17 MB/481.99 MB | =================                 54.19% | 11.8 MB/s | 00:00:19 left
[K262.32 MB/481.99 MB | =================                 54.42% | 11.8 MB/s | 00:00:19 left
[K263.39 MB/481.99 MB | ==================                54.65% | 11.8 MB/s | 00:00:19 left
[K264.36 MB/481.99 MB | ==================                54.85% | 11.8 MB/s | 00:00:19 left
[K265.45 MB/481.99 MB | ==================                55.07% | 11.8 MB/s | 00:00:18 left
[K266.55 MB/481.99 MB | ==================                55.30% | 11.8 MB/s | 00:00:18 left
[K267.60 MB/481.99 MB | ==================                55.52% | 11.8 MB/s | 00:00:18 left
[K268.67 MB/481.99 MB | ==================                55.74% | 11.8 MB/s | 00:00:18 left
[K269.82 MB/481.99 MB | ==================                55.98% | 11.8 MB/s | 00:00:18 left
[K271.01 MB/481.99 MB | ==================                56.23% | 11.8 MB/s | 00:00:18 left
[K272.11 MB/481.99 MB | ==================                56.45% | 11.8 MB/s | 00:00:18 left
[K273.19 MB/481.99 MB | ==================                56.68% | 11.8 MB/s | 00:00:18 left
[K274.25 MB/481.99 MB | ==================                56.90% | 11.8 MB/s | 00:00:18 left
[K275.33 MB/481.99 MB | ==================                57.12% | 11.8 MB/s | 00:00:18 left
[K276.46 MB/481.99 MB | ==================                57.36% | 12.3 MB/s | 00:00:17 left
[K277.59 MB/481.99 MB | ===================               57.59% | 12.3 MB/s | 00:00:17 left
[K278.71 MB/481.99 MB | ===================               57.82% | 12.3 MB/s | 00:00:17 left
[K279.84 MB/481.99 MB | ===================               58.06% | 12.3 MB/s | 00:00:17 left
[K280.89 MB/481.99 MB | ===================               58.28% | 12.3 MB/s | 00:00:17 left
[K282.08 MB/481.99 MB | ===================               58.52% | 12.3 MB/s | 00:00:17 left
[K283.10 MB/481.99 MB | ===================               58.74% | 12.3 MB/s | 00:00:17 left
[K284.26 MB/481.99 MB | ===================               58.98% | 12.3 MB/s | 00:00:17 left
[K285.24 MB/481.99 MB | ===================               59.18% | 12.3 MB/s | 00:00:17 left
[K286.53 MB/481.99 MB | ===================               59.45% | 12.3 MB/s | 00:00:17 left
[K287.59 MB/481.99 MB | ===================               59.67% | 12.1 MB/s | 00:00:16 left
[K288.62 MB/481.99 MB | ===================               59.88% | 12.1 MB/s | 00:00:16 left
[K289.69 MB/481.99 MB | ===================               60.10% | 12.1 MB/s | 00:00:16 left
[K290.85 MB/481.99 MB | ===================               60.34% | 12.1 MB/s | 00:00:16 left
[K291.88 MB/481.99 MB | ===================               60.56% | 12.1 MB/s | 00:00:16 left
[K292.98 MB/481.99 MB | ====================              60.79% | 12.1 MB/s | 00:00:16 left
[K293.99 MB/481.99 MB | ====================              60.99% | 12.1 MB/s | 00:00:16 left
[K295.14 MB/481.99 MB | ====================              61.23% | 12.1 MB/s | 00:00:16 left
[K296.25 MB/481.99 MB | ====================              61.46% | 12.1 MB/s | 00:00:16 left
[K297.28 MB/481.99 MB | ====================              61.68% | 12.1 MB/s | 00:00:16 left
[K298.44 MB/481.99 MB | ====================              61.92% | 12.0 MB/s | 00:00:15 left
[K299.53 MB/481.99 MB | ====================              62.15% | 12.0 MB/s | 00:00:15 left
[K300.65 MB/481.99 MB | ====================              62.38% | 12.0 MB/s | 00:00:15 left
[K301.60 MB/481.99 MB | ====================              62.57% | 12.0 MB/s | 00:00:15 left
[K302.67 MB/481.99 MB | ====================              62.80% | 12.0 MB/s | 00:00:15 left
[K303.49 MB/481.99 MB | ====================              62.97% | 12.0 MB/s | 00:00:15 left
[K304.70 MB/481.99 MB | ====================              63.22% | 12.0 MB/s | 00:00:15 left
[K305.84 MB/481.99 MB | ====================              63.45% | 12.0 MB/s | 00:00:15 left
[K306.89 MB/481.99 MB | =====================             63.67% | 12.0 MB/s | 00:00:15 left
[K307.95 MB/481.99 MB | =====================             63.89% | 12.0 MB/s | 00:00:15 left
[K309.12 MB/481.99 MB | =====================             64.13% | 11.6 MB/s | 00:00:15 left
[K310.22 MB/481.99 MB | =====================             64.36% | 11.6 MB/s | 00:00:15 left
[K310.81 MB/481.99 MB | =====================             64.49% | 11.6 MB/s | 00:00:15 left
[K311.70 MB/481.99 MB | =====================             64.67% | 11.6 MB/s | 00:00:15 left
[K312.89 MB/481.99 MB | =====================             64.92% | 11.6 MB/s | 00:00:15 left
[K313.91 MB/481.99 MB | =====================             65.13% | 11.6 MB/s | 00:00:15 left
[K315.02 MB/481.99 MB | =====================             65.36% | 11.6 MB/s | 00:00:15 left
[K316.07 MB/481.99 MB | =====================             65.58% | 11.6 MB/s | 00:00:15 left
[K317.19 MB/481.99 MB | =====================             65.81% | 11.6 MB/s | 00:00:15 left
[K318.09 MB/481.99 MB | =====================             65.99% | 11.6 MB/s | 00:00:15 left
[K319.21 MB/481.99 MB | =====================             66.23% | 11.7 MB/s | 00:00:14 left
[K320.24 MB/481.99 MB | =====================             66.44% | 11.7 MB/s | 00:00:14 left
[K321.33 MB/481.99 MB | ======================            66.67% | 11.7 MB/s | 00:00:14 left
[K322.47 MB/481.99 MB | ======================            66.90% | 11.7 MB/s | 00:00:14 left
[K323.61 MB/481.99 MB | ======================            67.14% | 11.7 MB/s | 00:00:14 left
[K324.61 MB/481.99 MB | ======================            67.35% | 11.7 MB/s | 00:00:14 left
[K325.72 MB/481.99 MB | ======================            67.58% | 11.7 MB/s | 00:00:14 left
[K326.83 MB/481.99 MB | ======================            67.81% | 11.7 MB/s | 00:00:14 left
[K327.89 MB/481.99 MB | ======================            68.03% | 11.7 MB/s | 00:00:14 left
[K328.97 MB/481.99 MB | ======================            68.25% | 11.7 MB/s | 00:00:14 left
[K330.02 MB/481.99 MB | ======================            68.47% | 10.9 MB/s | 00:00:14 left
[K330.60 MB/481.99 MB | ======================            68.59% | 10.9 MB/s | 00:00:14 left
[K331.48 MB/481.99 MB | ======================            68.77% | 10.9 MB/s | 00:00:14 left
[K332.53 MB/481.99 MB | ======================            68.99% | 10.9 MB/s | 00:00:14 left
[K333.54 MB/481.99 MB | ======================            69.20% | 10.9 MB/s | 00:00:14 left
[K334.69 MB/481.99 MB | ======================            69.44% | 10.9 MB/s | 00:00:14 left
[K335.73 MB/481.99 MB | ======================            69.65% | 10.9 MB/s | 00:00:14 left
[K336.57 MB/481.99 MB | =======================           69.83% | 10.9 MB/s | 00:00:14 left
[K337.49 MB/481.99 MB | =======================           70.02% | 10.9 MB/s | 00:00:14 left
[K338.38 MB/481.99 MB | =======================           70.21% | 10.9 MB/s | 00:00:14 left
[K339.12 MB/481.99 MB | =======================           70.36% | 10.9 MB/s | 00:00:14 left
[K339.89 MB/481.99 MB | =======================           70.52% | 9.9 MB/s | 00:00:14 left
[K340.99 MB/481.99 MB | =======================           70.75% | 9.9 MB/s | 00:00:14 left
[K342.00 MB/481.99 MB | =======================           70.96% | 9.9 MB/s | 00:00:14 left
[K343.02 MB/481.99 MB | =======================           71.17% | 9.9 MB/s | 00:00:14 left
[K344.14 MB/481.99 MB | =======================           71.40% | 9.9 MB/s | 00:00:14 left
[K345.10 MB/481.99 MB | =======================           71.60% | 9.9 MB/s | 00:00:14 left
[K346.21 MB/481.99 MB | =======================           71.83% | 9.9 MB/s | 00:00:14 left
[K347.15 MB/481.99 MB | =======================           72.02% | 9.9 MB/s | 00:00:14 left
[K348.02 MB/481.99 MB | =======================           72.21% | 9.9 MB/s | 00:00:14 left
[K348.99 MB/481.99 MB | =======================           72.41% | 9.9 MB/s | 00:00:14 left
[K350.08 MB/481.99 MB | =======================           72.63% | 11.3 MB/s | 00:00:12 left
[K351.16 MB/481.99 MB | ========================          72.86% | 11.3 MB/s | 00:00:12 left
[K352.10 MB/481.99 MB | ========================          73.05% | 11.3 MB/s | 00:00:12 left
[K353.10 MB/481.99 MB | ========================          73.26% | 11.3 MB/s | 00:00:12 left
[K354.03 MB/481.99 MB | ========================          73.45% | 11.3 MB/s | 00:00:12 left
[K355.15 MB/481.99 MB | ========================          73.68% | 11.3 MB/s | 00:00:12 left
[K356.04 MB/481.99 MB | ========================          73.87% | 11.3 MB/s | 00:00:12 left
[K357.28 MB/481.99 MB | ========================          74.13% | 11.3 MB/s | 00:00:12 left
[K358.18 MB/481.99 MB | ========================          74.31% | 11.3 MB/s | 00:00:12 left
[K359.18 MB/481.99 MB | ========================          74.52% | 11.3 MB/s | 00:00:12 left
[K360.00 MB/481.99 MB | ========================          74.69% | 10.4 MB/s | 00:00:12 left
[K360.76 MB/481.99 MB | ========================          74.85% | 10.4 MB/s | 00:00:12 left
[K361.82 MB/481.99 MB | ========================          75.07% | 10.4 MB/s | 00:00:12 left
[K362.41 MB/481.99 MB | ========================          75.19% | 10.4 MB/s | 00:00:12 left
[K363.17 MB/481.99 MB | ========================          75.35% | 10.4 MB/s | 00:00:12 left
[K364.20 MB/481.99 MB | ========================          75.56% | 10.4 MB/s | 00:00:12 left
[K365.17 MB/481.99 MB | =========================         75.76% | 10.4 MB/s | 00:00:12 left
[K366.09 MB/481.99 MB | =========================         75.96% | 10.4 MB/s | 00:00:12 left
[K367.18 MB/481.99 MB | =========================         76.18% | 10.4 MB/s | 00:00:12 left
[K368.21 MB/481.99 MB | =========================         76.39% | 10.4 MB/s | 00:00:12 left
[K369.30 MB/481.99 MB | =========================         76.62% | 10.4 MB/s | 00:00:12 left
[K370.44 MB/481.99 MB | =========================         76.86% | 10.1 MB/s | 00:00:11 left
[K371.49 MB/481.99 MB | =========================         77.08% | 10.1 MB/s | 00:00:11 left
[K372.51 MB/481.99 MB | =========================         77.29% | 10.1 MB/s | 00:00:11 left
[K373.54 MB/481.99 MB | =========================         77.50% | 10.1 MB/s | 00:00:11 left
[K374.67 MB/481.99 MB | =========================         77.73% | 10.1 MB/s | 00:00:11 left
[K375.70 MB/481.99 MB | =========================         77.95% | 10.1 MB/s | 00:00:11 left
[K376.80 MB/481.99 MB | =========================         78.18% | 10.1 MB/s | 00:00:11 left
[K377.96 MB/481.99 MB | =========================         78.42% | 10.1 MB/s | 00:00:11 left
[K379.01 MB/481.99 MB | =========================         78.63% | 10.1 MB/s | 00:00:11 left
[K380.05 MB/481.99 MB | ==========================        78.85% | 10.1 MB/s | 00:00:11 left
[K381.34 MB/481.99 MB | ==========================        79.12% | 12.0 MB/s | 00:00:08 left
[K382.37 MB/481.99 MB | ==========================        79.33% | 12.0 MB/s | 00:00:08 left
[K383.44 MB/481.99 MB | ==========================        79.55% | 12.0 MB/s | 00:00:08 left
[K384.55 MB/481.99 MB | ==========================        79.78% | 12.0 MB/s | 00:00:08 left
[K385.68 MB/481.99 MB | ==========================        80.02% | 12.0 MB/s | 00:00:08 left
[K386.70 MB/481.99 MB | ==========================        80.23% | 12.0 MB/s | 00:00:08 left
[K387.86 MB/481.99 MB | ==========================        80.47% | 12.0 MB/s | 00:00:08 left
[K389.02 MB/481.99 MB | ==========================        80.71% | 12.0 MB/s | 00:00:08 left
[K389.96 MB/481.99 MB | ==========================        80.91% | 12.0 MB/s | 00:00:08 left
[K390.93 MB/481.99 MB | ==========================        81.11% | 12.0 MB/s | 00:00:08 left
[K392.02 MB/481.99 MB | ==========================        81.33% | 12.0 MB/s | 00:00:08 left
[K393.17 MB/481.99 MB | ==========================        81.57% | 11.8 MB/s | 00:00:08 left
[K394.30 MB/481.99 MB | ==========================        81.81% | 11.8 MB/s | 00:00:08 left
[K395.40 MB/481.99 MB | ===========================       82.04% | 11.8 MB/s | 00:00:08 left
[K396.49 MB/481.99 MB | ===========================       82.26% | 11.8 MB/s | 00:00:08 left
[K397.51 MB/481.99 MB | ===========================       82.47% | 11.8 MB/s | 00:00:08 left
[K398.70 MB/481.99 MB | ===========================       82.72% | 11.8 MB/s | 00:00:08 left
[K399.74 MB/481.99 MB | ===========================       82.93% | 11.8 MB/s | 00:00:08 left
[K400.75 MB/481.99 MB | ===========================       83.15% | 11.8 MB/s | 00:00:08 left
[K401.91 MB/481.99 MB | ===========================       83.39% | 11.8 MB/s | 00:00:08 left
[K403.07 MB/481.99 MB | ===========================       83.63% | 11.8 MB/s | 00:00:08 left
[K404.20 MB/481.99 MB | ===========================       83.86% | 12.2 MB/s | 00:00:06 left
[K405.34 MB/481.99 MB | ===========================       84.10% | 12.2 MB/s | 00:00:06 left
[K406.38 MB/481.99 MB | ===========================       84.31% | 12.2 MB/s | 00:00:06 left
[K407.41 MB/481.99 MB | ===========================       84.53% | 12.2 MB/s | 00:00:06 left
[K408.51 MB/481.99 MB | ===========================       84.76% | 12.2 MB/s | 00:00:06 left
[K409.56 MB/481.99 MB | ============================      84.97% | 12.2 MB/s | 00:00:06 left
[K410.61 MB/481.99 MB | ============================      85.19% | 12.2 MB/s | 00:00:06 left
[K411.77 MB/481.99 MB | ============================      85.43% | 12.2 MB/s | 00:00:06 left
[K412.80 MB/481.99 MB | ============================      85.65% | 12.2 MB/s | 00:00:06 left
[K413.81 MB/481.99 MB | ============================      85.85% | 12.2 MB/s | 00:00:06 left
[K414.80 MB/481.99 MB | ============================      86.06% | 12.2 MB/s | 00:00:06 left
[K416.04 MB/481.99 MB | ============================      86.32% | 11.7 MB/s | 00:00:06 left
[K417.08 MB/481.99 MB | ============================      86.53% | 11.7 MB/s | 00:00:06 left
[K418.21 MB/481.99 MB | ============================      86.77% | 11.7 MB/s | 00:00:06 left
[K419.24 MB/481.99 MB | ============================      86.98% | 11.7 MB/s | 00:00:06 left
[K420.35 MB/481.99 MB | ============================      87.21% | 11.7 MB/s | 00:00:06 left
[K421.43 MB/481.99 MB | ============================      87.44% | 11.7 MB/s | 00:00:06 left
[K422.57 MB/481.99 MB | ============================      87.67% | 11.7 MB/s | 00:00:06 left
[K423.60 MB/481.99 MB | =============================     87.89% | 11.7 MB/s | 00:00:06 left
[K424.61 MB/481.99 MB | =============================     88.10% | 11.7 MB/s | 00:00:06 left
[K425.71 MB/481.99 MB | =============================     88.32% | 11.7 MB/s | 00:00:06 left
[K426.80 MB/481.99 MB | =============================     88.55% | 11.7 MB/s | 00:00:06 left
[K427.92 MB/481.99 MB | =============================     88.78% | 11.7 MB/s | 00:00:05 left
[K428.98 MB/481.99 MB | =============================     89.00% | 11.7 MB/s | 00:00:05 left
[K430.10 MB/481.99 MB | =============================     89.24% | 11.7 MB/s | 00:00:05 left
[K431.23 MB/481.99 MB | =============================     89.47% | 11.7 MB/s | 00:00:05 left
[K432.24 MB/481.99 MB | =============================     89.68% | 11.7 MB/s | 00:00:05 left
[K433.31 MB/481.99 MB | =============================     89.90% | 11.7 MB/s | 00:00:05 left
[K434.33 MB/481.99 MB | =============================     90.11% | 11.7 MB/s | 00:00:05 left
[K435.41 MB/481.99 MB | =============================     90.34% | 11.7 MB/s | 00:00:05 left
[K436.47 MB/481.99 MB | =============================     90.56% | 11.7 MB/s | 00:00:05 left
[K437.51 MB/481.99 MB | =============================     90.77% | 11.7 MB/s | 00:00:05 left
[K438.63 MB/481.99 MB | ==============================    91.01% | 11.6 MB/s | 00:00:04 left
[K439.60 MB/481.99 MB | ==============================    91.21% | 11.6 MB/s | 00:00:04 left
[K440.65 MB/481.99 MB | ==============================    91.42% | 11.6 MB/s | 00:00:04 left
[K441.83 MB/481.99 MB | ==============================    91.67% | 11.6 MB/s | 00:00:04 left
[K442.87 MB/481.99 MB | ==============================    91.88% | 11.6 MB/s | 00:00:04 left
[K443.71 MB/481.99 MB | ==============================    92.06% | 11.6 MB/s | 00:00:04 left
[K444.87 MB/481.99 MB | ==============================    92.30% | 11.6 MB/s | 00:00:04 left
[K446.00 MB/481.99 MB | ==============================    92.53% | 11.6 MB/s | 00:00:04 left
[K447.13 MB/481.99 MB | ==============================    92.77% | 11.6 MB/s | 00:00:04 left
[K448.16 MB/481.99 MB | ==============================    92.98% | 11.6 MB/s | 00:00:04 left
[K449.22 MB/481.99 MB | ==============================    93.20% | 11.6 MB/s | 00:00:04 left
[K450.34 MB/481.99 MB | ==============================    93.43% | 11.6 MB/s | 00:00:03 left
[K451.42 MB/481.99 MB | ==============================    93.66% | 11.6 MB/s | 00:00:03 left
[K452.49 MB/481.99 MB | ==============================    93.88% | 11.6 MB/s | 00:00:03 left
[K453.60 MB/481.99 MB | ===============================   94.11% | 11.6 MB/s | 00:00:03 left
[K454.77 MB/481.99 MB | ===============================   94.35% | 11.6 MB/s | 00:00:03 left
[K455.80 MB/481.99 MB | ===============================   94.57% | 11.6 MB/s | 00:00:03 left
[K456.91 MB/481.99 MB | ===============================   94.80% | 11.6 MB/s | 00:00:03 left
[K457.99 MB/481.99 MB | ===============================   95.02% | 11.6 MB/s | 00:00:03 left
[K458.99 MB/481.99 MB | ===============================   95.23% | 11.6 MB/s | 00:00:03 left
[K460.14 MB/481.99 MB | ===============================   95.47% | 11.6 MB/s | 00:00:03 left
[K461.23 MB/481.99 MB | ===============================   95.69% | 12.0 MB/s | 00:00:02 left
[K462.29 MB/481.99 MB | ===============================   95.91% | 12.0 MB/s | 00:00:02 left
[K463.36 MB/481.99 MB | ===============================   96.13% | 12.0 MB/s | 00:00:02 left
[K464.47 MB/481.99 MB | ===============================   96.37% | 12.0 MB/s | 00:00:02 left
[K465.52 MB/481.99 MB | ===============================   96.58% | 12.0 MB/s | 00:00:02 left
[K466.55 MB/481.99 MB | ===============================   96.80% | 12.0 MB/s | 00:00:02 left
[K467.53 MB/481.99 MB | ================================  97.00% | 12.0 MB/s | 00:00:02 left
[K468.51 MB/481.99 MB | ================================  97.20% | 12.0 MB/s | 00:00:02 left
[K469.59 MB/481.99 MB | ================================  97.43% | 12.0 MB/s | 00:00:02 left
[K470.66 MB/481.99 MB | ================================  97.65% | 12.0 MB/s | 00:00:02 left
[K471.79 MB/481.99 MB | ================================  97.88% | 11.6 MB/s | 00:00:01 left
[K472.83 MB/481.99 MB | ================================  98.10% | 11.6 MB/s | 00:00:01 left
[K474.02 MB/481.99 MB | ================================  98.35% | 11.6 MB/s | 00:00:01 left
[K475.20 MB/481.99 MB | ================================  98.59% | 11.6 MB/s | 00:00:01 left
[K476.34 MB/481.99 MB | ================================  98.83% | 11.6 MB/s | 00:00:01 left
[K477.36 MB/481.99 MB | ================================  99.04% | 11.6 MB/s | 00:00:01 left
[K478.52 MB/481.99 MB | ================================  99.28% | 11.6 MB/s | 00:00:01 left
[K479.50 MB/481.99 MB | ================================  99.48% | 11.6 MB/s | 00:00:01 left
[K480.61 MB/481.99 MB | ================================  99.71% | 11.6 MB/s | 00:00:01 left
[K481.59 MB/481.99 MB | ================================  99.92% | 11.6 MB/s | 00:00:01 left
[K481.99 MB/481.99 MB | ================================ 100.00% | 11.6 MB/s | 00:00:01 left
[K481.99 MB/481.99 MB | ================================ 100.00% | 11.6 MB/s | 00:00:01 left
Downloading File 9 of 11
- 061-26589 - 10.14.6 macOS Mojave (18G103) -

BaseSystem.chunklist --> Succeeded
AppleDiagnostics.dmg --> Succeeded
InstallAssistantAuto.pkg --> Succeeded
InstallESDDmg.chunklist --> Succeeded
AppleDiagnostics.chunklist --> Succeeded
InstallInfo.plist --> Succeeded
BaseSystem.dmg --> Succeeded
RecoveryHDMetaDmg.pkg --> Succeeded

Downloading MajorOSInfo.pkg...


[K0.00 MB/1.85 MB |                                    0.00%
[K0.00 MB/1.85 MB |                                    0.06%
[K0.00 MB/1.85 MB |                                    0.14%
[K0.00 MB/1.85 MB |                                    0.26%
[K0.01 MB/1.85 MB |                                    0.45%
[K0.01 MB/1.85 MB |                                    0.73%
[K0.02 MB/1.85 MB |                                    1.15%
[K0.03 MB/1.85 MB |                                    1.78%
[K0.05 MB/1.85 MB |                                    2.73%
[K0.08 MB/1.85 MB | =                                  4.15%
[K0.12 MB/1.85 MB | ==                                 6.28%
[K0.18 MB/1.85 MB | ===                                9.47%
[K0.26 MB/1.85 MB | ====                              14.26%
[K0.40 MB/1.85 MB | =======                           21.45%
[K0.60 MB/1.85 MB | ==========                        32.23%
[K0.89 MB/1.85 MB | ===============                   48.40%
[K1.34 MB/1.85 MB | =======================           72.66%
[K1.85 MB/1.85 MB | ================================ 100.00%
[K1.85 MB/1.85 MB | ================================ 100.00%
Downloading File 10 of 11
- 061-26589 - 10.14.6 macOS Mojave (18G103) -

BaseSystem.chunklist --> Succeeded
AppleDiagnostics.dmg --> Succeeded
InstallAssistantAuto.pkg --> Succeeded
InstallESDDmg.chunklist --> Succeeded
AppleDiagnostics.chunklist --> Succeeded
InstallInfo.plist --> Succeeded
BaseSystem.dmg --> Succeeded
RecoveryHDMetaDmg.pkg --> Succeeded
MajorOSInfo.pkg --> Succeeded

Downloading InstallESDDmg.pkg...


[K0.00 GB/5.54 GB |                                    0.00%
[K0.00 GB/5.54 GB |                                    0.00%
[K0.00 GB/5.54 GB |                                    0.00%
[K0.00 GB/5.54 GB |                                    0.00%
[K0.00 GB/5.54 GB |                                    0.00%
[K0.00 GB/5.54 GB |                                    0.00%
[K0.00 GB/5.54 GB |                                    0.00%
[K0.00 GB/5.54 GB |                                    0.00%
[K0.00 GB/5.54 GB |                                    0.00%
[K0.00 GB/5.54 GB |                                    0.00%
[K0.00 GB/5.54 GB |                                    0.00%
[K0.00 GB/5.54 GB |                                    0.00%
[K0.00 GB/5.54 GB |                                    0.00%
[K0.00 GB/5.54 GB |                                    0.01%
[K0.00 GB/5.54 GB |                                    0.01%
[K0.00 GB/5.54 GB |                                    0.02%
[K0.00 GB/5.54 GB |                                    0.02%
[K0.00 GB/5.54 GB |                                    0.04%
[K0.00 GB/5.54 GB |                                    0.05%
[K0.00 GB/5.54 GB |                                    0.07%
[K0.00 GB/5.54 GB |                                    0.08%
[K0.01 GB/5.54 GB |                                    0.10%
[K0.01 GB/5.54 GB |                                    0.12%
[K0.01 GB/5.54 GB |                                    0.13%
[K0.01 GB/5.54 GB |                                    0.15%
[K0.01 GB/5.54 GB |                                    0.17%
[K0.01 GB/5.54 GB |                                    0.19% | 8.4 MB/s | 00:10:55 left
[K0.01 GB/5.54 GB |                                    0.20% | 8.4 MB/s | 00:10:55 left
[K0.01 GB/5.54 GB |                                    0.22% | 8.4 MB/s | 00:10:55 left
[K0.01 GB/5.54 GB |                                    0.24% | 8.4 MB/s | 00:10:55 left
[K0.01 GB/5.54 GB |                                    0.25% | 8.4 MB/s | 00:10:55 left
[K0.01 GB/5.54 GB |                                    0.26% | 8.4 MB/s | 00:10:55 left
[K0.02 GB/5.54 GB |                                    0.28% | 8.4 MB/s | 00:10:55 left
[K0.02 GB/5.54 GB |                                    0.30% | 8.4 MB/s | 00:10:55 left
[K0.02 GB/5.54 GB |                                    0.32% | 8.4 MB/s | 00:10:55 left
[K0.02 GB/5.54 GB |                                    0.34% | 8.4 MB/s | 00:10:55 left
[K0.02 GB/5.54 GB |                                    0.36% | 10.4 MB/s | 00:08:49 left
[K0.02 GB/5.54 GB |                                    0.38% | 10.4 MB/s | 00:08:49 left
[K0.02 GB/5.54 GB |                                    0.40% | 10.4 MB/s | 00:08:49 left
[K0.02 GB/5.54 GB |                                    0.42% | 10.4 MB/s | 00:08:49 left
[K0.02 GB/5.54 GB |                                    0.44% | 10.4 MB/s | 00:08:49 left
[K0.03 GB/5.54 GB |                                    0.45% | 10.4 MB/s | 00:08:49 left
[K0.03 GB/5.54 GB |                                    0.48% | 10.4 MB/s | 00:08:49 left
[K0.03 GB/5.54 GB |                                    0.50% | 10.4 MB/s | 00:08:49 left
[K0.03 GB/5.54 GB |                                    0.51% | 10.4 MB/s | 00:08:49 left
[K0.03 GB/5.54 GB |                                    0.53% | 10.4 MB/s | 00:08:49 left
[K0.03 GB/5.54 GB |                                    0.55% | 11.5 MB/s | 00:08:01 left
[K0.03 GB/5.54 GB |                                    0.57% | 11.5 MB/s | 00:08:01 left
[K0.03 GB/5.54 GB |                                    0.58% | 11.5 MB/s | 00:08:01 left
[K0.03 GB/5.54 GB |                                    0.60% | 11.5 MB/s | 00:08:01 left
[K0.03 GB/5.54 GB |                                    0.62% | 11.5 MB/s | 00:08:01 left
[K0.04 GB/5.54 GB |                                    0.64% | 11.5 MB/s | 00:08:01 left
[K0.04 GB/5.54 GB |                                    0.66% | 11.5 MB/s | 00:08:01 left
[K0.04 GB/5.54 GB |                                    0.68% | 11.5 MB/s | 00:08:01 left
[K0.04 GB/5.54 GB |                                    0.69% | 11.5 MB/s | 00:08:01 left
[K0.04 GB/5.54 GB |                                    0.71% | 11.5 MB/s | 00:08:01 left
[K0.04 GB/5.54 GB |                                    0.73% | 11.5 MB/s | 00:08:01 left
[K0.04 GB/5.54 GB |                                    0.75% | 11.1 MB/s | 00:08:18 left
[K0.04 GB/5.54 GB |                                    0.77% | 11.1 MB/s | 00:08:18 left
[K0.04 GB/5.54 GB |                                    0.79% | 11.1 MB/s | 00:08:18 left
[K0.04 GB/5.54 GB |                                    0.81% | 11.1 MB/s | 00:08:18 left
[K0.05 GB/5.54 GB |                                    0.83% | 11.1 MB/s | 00:08:18 left
[K0.05 GB/5.54 GB |                                    0.84% | 11.1 MB/s | 00:08:18 left
[K0.05 GB/5.54 GB |                                    0.86% | 11.1 MB/s | 00:08:18 left
[K0.05 GB/5.54 GB |                                    0.87% | 11.1 MB/s | 00:08:18 left
[K0.05 GB/5.54 GB |                                    0.89% | 11.1 MB/s | 00:08:18 left
[K0.05 GB/5.54 GB |                                    0.91% | 11.1 MB/s | 00:08:18 left
[K0.05 GB/5.54 GB |                                    0.93% | 10.8 MB/s | 00:08:30 left
[K0.05 GB/5.54 GB |                                    0.95% | 10.8 MB/s | 00:08:30 left
[K0.05 GB/5.54 GB |                                    0.97% | 10.8 MB/s | 00:08:30 left
[K0.05 GB/5.54 GB |                                    0.99% | 10.8 MB/s | 00:08:30 left
[K0.06 GB/5.54 GB |                                    1.01% | 10.8 MB/s | 00:08:30 left
[K0.06 GB/5.54 GB |                                    1.02% | 10.8 MB/s | 00:08:30 left
[K0.06 GB/5.54 GB |                                    1.04% | 10.8 MB/s | 00:08:30 left
[K0.06 GB/5.54 GB |                                    1.06% | 10.8 MB/s | 00:08:30 left
[K0.06 GB/5.54 GB |                                    1.08% | 10.8 MB/s | 00:08:30 left
[K0.06 GB/5.54 GB |                                    1.10% | 10.8 MB/s | 00:08:30 left
[K0.06 GB/5.54 GB |                                    1.11% | 10.8 MB/s | 00:08:30 left
[K0.06 GB/5.54 GB |                                    1.13% | 11.0 MB/s | 00:08:17 left
[K0.06 GB/5.54 GB |                                    1.15% | 11.0 MB/s | 00:08:17 left
[K0.06 GB/5.54 GB |                                    1.17% | 11.0 MB/s | 00:08:17 left
[K0.07 GB/5.54 GB |                                    1.19% | 11.0 MB/s | 00:08:17 left
[K0.07 GB/5.54 GB |                                    1.21% | 11.0 MB/s | 00:08:17 left
[K0.07 GB/5.54 GB |                                    1.23% | 11.0 MB/s | 00:08:17 left
[K0.07 GB/5.54 GB |                                    1.25% | 11.0 MB/s | 00:08:17 left
[K0.07 GB/5.54 GB |                                    1.27% | 11.0 MB/s | 00:08:17 left
[K0.07 GB/5.54 GB |                                    1.29% | 11.0 MB/s | 00:08:17 left
[K0.07 GB/5.54 GB |                                    1.30% | 11.0 MB/s | 00:08:17 left
[K0.07 GB/5.54 GB |                                    1.32% | 11.5 MB/s | 00:07:55 left
[K0.07 GB/5.54 GB |                                    1.34% | 11.5 MB/s | 00:07:55 left
[K0.08 GB/5.54 GB |                                    1.36% | 11.5 MB/s | 00:07:55 left
[K0.08 GB/5.54 GB |                                    1.38% | 11.5 MB/s | 00:07:55 left
[K0.08 GB/5.54 GB |                                    1.40% | 11.5 MB/s | 00:07:55 left
[K0.08 GB/5.54 GB |                                    1.42% | 11.5 MB/s | 00:07:55 left
[K0.08 GB/5.54 GB |                                    1.44% | 11.5 MB/s | 00:07:55 left
[K0.08 GB/5.54 GB |                                    1.46% | 11.5 MB/s | 00:07:55 left
[K0.08 GB/5.54 GB |                                    1.48% | 11.5 MB/s | 00:07:55 left
[K0.08 GB/5.54 GB |                                    1.49% | 11.5 MB/s | 00:07:55 left
[K0.08 GB/5.54 GB |                                    1.51% | 11.5 MB/s | 00:07:54 left
[K0.08 GB/5.54 GB |                                    1.53% | 11.5 MB/s | 00:07:54 left
[K0.09 GB/5.54 GB |                                    1.55% | 11.5 MB/s | 00:07:54 left
[K0.09 GB/5.54 GB |                                    1.57% | 11.5 MB/s | 00:07:54 left
[K0.09 GB/5.54 GB |                                    1.59% | 11.5 MB/s | 00:07:54 left
[K0.09 GB/5.54 GB |                                    1.61% | 11.5 MB/s | 00:07:54 left
[K0.09 GB/5.54 GB |                                    1.62% | 11.5 MB/s | 00:07:54 left
[K0.09 GB/5.54 GB |                                    1.64% | 11.5 MB/s | 00:07:54 left
[K0.09 GB/5.54 GB |                                    1.66% | 11.5 MB/s | 00:07:54 left
[K0.09 GB/5.54 GB |                                    1.68% | 11.5 MB/s | 00:07:54 left
[K0.09 GB/5.54 GB |                                    1.70% | 11.2 MB/s | 00:08:05 left
[K0.10 GB/5.54 GB |                                    1.72% | 11.2 MB/s | 00:08:05 left
[K0.10 GB/5.54 GB |                                    1.74% | 11.2 MB/s | 00:08:05 left
[K0.10 GB/5.54 GB |                                    1.76% | 11.2 MB/s | 00:08:05 left
[K0.10 GB/5.54 GB |                                    1.77% | 11.2 MB/s | 00:08:05 left
[K0.10 GB/5.54 GB |                                    1.79% | 11.2 MB/s | 00:08:05 left
[K0.10 GB/5.54 GB |                                    1.81% | 11.2 MB/s | 00:08:05 left
[K0.10 GB/5.54 GB |                                    1.83% | 11.2 MB/s | 00:08:05 left
[K0.10 GB/5.54 GB |                                    1.85% | 11.2 MB/s | 00:08:05 left
[K0.10 GB/5.54 GB |                                    1.87% | 11.2 MB/s | 00:08:05 left
[K0.10 GB/5.54 GB |                                    1.89% | 11.4 MB/s | 00:07:56 left
[K0.11 GB/5.54 GB |                                    1.90% | 11.4 MB/s | 00:07:56 left
[K0.11 GB/5.54 GB |                                    1.92% | 11.4 MB/s | 00:07:56 left
[K0.11 GB/5.54 GB |                                    1.94% | 11.4 MB/s | 00:07:56 left
[K0.11 GB/5.54 GB |                                    1.96% | 11.4 MB/s | 00:07:56 left
[K0.11 GB/5.54 GB |                                    1.98% | 11.4 MB/s | 00:07:56 left
[K0.11 GB/5.54 GB |                                    1.99% | 11.4 MB/s | 00:07:56 left
[K0.11 GB/5.54 GB |                                    2.01% | 11.4 MB/s | 00:07:56 left
[K0.11 GB/5.54 GB |                                    2.03% | 11.4 MB/s | 00:07:56 left
[K0.11 GB/5.54 GB |                                    2.05% | 11.4 MB/s | 00:07:56 left
[K0.11 GB/5.54 GB |                                    2.07% | 11.0 MB/s | 00:08:15 left
[K0.12 GB/5.54 GB |                                    2.08% | 11.0 MB/s | 00:08:15 left
[K0.12 GB/5.54 GB |                                    2.10% | 11.0 MB/s | 00:08:15 left
[K0.12 GB/5.54 GB |                                    2.12% | 11.0 MB/s | 00:08:15 left
[K0.12 GB/5.54 GB |                                    2.14% | 11.0 MB/s | 00:08:15 left
[K0.12 GB/5.54 GB |                                    2.16% | 11.0 MB/s | 00:08:15 left
[K0.12 GB/5.54 GB |                                    2.18% | 11.0 MB/s | 00:08:15 left
[K0.12 GB/5.54 GB |                                    2.20% | 11.0 MB/s | 00:08:15 left
[K0.12 GB/5.54 GB |                                    2.22% | 11.0 MB/s | 00:08:15 left
[K0.12 GB/5.54 GB |                                    2.24% | 11.0 MB/s | 00:08:15 left
[K0.13 GB/5.54 GB |                                    2.26% | 11.6 MB/s | 00:07:48 left
[K0.13 GB/5.54 GB |                                    2.28% | 11.6 MB/s | 00:07:48 left
[K0.13 GB/5.54 GB |                                    2.29% | 11.6 MB/s | 00:07:48 left
[K0.13 GB/5.54 GB |                                    2.32% | 11.6 MB/s | 00:07:48 left
[K0.13 GB/5.54 GB |                                    2.33% | 11.6 MB/s | 00:07:48 left
[K0.13 GB/5.54 GB |                                    2.35% | 11.6 MB/s | 00:07:48 left
[K0.13 GB/5.54 GB |                                    2.37% | 11.6 MB/s | 00:07:48 left
[K0.13 GB/5.54 GB |                                    2.39% | 11.6 MB/s | 00:07:48 left
[K0.13 GB/5.54 GB |                                    2.41% | 11.6 MB/s | 00:07:48 left
[K0.13 GB/5.54 GB |                                    2.43% | 11.6 MB/s | 00:07:48 left
[K0.14 GB/5.54 GB |                                    2.45% | 11.2 MB/s | 00:08:02 left
[K0.14 GB/5.54 GB |                                    2.46% | 11.2 MB/s | 00:08:02 left
[K0.14 GB/5.54 GB |                                    2.48% | 11.2 MB/s | 00:08:02 left
[K0.14 GB/5.54 GB |                                    2.50% | 11.2 MB/s | 00:08:02 left
[K0.14 GB/5.54 GB |                                    2.52% | 11.2 MB/s | 00:08:02 left
[K0.14 GB/5.54 GB |                                    2.54% | 11.2 MB/s | 00:08:02 left
[K0.14 GB/5.54 GB |                                    2.56% | 11.2 MB/s | 00:08:02 left
[K0.14 GB/5.54 GB |                                    2.58% | 11.2 MB/s | 00:08:02 left
[K0.14 GB/5.54 GB |                                    2.60% | 11.2 MB/s | 00:08:02 left
[K0.15 GB/5.54 GB |                                    2.62% | 11.2 MB/s | 00:08:02 left
[K0.15 GB/5.54 GB |                                    2.64% | 11.6 MB/s | 00:07:45 left
[K0.15 GB/5.54 GB |                                    2.65% | 11.6 MB/s | 00:07:45 left
[K0.15 GB/5.54 GB |                                    2.67% | 11.6 MB/s | 00:07:45 left
[K0.15 GB/5.54 GB |                                    2.69% | 11.6 MB/s | 00:07:45 left
[K0.15 GB/5.54 GB |                                    2.71% | 11.6 MB/s | 00:07:45 left
[K0.15 GB/5.54 GB |                                    2.73% | 11.6 MB/s | 00:07:45 left
[K0.15 GB/5.54 GB |                                    2.75% | 11.6 MB/s | 00:07:45 left
[K0.15 GB/5.54 GB |                                    2.77% | 11.6 MB/s | 00:07:45 left
[K0.15 GB/5.54 GB |                                    2.79% | 11.6 MB/s | 00:07:45 left
[K0.16 GB/5.54 GB |                                    2.80% | 11.6 MB/s | 00:07:45 left
[K0.16 GB/5.54 GB |                                    2.82% | 11.6 MB/s | 00:07:45 left
[K0.16 GB/5.54 GB |                                    2.84% | 11.4 MB/s | 00:07:53 left
[K0.16 GB/5.54 GB |                                    2.86% | 11.4 MB/s | 00:07:53 left
[K0.16 GB/5.54 GB |                                    2.88% | 11.4 MB/s | 00:07:53 left
[K0.16 GB/5.54 GB |                                    2.90% | 11.4 MB/s | 00:07:53 left
[K0.16 GB/5.54 GB |                                    2.92% | 11.4 MB/s | 00:07:53 left
[K0.16 GB/5.54 GB |                                    2.94% | 11.4 MB/s | 00:07:53 left
[K0.16 GB/5.54 GB | =                                  2.96% | 11.4 MB/s | 00:07:53 left
[K0.17 GB/5.54 GB | =                                  2.98% | 11.4 MB/s | 00:07:53 left
[K0.17 GB/5.54 GB | =                                  3.00% | 11.4 MB/s | 00:07:53 left
[K0.17 GB/5.54 GB | =                                  3.02% | 11.4 MB/s | 00:07:53 left
[K0.17 GB/5.54 GB | =                                  3.03% | 11.5 MB/s | 00:07:46 left
[K0.17 GB/5.54 GB | =                                  3.05% | 11.5 MB/s | 00:07:46 left
[K0.17 GB/5.54 GB | =                                  3.07% | 11.5 MB/s | 00:07:46 left
[K0.17 GB/5.54 GB | =                                  3.09% | 11.5 MB/s | 00:07:46 left
[K0.17 GB/5.54 GB | =                                  3.11% | 11.5 MB/s | 00:07:46 left
[K0.17 GB/5.54 GB | =                                  3.13% | 11.5 MB/s | 00:07:46 left
[K0.17 GB/5.54 GB | =                                  3.15% | 11.5 MB/s | 00:07:46 left
[K0.18 GB/5.54 GB | =                                  3.17% | 11.5 MB/s | 00:07:46 left
[K0.18 GB/5.54 GB | =                                  3.18% | 11.5 MB/s | 00:07:46 left
[K0.18 GB/5.54 GB | =                                  3.20% | 11.5 MB/s | 00:07:46 left
[K0.18 GB/5.54 GB | =                                  3.22% | 11.3 MB/s | 00:07:53 left
[K0.18 GB/5.54 GB | =                                  3.24% | 11.3 MB/s | 00:07:53 left
[K0.18 GB/5.54 GB | =                                  3.25% | 11.3 MB/s | 00:07:53 left
[K0.18 GB/5.54 GB | =                                  3.27% | 11.3 MB/s | 00:07:53 left
[K0.18 GB/5.54 GB | =                                  3.30% | 11.3 MB/s | 00:07:53 left
[K0.18 GB/5.54 GB | =                                  3.31% | 11.3 MB/s | 00:07:53 left
[K0.18 GB/5.54 GB | =                                  3.33% | 11.3 MB/s | 00:07:53 left
[K0.19 GB/5.54 GB | =                                  3.35% | 11.3 MB/s | 00:07:53 left
[K0.19 GB/5.54 GB | =                                  3.37% | 11.3 MB/s | 00:07:53 left
[K0.19 GB/5.54 GB | =                                  3.39% | 11.3 MB/s | 00:07:53 left
[K0.19 GB/5.54 GB | =                                  3.41% | 11.8 MB/s | 00:07:35 left
[K0.19 GB/5.54 GB | =                                  3.43% | 11.8 MB/s | 00:07:35 left
[K0.19 GB/5.54 GB | =                                  3.45% | 11.8 MB/s | 00:07:35 left
[K0.19 GB/5.54 GB | =                                  3.47% | 11.8 MB/s | 00:07:35 left
[K0.19 GB/5.54 GB | =                                  3.49% | 11.8 MB/s | 00:07:35 left
[K0.19 GB/5.54 GB | =                                  3.50% | 11.8 MB/s | 00:07:35 left
[K0.20 GB/5.54 GB | =                                  3.52% | 11.8 MB/s | 00:07:35 left
[K0.20 GB/5.54 GB | =                                  3.54% | 11.8 MB/s | 00:07:35 left
[K0.20 GB/5.54 GB | =                                  3.56% | 11.8 MB/s | 00:07:35 left
[K0.20 GB/5.54 GB | =                                  3.58% | 11.8 MB/s | 00:07:35 left
[K0.20 GB/5.54 GB | =                                  3.60% | 11.6 MB/s | 00:07:40 left
[K0.20 GB/5.54 GB | =                                  3.62% | 11.6 MB/s | 00:07:40 left
[K0.20 GB/5.54 GB | =                                  3.64% | 11.6 MB/s | 00:07:40 left
[K0.20 GB/5.54 GB | =                                  3.65% | 11.6 MB/s | 00:07:40 left
[K0.20 GB/5.54 GB | =                                  3.67% | 11.6 MB/s | 00:07:40 left
[K0.20 GB/5.54 GB | =                                  3.68% | 11.6 MB/s | 00:07:40 left
[K0.21 GB/5.54 GB | =                                  3.70% | 11.6 MB/s | 00:07:40 left
[K0.21 GB/5.54 GB | =                                  3.72% | 11.6 MB/s | 00:07:40 left
[K0.21 GB/5.54 GB | =                                  3.74% | 11.6 MB/s | 00:07:40 left
[K0.21 GB/5.54 GB | =                                  3.76% | 11.6 MB/s | 00:07:40 left
[K0.21 GB/5.54 GB | =                                  3.78% | 11.0 MB/s | 00:08:05 left
[K0.21 GB/5.54 GB | =                                  3.80% | 11.0 MB/s | 00:08:05 left
[K0.21 GB/5.54 GB | =                                  3.82% | 11.0 MB/s | 00:08:05 left
[K0.21 GB/5.54 GB | =                                  3.84% | 11.0 MB/s | 00:08:05 left
[K0.21 GB/5.54 GB | =                                  3.86% | 11.0 MB/s | 00:08:05 left
[K0.22 GB/5.54 GB | =                                  3.88% | 11.0 MB/s | 00:08:05 left
[K0.22 GB/5.54 GB | =                                  3.90% | 11.0 MB/s | 00:08:05 left
[K0.22 GB/5.54 GB | =                                  3.92% | 11.0 MB/s | 00:08:05 left
[K0.22 GB/5.54 GB | =                                  3.93% | 11.0 MB/s | 00:08:05 left
[K0.22 GB/5.54 GB | =                                  3.95% | 11.0 MB/s | 00:08:05 left
[K0.22 GB/5.54 GB | =                                  3.97% | 11.4 MB/s | 00:07:47 left
[K0.22 GB/5.54 GB | =                                  3.99% | 11.4 MB/s | 00:07:47 left
[K0.22 GB/5.54 GB | =                                  4.01% | 11.4 MB/s | 00:07:47 left
[K0.22 GB/5.54 GB | =                                  4.02% | 11.4 MB/s | 00:07:47 left
[K0.22 GB/5.54 GB | =                                  4.04% | 11.4 MB/s | 00:07:47 left
[K0.23 GB/5.54 GB | =                                  4.06% | 11.4 MB/s | 00:07:47 left
[K0.23 GB/5.54 GB | =                                  4.08% | 11.4 MB/s | 00:07:47 left
[K0.23 GB/5.54 GB | =                                  4.10% | 11.4 MB/s | 00:07:47 left
[K0.23 GB/5.54 GB | =                                  4.12% | 11.4 MB/s | 00:07:47 left
[K0.23 GB/5.54 GB | =                                  4.14% | 11.4 MB/s | 00:07:47 left
[K0.23 GB/5.54 GB | =                                  4.16% | 11.5 MB/s | 00:07:44 left
[K0.23 GB/5.54 GB | =                                  4.18% | 11.5 MB/s | 00:07:44 left
[K0.23 GB/5.54 GB | =                                  4.19% | 11.5 MB/s | 00:07:44 left
[K0.23 GB/5.54 GB | =                                  4.21% | 11.5 MB/s | 00:07:44 left
[K0.23 GB/5.54 GB | =                                  4.23% | 11.5 MB/s | 00:07:44 left
[K0.24 GB/5.54 GB | =                                  4.25% | 11.5 MB/s | 00:07:44 left
[K0.24 GB/5.54 GB | =                                  4.27% | 11.5 MB/s | 00:07:44 left
[K0.24 GB/5.54 GB | =                                  4.29% | 11.5 MB/s | 00:07:44 left
[K0.24 GB/5.54 GB | =                                  4.30% | 11.5 MB/s | 00:07:44 left
[K0.24 GB/5.54 GB | =                                  4.32% | 11.5 MB/s | 00:07:44 left
[K0.24 GB/5.54 GB | =                                  4.34% | 11.0 MB/s | 00:08:03 left
[K0.24 GB/5.54 GB | =                                  4.36% | 11.0 MB/s | 00:08:03 left
[K0.24 GB/5.54 GB | =                                  4.38% | 11.0 MB/s | 00:08:03 left
[K0.24 GB/5.54 GB | =                                  4.39% | 11.0 MB/s | 00:08:03 left
[K0.24 GB/5.54 GB | =                                  4.42% | 11.0 MB/s | 00:08:03 left
[K0.25 GB/5.54 GB | =                                  4.43% | 11.0 MB/s | 00:08:03 left
[K0.25 GB/5.54 GB | =                                  4.45% | 11.0 MB/s | 00:08:03 left
[K0.25 GB/5.54 GB | =                                  4.47% | 11.0 MB/s | 00:08:03 left
[K0.25 GB/5.54 GB | =                                  4.49% | 11.0 MB/s | 00:08:03 left
[K0.25 GB/5.54 GB | =                                  4.51% | 11.0 MB/s | 00:08:03 left
[K0.25 GB/5.54 GB | =                                  4.52% | 11.0 MB/s | 00:08:03 left
[K0.25 GB/5.54 GB | =                                  4.54% | 11.3 MB/s | 00:07:48 left
[K0.25 GB/5.54 GB | =                                  4.56% | 11.3 MB/s | 00:07:48 left
[K0.25 GB/5.54 GB | =                                  4.58% | 11.3 MB/s | 00:07:48 left
[K0.26 GB/5.54 GB | =                                  4.60% | 11.3 MB/s | 00:07:48 left
[K0.26 GB/5.54 GB | =                                  4.62% | 11.3 MB/s | 00:07:48 left
[K0.26 GB/5.54 GB | =                                  4.64% | 11.3 MB/s | 00:07:48 left
[K0.26 GB/5.54 GB | =                                  4.66% | 11.3 MB/s | 00:07:48 left
[K0.26 GB/5.54 GB | =                                  4.68% | 11.3 MB/s | 00:07:48 left
[K0.26 GB/5.54 GB | =                                  4.70% | 11.3 MB/s | 00:07:48 left
[K0.26 GB/5.54 GB | =                                  4.71% | 11.3 MB/s | 00:07:48 left
[K0.26 GB/5.54 GB | =                                  4.73% | 11.4 MB/s | 00:07:43 left
[K0.26 GB/5.54 GB | =                                  4.75% | 11.4 MB/s | 00:07:43 left
[K0.26 GB/5.54 GB | =                                  4.77% | 11.4 MB/s | 00:07:43 left
[K0.27 GB/5.54 GB | =                                  4.79% | 11.4 MB/s | 00:07:43 left
[K0.27 GB/5.54 GB | =                                  4.81% | 11.4 MB/s | 00:07:43 left
[K0.27 GB/5.54 GB | =                                  4.83% | 11.4 MB/s | 00:07:43 left
[K0.27 GB/5.54 GB | =                                  4.85% | 11.4 MB/s | 00:07:43 left
[K0.27 GB/5.54 GB | =                                  4.86% | 11.4 MB/s | 00:07:43 left
[K0.27 GB/5.54 GB | =                                  4.88% | 11.4 MB/s | 00:07:43 left
[K0.27 GB/5.54 GB | =                                  4.90% | 11.4 MB/s | 00:07:43 left
[K0.27 GB/5.54 GB | =                                  4.92% | 11.4 MB/s | 00:07:41 left
[K0.27 GB/5.54 GB | =                                  4.94% | 11.4 MB/s | 00:07:41 left
[K0.28 GB/5.54 GB | =                                  4.96% | 11.4 MB/s | 00:07:41 left
[K0.28 GB/5.54 GB | =                                  4.98% | 11.4 MB/s | 00:07:41 left
[K0.28 GB/5.54 GB | =                                  5.00% | 11.4 MB/s | 00:07:41 left
[K0.28 GB/5.54 GB | =                                  5.02% | 11.4 MB/s | 00:07:41 left
[K0.28 GB/5.54 GB | =                                  5.04% | 11.4 MB/s | 00:07:41 left
[K0.28 GB/5.54 GB | =                                  5.06% | 11.4 MB/s | 00:07:41 left
[K0.28 GB/5.54 GB | =                                  5.07% | 11.4 MB/s | 00:07:41 left
[K0.28 GB/5.54 GB | =                                  5.09% | 11.4 MB/s | 00:07:41 left
[K0.28 GB/5.54 GB | =                                  5.11% | 11.2 MB/s | 00:07:49 left
[K0.28 GB/5.54 GB | =                                  5.13% | 11.2 MB/s | 00:07:49 left
[K0.29 GB/5.54 GB | =                                  5.15% | 11.2 MB/s | 00:07:49 left
[K0.29 GB/5.54 GB | =                                  5.17% | 11.2 MB/s | 00:07:49 left
[K0.29 GB/5.54 GB | =                                  5.19% | 11.2 MB/s | 00:07:49 left
[K0.29 GB/5.54 GB | =                                  5.20% | 11.2 MB/s | 00:07:49 left
[K0.29 GB/5.54 GB | =                                  5.22% | 11.2 MB/s | 00:07:49 left
[K0.29 GB/5.54 GB | =                                  5.24% | 11.2 MB/s | 00:07:49 left
[K0.29 GB/5.54 GB | =                                  5.26% | 11.2 MB/s | 00:07:49 left
[K0.29 GB/5.54 GB | =                                  5.28% | 11.2 MB/s | 00:07:49 left
[K0.29 GB/5.54 GB | =                                  5.30% | 11.5 MB/s | 00:07:38 left
[K0.29 GB/5.54 GB | =                                  5.32% | 11.5 MB/s | 00:07:38 left
[K0.30 GB/5.54 GB | =                                  5.34% | 11.5 MB/s | 00:07:38 left
[K0.30 GB/5.54 GB | =                                  5.36% | 11.5 MB/s | 00:07:38 left
[K0.30 GB/5.54 GB | =                                  5.38% | 11.5 MB/s | 00:07:38 left
[K0.30 GB/5.54 GB | =                                  5.40% | 11.5 MB/s | 00:07:38 left
[K0.30 GB/5.54 GB | =                                  5.42% | 11.5 MB/s | 00:07:38 left
[K0.30 GB/5.54 GB | =                                  5.43% | 11.5 MB/s | 00:07:38 left
[K0.30 GB/5.54 GB | =                                  5.46% | 11.5 MB/s | 00:07:38 left
[K0.30 GB/5.54 GB | =                                  5.47% | 11.5 MB/s | 00:07:38 left
[K0.30 GB/5.54 GB | =                                  5.49% | 11.5 MB/s | 00:07:38 left
[K0.31 GB/5.54 GB | =                                  5.51% | 11.6 MB/s | 00:07:32 left
[K0.31 GB/5.54 GB | =                                  5.53% | 11.6 MB/s | 00:07:32 left
[K0.31 GB/5.54 GB | =                                  5.55% | 11.6 MB/s | 00:07:32 left
[K0.31 GB/5.54 GB | =                                  5.57% | 11.6 MB/s | 00:07:32 left
[K0.31 GB/5.54 GB | =                                  5.59% | 11.6 MB/s | 00:07:32 left
[K0.31 GB/5.54 GB | =                                  5.61% | 11.6 MB/s | 00:07:32 left
[K0.31 GB/5.54 GB | =                                  5.63% | 11.6 MB/s | 00:07:32 left
[K0.31 GB/5.54 GB | =                                  5.65% | 11.6 MB/s | 00:07:32 left
[K0.31 GB/5.54 GB | =                                  5.67% | 11.6 MB/s | 00:07:32 left
[K0.32 GB/5.54 GB | =                                  5.69% | 11.6 MB/s | 00:07:32 left
[K0.32 GB/5.54 GB | =                                  5.71% | 11.8 MB/s | 00:07:23 left
[K0.32 GB/5.54 GB | =                                  5.73% | 11.8 MB/s | 00:07:23 left
[K0.32 GB/5.54 GB | =                                  5.75% | 11.8 MB/s | 00:07:23 left
[K0.32 GB/5.54 GB | =                                  5.77% | 11.8 MB/s | 00:07:23 left
[K0.32 GB/5.54 GB | =                                  5.79% | 11.8 MB/s | 00:07:23 left
[K0.32 GB/5.54 GB | =                                  5.81% | 11.8 MB/s | 00:07:23 left
[K0.32 GB/5.54 GB | =                                  5.83% | 11.8 MB/s | 00:07:23 left
[K0.32 GB/5.54 GB | =                                  5.85% | 11.8 MB/s | 00:07:23 left
[K0.33 GB/5.54 GB | =                                  5.87% | 11.8 MB/s | 00:07:23 left
[K0.33 GB/5.54 GB | ==                                 5.89% | 11.8 MB/s | 00:07:23 left
[K0.33 GB/5.54 GB | ==                                 5.91% | 11.8 MB/s | 00:07:23 left
[K0.33 GB/5.54 GB | ==                                 5.93% | 11.9 MB/s | 00:07:17 left
[K0.33 GB/5.54 GB | ==                                 5.95% | 11.9 MB/s | 00:07:17 left
[K0.33 GB/5.54 GB | ==                                 5.97% | 11.9 MB/s | 00:07:17 left
[K0.33 GB/5.54 GB | ==                                 5.99% | 11.9 MB/s | 00:07:17 left
[K0.33 GB/5.54 GB | ==                                 6.01% | 11.9 MB/s | 00:07:17 left
[K0.33 GB/5.54 GB | ==                                 6.03% | 11.9 MB/s | 00:07:17 left
[K0.34 GB/5.54 GB | ==                                 6.05% | 11.9 MB/s | 00:07:17 left
[K0.34 GB/5.54 GB | ==                                 6.06% | 11.9 MB/s | 00:07:17 left
[K0.34 GB/5.54 GB | ==                                 6.08% | 11.9 MB/s | 00:07:17 left
[K0.34 GB/5.54 GB | ==                                 6.10% | 11.9 MB/s | 00:07:17 left
[K0.34 GB/5.54 GB | ==                                 6.12% | 11.8 MB/s | 00:07:21 left
[K0.34 GB/5.54 GB | ==                                 6.14% | 11.8 MB/s | 00:07:21 left
[K0.34 GB/5.54 GB | ==                                 6.16% | 11.8 MB/s | 00:07:21 left
[K0.34 GB/5.54 GB | ==                                 6.18% | 11.8 MB/s | 00:07:21 left
[K0.34 GB/5.54 GB | ==                                 6.20% | 11.8 MB/s | 00:07:21 left
[K0.34 GB/5.54 GB | ==                                 6.22% | 11.8 MB/s | 00:07:21 left
[K0.35 GB/5.54 GB | ==                                 6.23% | 11.8 MB/s | 00:07:21 left
[K0.35 GB/5.54 GB | ==                                 6.25% | 11.8 MB/s | 00:07:21 left
[K0.35 GB/5.54 GB | ==                                 6.27% | 11.8 MB/s | 00:07:21 left
[K0.35 GB/5.54 GB | ==                                 6.29% | 11.8 MB/s | 00:07:21 left
[K0.35 GB/5.54 GB | ==                                 6.31% | 11.5 MB/s | 00:07:32 left
[K0.35 GB/5.54 GB | ==                                 6.33% | 11.5 MB/s | 00:07:32 left
[K0.35 GB/5.54 GB | ==                                 6.35% | 11.5 MB/s | 00:07:32 left
[K0.35 GB/5.54 GB | ==                                 6.37% | 11.5 MB/s | 00:07:32 left
[K0.35 GB/5.54 GB | ==                                 6.39% | 11.5 MB/s | 00:07:32 left
[K0.36 GB/5.54 GB | ==                                 6.41% | 11.5 MB/s | 00:07:32 left
[K0.36 GB/5.54 GB | ==                                 6.43% | 11.5 MB/s | 00:07:32 left
[K0.36 GB/5.54 GB | ==                                 6.45% | 11.5 MB/s | 00:07:32 left
[K0.36 GB/5.54 GB | ==                                 6.47% | 11.5 MB/s | 00:07:32 left
[K0.36 GB/5.54 GB | ==                                 6.49% | 11.5 MB/s | 00:07:32 left
[K0.36 GB/5.54 GB | ==                                 6.51% | 11.7 MB/s | 00:07:22 left
[K0.36 GB/5.54 GB | ==                                 6.52% | 11.7 MB/s | 00:07:22 left
[K0.36 GB/5.54 GB | ==                                 6.54% | 11.7 MB/s | 00:07:22 left
[K0.36 GB/5.54 GB | ==                                 6.56% | 11.7 MB/s | 00:07:22 left
[K0.36 GB/5.54 GB | ==                                 6.58% | 11.7 MB/s | 00:07:22 left
[K0.37 GB/5.54 GB | ==                                 6.59% | 11.7 MB/s | 00:07:22 left
[K0.37 GB/5.54 GB | ==                                 6.61% | 11.7 MB/s | 00:07:22 left
[K0.37 GB/5.54 GB | ==                                 6.63% | 11.7 MB/s | 00:07:22 left
[K0.37 GB/5.54 GB | ==                                 6.65% | 11.7 MB/s | 00:07:22 left
[K0.37 GB/5.54 GB | ==                                 6.67% | 11.7 MB/s | 00:07:22 left
[K0.37 GB/5.54 GB | ==                                 6.68% | 11.7 MB/s | 00:07:22 left
[K0.37 GB/5.54 GB | ==                                 6.70% | 10.9 MB/s | 00:07:54 left
[K0.37 GB/5.54 GB | ==                                 6.72% | 10.9 MB/s | 00:07:54 left
[K0.37 GB/5.54 GB | ==                                 6.74% | 10.9 MB/s | 00:07:54 left
[K0.37 GB/5.54 GB | ==                                 6.76% | 10.9 MB/s | 00:07:54 left
[K0.38 GB/5.54 GB | ==                                 6.78% | 10.9 MB/s | 00:07:54 left
[K0.38 GB/5.54 GB | ==                                 6.80% | 10.9 MB/s | 00:07:54 left
[K0.38 GB/5.54 GB | ==                                 6.82% | 10.9 MB/s | 00:07:54 left
[K0.38 GB/5.54 GB | ==                                 6.84% | 10.9 MB/s | 00:07:54 left
[K0.38 GB/5.54 GB | ==                                 6.86% | 10.9 MB/s | 00:07:54 left
[K0.38 GB/5.54 GB | ==                                 6.88% | 10.9 MB/s | 00:07:54 left
[K0.38 GB/5.54 GB | ==                                 6.89% | 11.6 MB/s | 00:07:26 left
[K0.38 GB/5.54 GB | ==                                 6.91% | 11.6 MB/s | 00:07:26 left
[K0.38 GB/5.54 GB | ==                                 6.93% | 11.6 MB/s | 00:07:26 left
[K0.39 GB/5.54 GB | ==                                 6.95% | 11.6 MB/s | 00:07:26 left
[K0.39 GB/5.54 GB | ==                                 6.97% | 11.6 MB/s | 00:07:26 left
[K0.39 GB/5.54 GB | ==                                 6.98% | 11.6 MB/s | 00:07:26 left
[K0.39 GB/5.54 GB | ==                                 7.00% | 11.6 MB/s | 00:07:26 left
[K0.39 GB/5.54 GB | ==                                 7.01% | 11.6 MB/s | 00:07:26 left
[K0.39 GB/5.54 GB | ==                                 7.02% | 11.6 MB/s | 00:07:26 left
[K0.39 GB/5.54 GB | ==                                 7.04% | 11.6 MB/s | 00:07:26 left
[K0.39 GB/5.54 GB | ==                                 7.05% | 9.4 MB/s | 00:09:08 left
[K0.39 GB/5.54 GB | ==                                 7.07% | 9.4 MB/s | 00:09:08 left
[K0.39 GB/5.54 GB | ==                                 7.08% | 9.4 MB/s | 00:09:08 left
[K0.39 GB/5.54 GB | ==                                 7.10% | 9.4 MB/s | 00:09:08 left
[K0.39 GB/5.54 GB | ==                                 7.12% | 9.4 MB/s | 00:09:08 left
[K0.40 GB/5.54 GB | ==                                 7.13% | 9.4 MB/s | 00:09:08 left
[K0.40 GB/5.54 GB | ==                                 7.15% | 9.4 MB/s | 00:09:08 left
[K0.40 GB/5.54 GB | ==                                 7.17% | 9.4 MB/s | 00:09:08 left
[K0.40 GB/5.54 GB | ==                                 7.19% | 9.4 MB/s | 00:09:08 left
[K0.40 GB/5.54 GB | ==                                 7.21% | 9.4 MB/s | 00:09:08 left
[K0.40 GB/5.54 GB | ==                                 7.23% | 9.4 MB/s | 00:09:08 left
[K0.40 GB/5.54 GB | ==                                 7.25% | 11.3 MB/s | 00:07:34 left
[K0.40 GB/5.54 GB | ==                                 7.27% | 11.3 MB/s | 00:07:34 left
[K0.40 GB/5.54 GB | ==                                 7.29% | 11.3 MB/s | 00:07:34 left
[K0.41 GB/5.54 GB | ==                                 7.31% | 11.3 MB/s | 00:07:34 left
[K0.41 GB/5.54 GB | ==                                 7.33% | 11.3 MB/s | 00:07:34 left
[K0.41 GB/5.54 GB | ==                                 7.35% | 11.3 MB/s | 00:07:34 left
[K0.41 GB/5.54 GB | ==                                 7.37% | 11.3 MB/s | 00:07:34 left
[K0.41 GB/5.54 GB | ==                                 7.39% | 11.3 MB/s | 00:07:34 left
[K0.41 GB/5.54 GB | ==                                 7.40% | 11.3 MB/s | 00:07:34 left
[K0.41 GB/5.54 GB | ==                                 7.42% | 11.3 MB/s | 00:07:34 left
[K0.41 GB/5.54 GB | ==                                 7.44% | 11.3 MB/s | 00:07:34 left
[K0.41 GB/5.54 GB | ==                                 7.46% | 11.7 MB/s | 00:07:19 left
[K0.41 GB/5.54 GB | ==                                 7.48% | 11.7 MB/s | 00:07:19 left
[K0.42 GB/5.54 GB | ==                                 7.50% | 11.7 MB/s | 00:07:19 left
[K0.42 GB/5.54 GB | ==                                 7.52% | 11.7 MB/s | 00:07:19 left
[K0.42 GB/5.54 GB | ==                                 7.54% | 11.7 MB/s | 00:07:19 left
[K0.42 GB/5.54 GB | ==                                 7.56% | 11.7 MB/s | 00:07:19 left
[K0.42 GB/5.54 GB | ==                                 7.58% | 11.7 MB/s | 00:07:19 left
[K0.42 GB/5.54 GB | ==                                 7.60% | 11.7 MB/s | 00:07:19 left
[K0.42 GB/5.54 GB | ==                                 7.62% | 11.7 MB/s | 00:07:19 left
[K0.42 GB/5.54 GB | ==                                 7.64% | 11.7 MB/s | 00:07:19 left
[K0.42 GB/5.54 GB | ==                                 7.66% | 11.9 MB/s | 00:07:11 left
[K0.43 GB/5.54 GB | ==                                 7.68% | 11.9 MB/s | 00:07:11 left
[K0.43 GB/5.54 GB | ==                                 7.70% | 11.9 MB/s | 00:07:11 left
[K0.43 GB/5.54 GB | ==                                 7.72% | 11.9 MB/s | 00:07:11 left
[K0.43 GB/5.54 GB | ==                                 7.74% | 11.9 MB/s | 00:07:11 left
[K0.43 GB/5.54 GB | ==                                 7.76% | 11.9 MB/s | 00:07:11 left
[K0.43 GB/5.54 GB | ==                                 7.78% | 11.9 MB/s | 00:07:11 left
[K0.43 GB/5.54 GB | ==                                 7.79% | 11.9 MB/s | 00:07:11 left
[K0.43 GB/5.54 GB | ==                                 7.82% | 11.9 MB/s | 00:07:11 left
[K0.43 GB/5.54 GB | ==                                 7.83% | 11.9 MB/s | 00:07:11 left
[K0.44 GB/5.54 GB | ==                                 7.85% | 11.9 MB/s | 00:07:11 left
[K0.44 GB/5.54 GB | ==                                 7.87% | 10.1 MB/s | 00:08:25 left
[K0.44 GB/5.54 GB | ==                                 7.88% | 10.1 MB/s | 00:08:25 left
[K0.44 GB/5.54 GB | ==                                 7.89% | 10.1 MB/s | 00:08:25 left
[K0.44 GB/5.54 GB | ==                                 7.91% | 10.1 MB/s | 00:08:25 left
[K0.44 GB/5.54 GB | ==                                 7.93% | 10.1 MB/s | 00:08:25 left
[K0.44 GB/5.54 GB | ==                                 7.95% | 10.1 MB/s | 00:08:25 left
[K0.44 GB/5.54 GB | ==                                 7.97% | 10.1 MB/s | 00:08:25 left
[K0.44 GB/5.54 GB | ==                                 7.99% | 10.1 MB/s | 00:08:25 left
[K0.44 GB/5.54 GB | ==                                 8.01% | 10.1 MB/s | 00:08:25 left
[K0.45 GB/5.54 GB | ==                                 8.03% | 10.1 MB/s | 00:08:25 left
[K0.45 GB/5.54 GB | ==                                 8.05% | 10.1 MB/s | 00:08:25 left
[K0.45 GB/5.54 GB | ==                                 8.07% | 11.2 MB/s | 00:07:35 left
[K0.45 GB/5.54 GB | ==                                 8.09% | 11.2 MB/s | 00:07:35 left
[K0.45 GB/5.54 GB | ==                                 8.11% | 11.2 MB/s | 00:07:35 left
[K0.45 GB/5.54 GB | ==                                 8.13% | 11.2 MB/s | 00:07:35 left
[K0.45 GB/5.54 GB | ==                                 8.15% | 11.2 MB/s | 00:07:35 left
[K0.45 GB/5.54 GB | ==                                 8.17% | 11.2 MB/s | 00:07:35 left
[K0.45 GB/5.54 GB | ==                                 8.19% | 11.2 MB/s | 00:07:35 left
[K0.46 GB/5.54 GB | ==                                 8.21% | 11.2 MB/s | 00:07:35 left
[K0.46 GB/5.54 GB | ==                                 8.23% | 11.2 MB/s | 00:07:35 left
[K0.46 GB/5.54 GB | ==                                 8.25% | 11.2 MB/s | 00:07:35 left
[K0.46 GB/5.54 GB | ==                                 8.27% | 12.1 MB/s | 00:07:02 left
[K0.46 GB/5.54 GB | ==                                 8.29% | 12.1 MB/s | 00:07:02 left
[K0.46 GB/5.54 GB | ==                                 8.30% | 12.1 MB/s | 00:07:02 left
[K0.46 GB/5.54 GB | ==                                 8.32% | 12.1 MB/s | 00:07:02 left
[K0.46 GB/5.54 GB | ==                                 8.34% | 12.1 MB/s | 00:07:02 left
[K0.46 GB/5.54 GB | ==                                 8.36% | 12.1 MB/s | 00:07:02 left
[K0.46 GB/5.54 GB | ==                                 8.38% | 12.1 MB/s | 00:07:02 left
[K0.47 GB/5.54 GB | ==                                 8.40% | 12.1 MB/s | 00:07:02 left
[K0.47 GB/5.54 GB | ==                                 8.42% | 12.1 MB/s | 00:07:02 left
[K0.47 GB/5.54 GB | ==                                 8.44% | 12.1 MB/s | 00:07:02 left
[K0.47 GB/5.54 GB | ==                                 8.46% | 12.0 MB/s | 00:07:03 left
[K0.47 GB/5.54 GB | ==                                 8.48% | 12.0 MB/s | 00:07:03 left
[K0.47 GB/5.54 GB | ==                                 8.50% | 12.0 MB/s | 00:07:03 left
[K0.47 GB/5.54 GB | ==                                 8.52% | 12.0 MB/s | 00:07:03 left
[K0.47 GB/5.54 GB | ==                                 8.53% | 12.0 MB/s | 00:07:03 left
[K0.47 GB/5.54 GB | ==                                 8.55% | 12.0 MB/s | 00:07:03 left
[K0.48 GB/5.54 GB | ==                                 8.57% | 12.0 MB/s | 00:07:03 left
[K0.48 GB/5.54 GB | ==                                 8.59% | 12.0 MB/s | 00:07:03 left
[K0.48 GB/5.54 GB | ==                                 8.60% | 12.0 MB/s | 00:07:03 left
[K0.48 GB/5.54 GB | ==                                 8.62% | 12.0 MB/s | 00:07:03 left
[K0.48 GB/5.54 GB | ==                                 8.64% | 11.1 MB/s | 00:07:38 left
[K0.48 GB/5.54 GB | ==                                 8.66% | 11.1 MB/s | 00:07:38 left
[K0.48 GB/5.54 GB | ==                                 8.68% | 11.1 MB/s | 00:07:38 left
[K0.48 GB/5.54 GB | ==                                 8.70% | 11.1 MB/s | 00:07:38 left
[K0.48 GB/5.54 GB | ==                                 8.72% | 11.1 MB/s | 00:07:38 left
[K0.48 GB/5.54 GB | ==                                 8.74% | 11.1 MB/s | 00:07:38 left
[K0.49 GB/5.54 GB | ==                                 8.76% | 11.1 MB/s | 00:07:38 left
[K0.49 GB/5.54 GB | ==                                 8.78% | 11.1 MB/s | 00:07:38 left
[K0.49 GB/5.54 GB | ==                                 8.80% | 11.1 MB/s | 00:07:38 left
[K0.49 GB/5.54 GB | ==                                 8.82% | 11.1 MB/s | 00:07:38 left
[K0.49 GB/5.54 GB | ===                                8.84% | 12.1 MB/s | 00:06:59 left
[K0.49 GB/5.54 GB | ===                                8.86% | 12.1 MB/s | 00:06:59 left
[K0.49 GB/5.54 GB | ===                                8.88% | 12.1 MB/s | 00:06:59 left
[K0.49 GB/5.54 GB | ===                                8.90% | 12.1 MB/s | 00:06:59 left
[K0.49 GB/5.54 GB | ===                                8.92% | 12.1 MB/s | 00:06:59 left
[K0.50 GB/5.54 GB | ===                                8.94% | 12.1 MB/s | 00:06:59 left
[K0.50 GB/5.54 GB | ===                                8.96% | 12.1 MB/s | 00:06:59 left
[K0.50 GB/5.54 GB | ===                                8.98% | 12.1 MB/s | 00:06:59 left
[K0.50 GB/5.54 GB | ===                                8.99% | 12.1 MB/s | 00:06:59 left
[K0.50 GB/5.54 GB | ===                                9.00% | 12.1 MB/s | 00:06:59 left
[K0.50 GB/5.54 GB | ===                                9.02% | 10.4 MB/s | 00:08:06 left
[K0.50 GB/5.54 GB | ===                                9.03% | 10.4 MB/s | 00:08:06 left
[K0.50 GB/5.54 GB | ===                                9.04% | 10.4 MB/s | 00:08:06 left
[K0.50 GB/5.54 GB | ===                                9.06% | 10.4 MB/s | 00:08:06 left
[K0.50 GB/5.54 GB | ===                                9.07% | 10.4 MB/s | 00:08:06 left
[K0.50 GB/5.54 GB | ===                                9.09% | 10.4 MB/s | 00:08:06 left
[K0.51 GB/5.54 GB | ===                                9.11% | 10.4 MB/s | 00:08:06 left
[K0.51 GB/5.54 GB | ===                                9.12% | 10.4 MB/s | 00:08:06 left
[K0.51 GB/5.54 GB | ===                                9.13% | 10.4 MB/s | 00:08:06 left
[K0.51 GB/5.54 GB | ===                                9.15% | 10.4 MB/s | 00:08:06 left
[K0.51 GB/5.54 GB | ===                                9.16% | 9.1 MB/s | 00:09:15 left
[K0.51 GB/5.54 GB | ===                                9.17% | 9.1 MB/s | 00:09:15 left
[K0.51 GB/5.54 GB | ===                                9.19% | 9.1 MB/s | 00:09:15 left
[K0.51 GB/5.54 GB | ===                                9.20% | 9.1 MB/s | 00:09:15 left
[K0.51 GB/5.54 GB | ===                                9.22% | 9.1 MB/s | 00:09:15 left
[K0.51 GB/5.54 GB | ===                                9.23% | 9.1 MB/s | 00:09:15 left
[K0.51 GB/5.54 GB | ===                                9.25% | 9.1 MB/s | 00:09:15 left
[K0.51 GB/5.54 GB | ===                                9.26% | 9.1 MB/s | 00:09:15 left
[K0.51 GB/5.54 GB | ===                                9.28% | 9.1 MB/s | 00:09:15 left
[K0.52 GB/5.54 GB | ===                                9.30% | 9.1 MB/s | 00:09:15 left
[K0.52 GB/5.54 GB | ===                                9.31% | 9.1 MB/s | 00:09:15 left
[K0.52 GB/5.54 GB | ===                                9.33% | 9.3 MB/s | 00:09:03 left
[K0.52 GB/5.54 GB | ===                                9.34% | 9.3 MB/s | 00:09:03 left
[K0.52 GB/5.54 GB | ===                                9.36% | 9.3 MB/s | 00:09:03 left
[K0.52 GB/5.54 GB | ===                                9.38% | 9.3 MB/s | 00:09:03 left
[K0.52 GB/5.54 GB | ===                                9.39% | 9.3 MB/s | 00:09:03 left
[K0.52 GB/5.54 GB | ===                                9.41% | 9.3 MB/s | 00:09:03 left
[K0.52 GB/5.54 GB | ===                                9.43% | 9.3 MB/s | 00:09:03 left
[K0.52 GB/5.54 GB | ===                                9.45% | 9.3 MB/s | 00:09:03 left
[K0.52 GB/5.54 GB | ===                                9.47% | 9.3 MB/s | 00:09:03 left
[K0.53 GB/5.54 GB | ===                                9.48% | 9.3 MB/s | 00:09:03 left
[K0.53 GB/5.54 GB | ===                                9.50% | 10.6 MB/s | 00:07:54 left
[K0.53 GB/5.54 GB | ===                                9.52% | 10.6 MB/s | 00:07:54 left
[K0.53 GB/5.54 GB | ===                                9.54% | 10.6 MB/s | 00:07:54 left
[K0.53 GB/5.54 GB | ===                                9.55% | 10.6 MB/s | 00:07:54 left
[K0.53 GB/5.54 GB | ===                                9.57% | 10.6 MB/s | 00:07:54 left
[K0.53 GB/5.54 GB | ===                                9.59% | 10.6 MB/s | 00:07:54 left
[K0.53 GB/5.54 GB | ===                                9.61% | 10.6 MB/s | 00:07:54 left
[K0.53 GB/5.54 GB | ===                                9.63% | 10.6 MB/s | 00:07:54 left
[K0.54 GB/5.54 GB | ===                                9.65% | 10.6 MB/s | 00:07:54 left
[K0.54 GB/5.54 GB | ===                                9.67% | 10.6 MB/s | 00:07:54 left
[K0.54 GB/5.54 GB | ===                                9.69% | 11.6 MB/s | 00:07:11 left
[K0.54 GB/5.54 GB | ===                                9.71% | 11.6 MB/s | 00:07:11 left
[K0.54 GB/5.54 GB | ===                                9.73% | 11.6 MB/s | 00:07:11 left
[K0.54 GB/5.54 GB | ===                                9.75% | 11.6 MB/s | 00:07:11 left
[K0.54 GB/5.54 GB | ===                                9.77% | 11.6 MB/s | 00:07:11 left
[K0.54 GB/5.54 GB | ===                                9.78% | 11.6 MB/s | 00:07:11 left
[K0.54 GB/5.54 GB | ===                                9.80% | 11.6 MB/s | 00:07:11 left
[K0.54 GB/5.54 GB | ===                                9.82% | 11.6 MB/s | 00:07:11 left
[K0.55 GB/5.54 GB | ===                                9.84% | 11.6 MB/s | 00:07:11 left
[K0.55 GB/5.54 GB | ===                                9.86% | 11.6 MB/s | 00:07:11 left
[K0.55 GB/5.54 GB | ===                                9.87% | 11.3 MB/s | 00:07:21 left
[K0.55 GB/5.54 GB | ===                                9.89% | 11.3 MB/s | 00:07:21 left
[K0.55 GB/5.54 GB | ===                                9.91% | 11.3 MB/s | 00:07:21 left
[K0.55 GB/5.54 GB | ===                                9.92% | 11.3 MB/s | 00:07:21 left
[K0.55 GB/5.54 GB | ===                                9.94% | 11.3 MB/s | 00:07:21 left
[K0.55 GB/5.54 GB | ===                                9.96% | 11.3 MB/s | 00:07:21 left
[K0.55 GB/5.54 GB | ===                                9.98% | 11.3 MB/s | 00:07:21 left
[K0.55 GB/5.54 GB | ===                                9.99% | 11.3 MB/s | 00:07:21 left
[K0.56 GB/5.54 GB | ===                               10.01% | 11.3 MB/s | 00:07:21 left
[K0.56 GB/5.54 GB | ===                               10.02% | 11.3 MB/s | 00:07:21 left
[K0.56 GB/5.54 GB | ===                               10.03% | 9.1 MB/s | 00:09:08 left
[K0.56 GB/5.54 GB | ===                               10.04% | 9.1 MB/s | 00:09:08 left
[K0.56 GB/5.54 GB | ===                               10.06% | 9.1 MB/s | 00:09:08 left
[K0.56 GB/5.54 GB | ===                               10.08% | 9.1 MB/s | 00:09:08 left
[K0.56 GB/5.54 GB | ===                               10.09% | 9.1 MB/s | 00:09:08 left
[K0.56 GB/5.54 GB | ===                               10.11% | 9.1 MB/s | 00:09:08 left
[K0.56 GB/5.54 GB | ===                               10.13% | 9.1 MB/s | 00:09:08 left
[K0.56 GB/5.54 GB | ===                               10.15% | 9.1 MB/s | 00:09:08 left
[K0.56 GB/5.54 GB | ===                               10.17% | 9.1 MB/s | 00:09:08 left
[K0.56 GB/5.54 GB | ===                               10.19% | 9.1 MB/s | 00:09:08 left
[K0.57 GB/5.54 GB | ===                               10.20% | 9.1 MB/s | 00:09:08 left
[K0.57 GB/5.54 GB | ===                               10.22% | 10.8 MB/s | 00:07:39 left
[K0.57 GB/5.54 GB | ===                               10.24% | 10.8 MB/s | 00:07:39 left
[K0.57 GB/5.54 GB | ===                               10.26% | 10.8 MB/s | 00:07:39 left
[K0.57 GB/5.54 GB | ===                               10.28% | 10.8 MB/s | 00:07:39 left
[K0.57 GB/5.54 GB | ===                               10.30% | 10.8 MB/s | 00:07:39 left
[K0.57 GB/5.54 GB | ===                               10.32% | 10.8 MB/s | 00:07:39 left
[K0.57 GB/5.54 GB | ===                               10.34% | 10.8 MB/s | 00:07:39 left
[K0.57 GB/5.54 GB | ===                               10.35% | 10.8 MB/s | 00:07:39 left
[K0.58 GB/5.54 GB | ===                               10.37% | 10.8 MB/s | 00:07:39 left
[K0.58 GB/5.54 GB | ===                               10.38% | 9.8 MB/s | 00:08:29 left
[K0.58 GB/5.54 GB | ===                               10.40% | 9.8 MB/s | 00:08:29 left
[K0.58 GB/5.54 GB | ===                               10.41% | 9.8 MB/s | 00:08:29 left
[K0.58 GB/5.54 GB | ===                               10.42% | 9.8 MB/s | 00:08:29 left
[K0.58 GB/5.54 GB | ===                               10.43% | 9.8 MB/s | 00:08:29 left
[K0.58 GB/5.54 GB | ===                               10.45% | 9.8 MB/s | 00:08:29 left
[K0.58 GB/5.54 GB | ===                               10.46% | 9.8 MB/s | 00:08:29 left
[K0.58 GB/5.54 GB | ===                               10.47% | 9.8 MB/s | 00:08:29 left
[K0.58 GB/5.54 GB | ===                               10.48% | 9.8 MB/s | 00:08:29 left
[K0.58 GB/5.54 GB | ===                               10.50% | 9.8 MB/s | 00:08:29 left
[K0.58 GB/5.54 GB | ===                               10.51% | 9.8 MB/s | 00:08:29 left
[K0.58 GB/5.54 GB | ===                               10.53% | 8.0 MB/s | 00:10:18 left
[K0.58 GB/5.54 GB | ===                               10.54% | 8.0 MB/s | 00:10:18 left
[K0.59 GB/5.54 GB | ===                               10.56% | 8.0 MB/s | 00:10:18 left
[K0.59 GB/5.54 GB | ===                               10.57% | 8.0 MB/s | 00:10:18 left
[K0.59 GB/5.54 GB | ===                               10.59% | 8.0 MB/s | 00:10:18 left
[K0.59 GB/5.54 GB | ===                               10.60% | 8.0 MB/s | 00:10:18 left
[K0.59 GB/5.54 GB | ===                               10.62% | 8.0 MB/s | 00:10:18 left
[K0.59 GB/5.54 GB | ===                               10.63% | 8.0 MB/s | 00:10:18 left
[K0.59 GB/5.54 GB | ===                               10.65% | 8.0 MB/s | 00:10:18 left
[K0.59 GB/5.54 GB | ===                               10.67% | 8.0 MB/s | 00:10:18 left
[K0.59 GB/5.54 GB | ===                               10.68% | 8.0 MB/s | 00:10:18 left
[K0.59 GB/5.54 GB | ===                               10.70% | 9.6 MB/s | 00:08:34 left
[K0.59 GB/5.54 GB | ===                               10.72% | 9.6 MB/s | 00:08:34 left
[K0.60 GB/5.54 GB | ===                               10.73% | 9.6 MB/s | 00:08:34 left
[K0.60 GB/5.54 GB | ===                               10.75% | 9.6 MB/s | 00:08:34 left
[K0.60 GB/5.54 GB | ===                               10.77% | 9.6 MB/s | 00:08:34 left
[K0.60 GB/5.54 GB | ===                               10.78% | 9.6 MB/s | 00:08:34 left
[K0.60 GB/5.54 GB | ===                               10.80% | 9.6 MB/s | 00:08:34 left
[K0.60 GB/5.54 GB | ===                               10.82% | 9.6 MB/s | 00:08:34 left
[K0.60 GB/5.54 GB | ===                               10.84% | 9.6 MB/s | 00:08:34 left
[K0.60 GB/5.54 GB | ===                               10.86% | 9.6 MB/s | 00:08:34 left
[K0.60 GB/5.54 GB | ===                               10.87% | 9.6 MB/s | 00:08:34 left
[K0.60 GB/5.54 GB | ===                               10.89% | 10.7 MB/s | 00:07:43 left
[K0.61 GB/5.54 GB | ===                               10.91% | 10.7 MB/s | 00:07:43 left
[K0.61 GB/5.54 GB | ===                               10.93% | 10.7 MB/s | 00:07:43 left
[K0.61 GB/5.54 GB | ===                               10.95% | 10.7 MB/s | 00:07:43 left
[K0.61 GB/5.54 GB | ===                               10.97% | 10.7 MB/s | 00:07:43 left
[K0.61 GB/5.54 GB | ===                               10.98% | 10.7 MB/s | 00:07:43 left
[K0.61 GB/5.54 GB | ===                               11.00% | 10.7 MB/s | 00:07:43 left
[K0.61 GB/5.54 GB | ===                               11.02% | 10.7 MB/s | 00:07:43 left
[K0.61 GB/5.54 GB | ===                               11.04% | 10.7 MB/s | 00:07:43 left
[K0.61 GB/5.54 GB | ===                               11.06% | 10.7 MB/s | 00:07:43 left
[K0.61 GB/5.54 GB | ===                               11.08% | 11.6 MB/s | 00:07:05 left
[K0.62 GB/5.54 GB | ===                               11.10% | 11.6 MB/s | 00:07:05 left
[K0.62 GB/5.54 GB | ===                               11.12% | 11.6 MB/s | 00:07:05 left
[K0.62 GB/5.54 GB | ===                               11.14% | 11.6 MB/s | 00:07:05 left
[K0.62 GB/5.54 GB | ===                               11.15% | 11.6 MB/s | 00:07:05 left
[K0.62 GB/5.54 GB | ===                               11.17% | 11.6 MB/s | 00:07:05 left
[K0.62 GB/5.54 GB | ===                               11.19% | 11.6 MB/s | 00:07:05 left
[K0.62 GB/5.54 GB | ===                               11.20% | 11.6 MB/s | 00:07:05 left
[K0.62 GB/5.54 GB | ===                               11.22% | 11.6 MB/s | 00:07:05 left
[K0.62 GB/5.54 GB | ===                               11.24% | 11.6 MB/s | 00:07:05 left
[K0.62 GB/5.54 GB | ===                               11.26% | 11.0 MB/s | 00:07:26 left
[K0.63 GB/5.54 GB | ===                               11.28% | 11.0 MB/s | 00:07:26 left
[K0.63 GB/5.54 GB | ===                               11.30% | 11.0 MB/s | 00:07:26 left
[K0.63 GB/5.54 GB | ===                               11.31% | 11.0 MB/s | 00:07:26 left
[K0.63 GB/5.54 GB | ===                               11.33% | 11.0 MB/s | 00:07:26 left
[K0.63 GB/5.54 GB | ===                               11.35% | 11.0 MB/s | 00:07:26 left
[K0.63 GB/5.54 GB | ===                               11.36% | 11.0 MB/s | 00:07:26 left
[K0.63 GB/5.54 GB | ===                               11.37% | 11.0 MB/s | 00:07:26 left
[K0.63 GB/5.54 GB | ===                               11.38% | 11.0 MB/s | 00:07:26 left
[K0.63 GB/5.54 GB | ===                               11.40% | 11.0 MB/s | 00:07:26 left
[K0.63 GB/5.54 GB | ===                               11.41% | 9.2 MB/s | 00:08:56 left
[K0.63 GB/5.54 GB | ===                               11.43% | 9.2 MB/s | 00:08:56 left
[K0.64 GB/5.54 GB | ===                               11.45% | 9.2 MB/s | 00:08:56 left
[K0.64 GB/5.54 GB | ===                               11.47% | 9.2 MB/s | 00:08:56 left
[K0.64 GB/5.54 GB | ===                               11.49% | 9.2 MB/s | 00:08:56 left
[K0.64 GB/5.54 GB | ===                               11.51% | 9.2 MB/s | 00:08:56 left
[K0.64 GB/5.54 GB | ===                               11.53% | 9.2 MB/s | 00:08:56 left
[K0.64 GB/5.54 GB | ===                               11.55% | 9.2 MB/s | 00:08:56 left
[K0.64 GB/5.54 GB | ===                               11.57% | 9.2 MB/s | 00:08:56 left
[K0.64 GB/5.54 GB | ===                               11.58% | 9.2 MB/s | 00:08:56 left
[K0.64 GB/5.54 GB | ===                               11.60% | 11.6 MB/s | 00:07:01 left
[K0.64 GB/5.54 GB | ===                               11.62% | 11.6 MB/s | 00:07:01 left
[K0.65 GB/5.54 GB | ===                               11.64% | 11.6 MB/s | 00:07:01 left
[K0.65 GB/5.54 GB | ===                               11.66% | 11.6 MB/s | 00:07:01 left
[K0.65 GB/5.54 GB | ===                               11.68% | 11.6 MB/s | 00:07:01 left
[K0.65 GB/5.54 GB | ===                               11.70% | 11.6 MB/s | 00:07:01 left
[K0.65 GB/5.54 GB | ===                               11.72% | 11.6 MB/s | 00:07:01 left
[K0.65 GB/5.54 GB | ===                               11.74% | 11.6 MB/s | 00:07:01 left
[K0.65 GB/5.54 GB | ===                               11.76% | 11.6 MB/s | 00:07:01 left
[K0.65 GB/5.54 GB | ===                               11.78% | 11.6 MB/s | 00:07:01 left
[K0.65 GB/5.54 GB | ===                               11.80% | 11.9 MB/s | 00:06:50 left
[K0.66 GB/5.54 GB | ===                               11.82% | 11.9 MB/s | 00:06:50 left
[K0.66 GB/5.54 GB | ===                               11.84% | 11.9 MB/s | 00:06:50 left
[K0.66 GB/5.54 GB | ===                               11.86% | 11.9 MB/s | 00:06:50 left
[K0.66 GB/5.54 GB | ===                               11.88% | 11.9 MB/s | 00:06:50 left
[K0.66 GB/5.54 GB | ===                               11.89% | 11.9 MB/s | 00:06:50 left
[K0.66 GB/5.54 GB | ===                               11.91% | 11.9 MB/s | 00:06:50 left
[K0.66 GB/5.54 GB | ===                               11.93% | 11.9 MB/s | 00:06:50 left
[K0.66 GB/5.54 GB | ===                               11.95% | 11.9 MB/s | 00:06:50 left
[K0.66 GB/5.54 GB | ===                               11.97% | 11.9 MB/s | 00:06:50 left
[K0.67 GB/5.54 GB | ===                               11.99% | 11.7 MB/s | 00:06:56 left
[K0.67 GB/5.54 GB | ===                               12.01% | 11.7 MB/s | 00:06:56 left
[K0.67 GB/5.54 GB | ===                               12.03% | 11.7 MB/s | 00:06:56 left
[K0.67 GB/5.54 GB | ===                               12.05% | 11.7 MB/s | 00:06:56 left
[K0.67 GB/5.54 GB | ===                               12.07% | 11.7 MB/s | 00:06:56 left
[K0.67 GB/5.54 GB | ===                               12.09% | 11.7 MB/s | 00:06:56 left
[K0.67 GB/5.54 GB | ===                               12.11% | 11.7 MB/s | 00:06:56 left
[K0.67 GB/5.54 GB | ===                               12.12% | 11.7 MB/s | 00:06:56 left
[K0.67 GB/5.54 GB | ====                              12.14% | 11.7 MB/s | 00:06:56 left
[K0.67 GB/5.54 GB | ====                              12.16% | 11.7 MB/s | 00:06:56 left
[K0.68 GB/5.54 GB | ====                              12.18% | 11.5 MB/s | 00:07:02 left
[K0.68 GB/5.54 GB | ====                              12.20% | 11.5 MB/s | 00:07:02 left
[K0.68 GB/5.54 GB | ====                              12.22% | 11.5 MB/s | 00:07:02 left
[K0.68 GB/5.54 GB | ====                              12.24% | 11.5 MB/s | 00:07:02 left
[K0.68 GB/5.54 GB | ====                              12.26% | 11.5 MB/s | 00:07:02 left
[K0.68 GB/5.54 GB | ====                              12.28% | 11.5 MB/s | 00:07:02 left
[K0.68 GB/5.54 GB | ====                              12.30% | 11.5 MB/s | 00:07:02 left
[K0.68 GB/5.54 GB | ====                              12.32% | 11.5 MB/s | 00:07:02 left
[K0.68 GB/5.54 GB | ====                              12.34% | 11.5 MB/s | 00:07:02 left
[K0.69 GB/5.54 GB | ====                              12.36% | 11.5 MB/s | 00:07:02 left
[K0.69 GB/5.54 GB | ====                              12.38% | 11.8 MB/s | 00:06:50 left
[K0.69 GB/5.54 GB | ====                              12.40% | 11.8 MB/s | 00:06:50 left
[K0.69 GB/5.54 GB | ====                              12.42% | 11.8 MB/s | 00:06:50 left
[K0.69 GB/5.54 GB | ====                              12.43% | 11.8 MB/s | 00:06:50 left
[K0.69 GB/5.54 GB | ====                              12.45% | 11.8 MB/s | 00:06:50 left
[K0.69 GB/5.54 GB | ====                              12.47% | 11.8 MB/s | 00:06:50 left
[K0.69 GB/5.54 GB | ====                              12.49% | 11.8 MB/s | 00:06:50 left
[K0.69 GB/5.54 GB | ====                              12.51% | 11.8 MB/s | 00:06:50 left
[K0.69 GB/5.54 GB | ====                              12.53% | 11.8 MB/s | 00:06:50 left
[K0.70 GB/5.54 GB | ====                              12.55% | 11.8 MB/s | 00:06:50 left
[K0.70 GB/5.54 GB | ====                              12.57% | 11.7 MB/s | 00:06:55 left
[K0.70 GB/5.54 GB | ====                              12.59% | 11.7 MB/s | 00:06:55 left
[K0.70 GB/5.54 GB | ====                              12.61% | 11.7 MB/s | 00:06:55 left
[K0.70 GB/5.54 GB | ====                              12.63% | 11.7 MB/s | 00:06:55 left
[K0.70 GB/5.54 GB | ====                              12.65% | 11.7 MB/s | 00:06:55 left
[K0.70 GB/5.54 GB | ====                              12.66% | 11.7 MB/s | 00:06:55 left
[K0.70 GB/5.54 GB | ====                              12.68% | 11.7 MB/s | 00:06:55 left
[K0.70 GB/5.54 GB | ====                              12.70% | 11.7 MB/s | 00:06:55 left
[K0.71 GB/5.54 GB | ====                              12.72% | 11.7 MB/s | 00:06:55 left
[K0.71 GB/5.54 GB | ====                              12.74% | 11.7 MB/s | 00:06:55 left
[K0.71 GB/5.54 GB | ====                              12.76% | 11.6 MB/s | 00:06:57 left
[K0.71 GB/5.54 GB | ====                              12.78% | 11.6 MB/s | 00:06:57 left
[K0.71 GB/5.54 GB | ====                              12.80% | 11.6 MB/s | 00:06:57 left
[K0.71 GB/5.54 GB | ====                              12.82% | 11.6 MB/s | 00:06:57 left
[K0.71 GB/5.54 GB | ====                              12.83% | 11.6 MB/s | 00:06:57 left
[K0.71 GB/5.54 GB | ====                              12.85% | 11.6 MB/s | 00:06:57 left
[K0.71 GB/5.54 GB | ====                              12.87% | 11.6 MB/s | 00:06:57 left
[K0.71 GB/5.54 GB | ====                              12.88% | 11.6 MB/s | 00:06:57 left
[K0.72 GB/5.54 GB | ====                              12.90% | 11.6 MB/s | 00:06:57 left
[K0.72 GB/5.54 GB | ====                              12.92% | 11.6 MB/s | 00:06:57 left
[K0.72 GB/5.54 GB | ====                              12.94% | 10.7 MB/s | 00:07:33 left
[K0.72 GB/5.54 GB | ====                              12.95% | 10.7 MB/s | 00:07:33 left
[K0.72 GB/5.54 GB | ====                              12.97% | 10.7 MB/s | 00:07:33 left
[K0.72 GB/5.54 GB | ====                              12.99% | 10.7 MB/s | 00:07:33 left
[K0.72 GB/5.54 GB | ====                              13.01% | 10.7 MB/s | 00:07:33 left
[K0.72 GB/5.54 GB | ====                              13.02% | 10.7 MB/s | 00:07:33 left
[K0.72 GB/5.54 GB | ====                              13.03% | 10.7 MB/s | 00:07:33 left
[K0.72 GB/5.54 GB | ====                              13.04% | 10.7 MB/s | 00:07:33 left
[K0.72 GB/5.54 GB | ====                              13.05% | 10.7 MB/s | 00:07:33 left
[K0.72 GB/5.54 GB | ====                              13.07% | 10.7 MB/s | 00:07:33 left
[K0.73 GB/5.54 GB | ====                              13.09% | 9.0 MB/s | 00:08:54 left
[K0.73 GB/5.54 GB | ====                              13.11% | 9.0 MB/s | 00:08:54 left
[K0.73 GB/5.54 GB | ====                              13.12% | 9.0 MB/s | 00:08:54 left
[K0.73 GB/5.54 GB | ====                              13.14% | 9.0 MB/s | 00:08:54 left
[K0.73 GB/5.54 GB | ====                              13.15% | 9.0 MB/s | 00:08:54 left
[K0.73 GB/5.54 GB | ====                              13.17% | 9.0 MB/s | 00:08:54 left
[K0.73 GB/5.54 GB | ====                              13.18% | 9.0 MB/s | 00:08:54 left
[K0.73 GB/5.54 GB | ====                              13.20% | 9.0 MB/s | 00:08:54 left
[K0.73 GB/5.54 GB | ====                              13.22% | 9.0 MB/s | 00:08:54 left
[K0.73 GB/5.54 GB | ====                              13.23% | 9.0 MB/s | 00:08:54 left
[K0.73 GB/5.54 GB | ====                              13.25% | 10.2 MB/s | 00:07:54 left
[K0.74 GB/5.54 GB | ====                              13.27% | 10.2 MB/s | 00:07:54 left
[K0.74 GB/5.54 GB | ====                              13.29% | 10.2 MB/s | 00:07:54 left
[K0.74 GB/5.54 GB | ====                              13.30% | 10.2 MB/s | 00:07:54 left
[K0.74 GB/5.54 GB | ====                              13.31% | 10.2 MB/s | 00:07:54 left
[K0.74 GB/5.54 GB | ====                              13.33% | 10.2 MB/s | 00:07:54 left
[K0.74 GB/5.54 GB | ====                              13.35% | 10.2 MB/s | 00:07:54 left
[K0.74 GB/5.54 GB | ====                              13.36% | 10.2 MB/s | 00:07:54 left
[K0.74 GB/5.54 GB | ====                              13.37% | 10.2 MB/s | 00:07:54 left
[K0.74 GB/5.54 GB | ====                              13.38% | 10.2 MB/s | 00:07:54 left
[K0.74 GB/5.54 GB | ====                              13.40% | 8.9 MB/s | 00:08:57 left
[K0.74 GB/5.54 GB | ====                              13.42% | 8.9 MB/s | 00:08:57 left
[K0.75 GB/5.54 GB | ====                              13.44% | 8.9 MB/s | 00:08:57 left
[K0.75 GB/5.54 GB | ====                              13.46% | 8.9 MB/s | 00:08:57 left
[K0.75 GB/5.54 GB | ====                              13.48% | 8.9 MB/s | 00:08:57 left
[K0.75 GB/5.54 GB | ====                              13.50% | 8.9 MB/s | 00:08:57 left
[K0.75 GB/5.54 GB | ====                              13.52% | 8.9 MB/s | 00:08:57 left
[K0.75 GB/5.54 GB | ====                              13.54% | 8.9 MB/s | 00:08:57 left
[K0.75 GB/5.54 GB | ====                              13.56% | 8.9 MB/s | 00:08:57 left
[K0.75 GB/5.54 GB | ====                              13.58% | 8.9 MB/s | 00:08:57 left
[K0.75 GB/5.54 GB | ====                              13.59% | 8.9 MB/s | 00:08:57 left
[K0.75 GB/5.54 GB | ====                              13.61% | 11.5 MB/s | 00:06:56 left
[K0.76 GB/5.54 GB | ====                              13.63% | 11.5 MB/s | 00:06:56 left
[K0.76 GB/5.54 GB | ====                              13.65% | 11.5 MB/s | 00:06:56 left
[K0.76 GB/5.54 GB | ====                              13.67% | 11.5 MB/s | 00:06:56 left
[K0.76 GB/5.54 GB | ====                              13.69% | 11.5 MB/s | 00:06:56 left
[K0.76 GB/5.54 GB | ====                              13.71% | 11.5 MB/s | 00:06:56 left
[K0.76 GB/5.54 GB | ====                              13.73% | 11.5 MB/s | 00:06:56 left
[K0.76 GB/5.54 GB | ====                              13.74% | 11.5 MB/s | 00:06:56 left
[K0.76 GB/5.54 GB | ====                              13.76% | 11.5 MB/s | 00:06:56 left
[K0.76 GB/5.54 GB | ====                              13.78% | 11.5 MB/s | 00:06:56 left
[K0.77 GB/5.54 GB | ====                              13.80% | 11.7 MB/s | 00:06:49 left
[K0.77 GB/5.54 GB | ====                              13.82% | 11.7 MB/s | 00:06:49 left
[K0.77 GB/5.54 GB | ====                              13.84% | 11.7 MB/s | 00:06:49 left
[K0.77 GB/5.54 GB | ====                              13.86% | 11.7 MB/s | 00:06:49 left
[K0.77 GB/5.54 GB | ====                              13.88% | 11.7 MB/s | 00:06:49 left
[K0.77 GB/5.54 GB | ====                              13.90% | 11.7 MB/s | 00:06:49 left
[K0.77 GB/5.54 GB | ====                              13.92% | 11.7 MB/s | 00:06:49 left
[K0.77 GB/5.54 GB | ====                              13.94% | 11.7 MB/s | 00:06:49 left
[K0.77 GB/5.54 GB | ====                              13.95% | 11.7 MB/s | 00:06:49 left
[K0.77 GB/5.54 GB | ====                              13.97% | 11.7 MB/s | 00:06:49 left
[K0.78 GB/5.54 GB | ====                              13.99% | 11.5 MB/s | 00:06:56 left
[K0.78 GB/5.54 GB | ====                              14.01% | 11.5 MB/s | 00:06:56 left
[K0.78 GB/5.54 GB | ====                              14.03% | 11.5 MB/s | 00:06:56 left
[K0.78 GB/5.54 GB | ====                              14.05% | 11.5 MB/s | 00:06:56 left
[K0.78 GB/5.54 GB | ====                              14.07% | 11.5 MB/s | 00:06:56 left
[K0.78 GB/5.54 GB | ====                              14.09% | 11.5 MB/s | 00:06:56 left
[K0.78 GB/5.54 GB | ====                              14.11% | 11.5 MB/s | 00:06:56 left
[K0.78 GB/5.54 GB | ====                              14.13% | 11.5 MB/s | 00:06:56 left
[K0.78 GB/5.54 GB | ====                              14.15% | 11.5 MB/s | 00:06:56 left
[K0.79 GB/5.54 GB | ====                              14.17% | 11.5 MB/s | 00:06:56 left
[K0.79 GB/5.54 GB | ====                              14.18% | 11.5 MB/s | 00:06:56 left
[K0.79 GB/5.54 GB | ====                              14.20% | 11.6 MB/s | 00:06:50 left
[K0.79 GB/5.54 GB | ====                              14.22% | 11.6 MB/s | 00:06:50 left
[K0.79 GB/5.54 GB | ====                              14.24% | 11.6 MB/s | 00:06:50 left
[K0.79 GB/5.54 GB | ====                              14.26% | 11.6 MB/s | 00:06:50 left
[K0.79 GB/5.54 GB | ====                              14.28% | 11.6 MB/s | 00:06:50 left
[K0.79 GB/5.54 GB | ====                              14.30% | 11.6 MB/s | 00:06:50 left
[K0.79 GB/5.54 GB | ====                              14.32% | 11.6 MB/s | 00:06:50 left
[K0.80 GB/5.54 GB | ====                              14.34% | 11.6 MB/s | 00:06:50 left
[K0.80 GB/5.54 GB | ====                              14.36% | 11.6 MB/s | 00:06:50 left
[K0.80 GB/5.54 GB | ====                              14.38% | 11.6 MB/s | 00:06:50 left
[K0.80 GB/5.54 GB | ====                              14.39% | 11.2 MB/s | 00:07:03 left
[K0.80 GB/5.54 GB | ====                              14.41% | 11.2 MB/s | 00:07:03 left
[K0.80 GB/5.54 GB | ====                              14.43% | 11.2 MB/s | 00:07:03 left
[K0.80 GB/5.54 GB | ====                              14.45% | 11.2 MB/s | 00:07:03 left
[K0.80 GB/5.54 GB | ====                              14.47% | 11.2 MB/s | 00:07:03 left
[K0.80 GB/5.54 GB | ====                              14.49% | 11.2 MB/s | 00:07:03 left
[K0.80 GB/5.54 GB | ====                              14.51% | 11.2 MB/s | 00:07:03 left
[K0.81 GB/5.54 GB | ====                              14.53% | 11.2 MB/s | 00:07:03 left
[K0.81 GB/5.54 GB | ====                              14.55% | 11.2 MB/s | 00:07:03 left
[K0.81 GB/5.54 GB | ====                              14.57% | 11.2 MB/s | 00:07:03 left
[K0.81 GB/5.54 GB | ====                              14.59% | 12.0 MB/s | 00:06:36 left
[K0.81 GB/5.54 GB | ====                              14.61% | 12.0 MB/s | 00:06:36 left
[K0.81 GB/5.54 GB | ====                              14.63% | 12.0 MB/s | 00:06:36 left
[K0.81 GB/5.54 GB | ====                              14.65% | 12.0 MB/s | 00:06:36 left
[K0.81 GB/5.54 GB | ====                              14.66% | 12.0 MB/s | 00:06:36 left
[K0.81 GB/5.54 GB | ====                              14.68% | 12.0 MB/s | 00:06:36 left
[K0.82 GB/5.54 GB | ====                              14.70% | 12.0 MB/s | 00:06:36 left
[K0.82 GB/5.54 GB | ====                              14.72% | 12.0 MB/s | 00:06:36 left
[K0.82 GB/5.54 GB | ====                              14.74% | 12.0 MB/s | 00:06:36 left
[K0.82 GB/5.54 GB | ====                              14.76% | 12.0 MB/s | 00:06:36 left
[K0.82 GB/5.54 GB | ====                              14.78% | 11.7 MB/s | 00:06:45 left
[K0.82 GB/5.54 GB | ====                              14.80% | 11.7 MB/s | 00:06:45 left
[K0.82 GB/5.54 GB | ====                              14.82% | 11.7 MB/s | 00:06:45 left
[K0.82 GB/5.54 GB | ====                              14.84% | 11.7 MB/s | 00:06:45 left
[K0.82 GB/5.54 GB | ====                              14.86% | 11.7 MB/s | 00:06:45 left
[K0.82 GB/5.54 GB | ====                              14.88% | 11.7 MB/s | 00:06:45 left
[K0.83 GB/5.54 GB | ====                              14.90% | 11.7 MB/s | 00:06:45 left
[K0.83 GB/5.54 GB | ====                              14.91% | 11.7 MB/s | 00:06:45 left
[K0.83 GB/5.54 GB | ====                              14.93% | 11.7 MB/s | 00:06:45 left
[K0.83 GB/5.54 GB | ====                              14.95% | 11.7 MB/s | 00:06:45 left
[K0.83 GB/5.54 GB | ====                              14.97% | 11.7 MB/s | 00:06:42 left
[K0.83 GB/5.54 GB | ====                              14.99% | 11.7 MB/s | 00:06:42 left
[K0.83 GB/5.54 GB | ====                              15.01% | 11.7 MB/s | 00:06:42 left
[K0.83 GB/5.54 GB | ====                              15.03% | 11.7 MB/s | 00:06:42 left
[K0.83 GB/5.54 GB | ====                              15.05% | 11.7 MB/s | 00:06:42 left
[K0.84 GB/5.54 GB | ====                              15.07% | 11.7 MB/s | 00:06:42 left
[K0.84 GB/5.54 GB | ====                              15.09% | 11.7 MB/s | 00:06:42 left
[K0.84 GB/5.54 GB | ====                              15.11% | 11.7 MB/s | 00:06:42 left
[K0.84 GB/5.54 GB | ====                              15.13% | 11.7 MB/s | 00:06:42 left
[K0.84 GB/5.54 GB | ====                              15.15% | 11.7 MB/s | 00:06:42 left
[K0.84 GB/5.54 GB | =====                             15.17% | 12.0 MB/s | 00:06:33 left
[K0.84 GB/5.54 GB | =====                             15.19% | 12.0 MB/s | 00:06:33 left
[K0.84 GB/5.54 GB | =====                             15.21% | 12.0 MB/s | 00:06:33 left
[K0.84 GB/5.54 GB | =====                             15.23% | 12.0 MB/s | 00:06:33 left
[K0.85 GB/5.54 GB | =====                             15.25% | 12.0 MB/s | 00:06:33 left
[K0.85 GB/5.54 GB | =====                             15.27% | 12.0 MB/s | 00:06:33 left
[K0.85 GB/5.54 GB | =====                             15.29% | 12.0 MB/s | 00:06:33 left
[K0.85 GB/5.54 GB | =====                             15.30% | 12.0 MB/s | 00:06:33 left
[K0.85 GB/5.54 GB | =====                             15.32% | 12.0 MB/s | 00:06:33 left
[K0.85 GB/5.54 GB | =====                             15.34% | 12.0 MB/s | 00:06:33 left
[K0.85 GB/5.54 GB | =====                             15.36% | 11.8 MB/s | 00:06:37 left
[K0.85 GB/5.54 GB | =====                             15.38% | 11.8 MB/s | 00:06:37 left
[K0.85 GB/5.54 GB | =====                             15.40% | 11.8 MB/s | 00:06:37 left
[K0.85 GB/5.54 GB | =====                             15.42% | 11.8 MB/s | 00:06:37 left
[K0.86 GB/5.54 GB | =====                             15.44% | 11.8 MB/s | 00:06:37 left
[K0.86 GB/5.54 GB | =====                             15.46% | 11.8 MB/s | 00:06:37 left
[K0.86 GB/5.54 GB | =====                             15.48% | 11.8 MB/s | 00:06:37 left
[K0.86 GB/5.54 GB | =====                             15.50% | 11.8 MB/s | 00:06:37 left
[K0.86 GB/5.54 GB | =====                             15.51% | 11.8 MB/s | 00:06:37 left
[K0.86 GB/5.54 GB | =====                             15.53% | 11.8 MB/s | 00:06:37 left
[K0.86 GB/5.54 GB | =====                             15.55% | 12.0 MB/s | 00:06:30 left
[K0.86 GB/5.54 GB | =====                             15.57% | 12.0 MB/s | 00:06:30 left
[K0.86 GB/5.54 GB | =====                             15.59% | 12.0 MB/s | 00:06:30 left
[K0.87 GB/5.54 GB | =====                             15.61% | 12.0 MB/s | 00:06:30 left
[K0.87 GB/5.54 GB | =====                             15.63% | 12.0 MB/s | 00:06:30 left
[K0.87 GB/5.54 GB | =====                             15.65% | 12.0 MB/s | 00:06:30 left
[K0.87 GB/5.54 GB | =====                             15.67% | 12.0 MB/s | 00:06:30 left
[K0.87 GB/5.54 GB | =====                             15.69% | 12.0 MB/s | 00:06:30 left
[K0.87 GB/5.54 GB | =====                             15.72% | 12.0 MB/s | 00:06:30 left
[K0.87 GB/5.54 GB | =====                             15.74% | 12.0 MB/s | 00:06:30 left
[K0.87 GB/5.54 GB | =====                             15.75% | 12.4 MB/s | 00:06:18 left
[K0.87 GB/5.54 GB | =====                             15.77% | 12.4 MB/s | 00:06:18 left
[K0.88 GB/5.54 GB | =====                             15.79% | 12.4 MB/s | 00:06:18 left
[K0.88 GB/5.54 GB | =====                             15.81% | 12.4 MB/s | 00:06:18 left
[K0.88 GB/5.54 GB | =====                             15.83% | 12.4 MB/s | 00:06:18 left
[K0.88 GB/5.54 GB | =====                             15.85% | 12.4 MB/s | 00:06:18 left
[K0.88 GB/5.54 GB | =====                             15.87% | 12.4 MB/s | 00:06:18 left
[K0.88 GB/5.54 GB | =====                             15.89% | 12.4 MB/s | 00:06:18 left
[K0.88 GB/5.54 GB | =====                             15.91% | 12.4 MB/s | 00:06:18 left
[K0.88 GB/5.54 GB | =====                             15.93% | 12.4 MB/s | 00:06:18 left
[K0.88 GB/5.54 GB | =====                             15.95% | 11.8 MB/s | 00:06:34 left
[K0.89 GB/5.54 GB | =====                             15.97% | 11.8 MB/s | 00:06:34 left
[K0.89 GB/5.54 GB | =====                             15.99% | 11.8 MB/s | 00:06:34 left
[K0.89 GB/5.54 GB | =====                             16.00% | 11.8 MB/s | 00:06:34 left
[K0.89 GB/5.54 GB | =====                             16.02% | 11.8 MB/s | 00:06:34 left
[K0.89 GB/5.54 GB | =====                             16.04% | 11.8 MB/s | 00:06:34 left
[K0.89 GB/5.54 GB | =====                             16.06% | 11.8 MB/s | 00:06:34 left
[K0.89 GB/5.54 GB | =====                             16.08% | 11.8 MB/s | 00:06:34 left
[K0.89 GB/5.54 GB | =====                             16.10% | 11.8 MB/s | 00:06:34 left
[K0.89 GB/5.54 GB | =====                             16.12% | 11.8 MB/s | 00:06:34 left
[K0.89 GB/5.54 GB | =====                             16.14% | 11.8 MB/s | 00:06:36 left
[K0.90 GB/5.54 GB | =====                             16.16% | 11.8 MB/s | 00:06:36 left
[K0.90 GB/5.54 GB | =====                             16.18% | 11.8 MB/s | 00:06:36 left
[K0.90 GB/5.54 GB | =====                             16.20% | 11.8 MB/s | 00:06:36 left
[K0.90 GB/5.54 GB | =====                             16.22% | 11.8 MB/s | 00:06:36 left
[K0.90 GB/5.54 GB | =====                             16.24% | 11.8 MB/s | 00:06:36 left
[K0.90 GB/5.54 GB | =====                             16.26% | 11.8 MB/s | 00:06:36 left
[K0.90 GB/5.54 GB | =====                             16.28% | 11.8 MB/s | 00:06:36 left
[K0.90 GB/5.54 GB | =====                             16.30% | 11.8 MB/s | 00:06:36 left
[K0.90 GB/5.54 GB | =====                             16.32% | 11.8 MB/s | 00:06:36 left
[K0.91 GB/5.54 GB | =====                             16.34% | 12.1 MB/s | 00:06:24 left
[K0.91 GB/5.54 GB | =====                             16.36% | 12.1 MB/s | 00:06:24 left
[K0.91 GB/5.54 GB | =====                             16.38% | 12.1 MB/s | 00:06:24 left
[K0.91 GB/5.54 GB | =====                             16.40% | 12.1 MB/s | 00:06:24 left
[K0.91 GB/5.54 GB | =====                             16.42% | 12.1 MB/s | 00:06:24 left
[K0.91 GB/5.54 GB | =====                             16.44% | 12.1 MB/s | 00:06:24 left
[K0.91 GB/5.54 GB | =====                             16.46% | 12.1 MB/s | 00:06:24 left
[K0.91 GB/5.54 GB | =====                             16.48% | 12.1 MB/s | 00:06:24 left
[K0.91 GB/5.54 GB | =====                             16.50% | 12.1 MB/s | 00:06:24 left
[K0.92 GB/5.54 GB | =====                             16.52% | 12.1 MB/s | 00:06:24 left
[K0.92 GB/5.54 GB | =====                             16.54% | 12.2 MB/s | 00:06:20 left
[K0.92 GB/5.54 GB | =====                             16.56% | 12.2 MB/s | 00:06:20 left
[K0.92 GB/5.54 GB | =====                             16.57% | 12.2 MB/s | 00:06:20 left
[K0.92 GB/5.54 GB | =====                             16.59% | 12.2 MB/s | 00:06:20 left
[K0.92 GB/5.54 GB | =====                             16.61% | 12.2 MB/s | 00:06:20 left
[K0.92 GB/5.54 GB | =====                             16.63% | 12.2 MB/s | 00:06:20 left
[K0.92 GB/5.54 GB | =====                             16.65% | 12.2 MB/s | 00:06:20 left
[K0.92 GB/5.54 GB | =====                             16.67% | 12.2 MB/s | 00:06:20 left
[K0.93 GB/5.54 GB | =====                             16.69% | 12.2 MB/s | 00:06:20 left
[K0.93 GB/5.54 GB | =====                             16.71% | 12.2 MB/s | 00:06:20 left
[K0.93 GB/5.54 GB | =====                             16.73% | 12.2 MB/s | 00:06:18 left
[K0.93 GB/5.54 GB | =====                             16.75% | 12.2 MB/s | 00:06:18 left
[K0.93 GB/5.54 GB | =====                             16.77% | 12.2 MB/s | 00:06:18 left
[K0.93 GB/5.54 GB | =====                             16.79% | 12.2 MB/s | 00:06:18 left
[K0.93 GB/5.54 GB | =====                             16.81% | 12.2 MB/s | 00:06:18 left
[K0.93 GB/5.54 GB | =====                             16.83% | 12.2 MB/s | 00:06:18 left
[K0.93 GB/5.54 GB | =====                             16.85% | 12.2 MB/s | 00:06:18 left
[K0.94 GB/5.54 GB | =====                             16.87% | 12.2 MB/s | 00:06:18 left
[K0.94 GB/5.54 GB | =====                             16.89% | 12.2 MB/s | 00:06:18 left
[K0.94 GB/5.54 GB | =====                             16.91% | 12.2 MB/s | 00:06:18 left
[K0.94 GB/5.54 GB | =====                             16.93% | 12.1 MB/s | 00:06:22 left
[K0.94 GB/5.54 GB | =====                             16.95% | 12.1 MB/s | 00:06:22 left
[K0.94 GB/5.54 GB | =====                             16.97% | 12.1 MB/s | 00:06:22 left
[K0.94 GB/5.54 GB | =====                             16.99% | 12.1 MB/s | 00:06:22 left
[K0.94 GB/5.54 GB | =====                             17.01% | 12.1 MB/s | 00:06:22 left
[K0.94 GB/5.54 GB | =====                             17.03% | 12.1 MB/s | 00:06:22 left
[K0.95 GB/5.54 GB | =====                             17.05% | 12.1 MB/s | 00:06:22 left
[K0.95 GB/5.54 GB | =====                             17.07% | 12.1 MB/s | 00:06:22 left
[K0.95 GB/5.54 GB | =====                             17.09% | 12.1 MB/s | 00:06:22 left
[K0.95 GB/5.54 GB | =====                             17.11% | 12.1 MB/s | 00:06:22 left
[K0.95 GB/5.54 GB | =====                             17.13% | 12.0 MB/s | 00:06:21 left
[K0.95 GB/5.54 GB | =====                             17.15% | 12.0 MB/s | 00:06:21 left
[K0.95 GB/5.54 GB | =====                             17.17% | 12.0 MB/s | 00:06:21 left
[K0.95 GB/5.54 GB | =====                             17.19% | 12.0 MB/s | 00:06:21 left
[K0.95 GB/5.54 GB | =====                             17.20% | 12.0 MB/s | 00:06:21 left
[K0.96 GB/5.54 GB | =====                             17.22% | 12.0 MB/s | 00:06:21 left
[K0.96 GB/5.54 GB | =====                             17.24% | 12.0 MB/s | 00:06:21 left
[K0.96 GB/5.54 GB | =====                             17.26% | 12.0 MB/s | 00:06:21 left
[K0.96 GB/5.54 GB | =====                             17.28% | 12.0 MB/s | 00:06:21 left
[K0.96 GB/5.54 GB | =====                             17.30% | 12.0 MB/s | 00:06:21 left
[K0.96 GB/5.54 GB | =====                             17.32% | 11.2 MB/s | 00:06:48 left
[K0.96 GB/5.54 GB | =====                             17.34% | 11.2 MB/s | 00:06:48 left
[K0.96 GB/5.54 GB | =====                             17.36% | 11.2 MB/s | 00:06:48 left
[K0.96 GB/5.54 GB | =====                             17.38% | 11.2 MB/s | 00:06:48 left
[K0.96 GB/5.54 GB | =====                             17.40% | 11.2 MB/s | 00:06:48 left
[K0.97 GB/5.54 GB | =====                             17.42% | 11.2 MB/s | 00:06:48 left
[K0.97 GB/5.54 GB | =====                             17.44% | 11.2 MB/s | 00:06:48 left
[K0.97 GB/5.54 GB | =====                             17.46% | 11.2 MB/s | 00:06:48 left
[K0.97 GB/5.54 GB | =====                             17.48% | 11.2 MB/s | 00:06:48 left
[K0.97 GB/5.54 GB | =====                             17.49% | 11.2 MB/s | 00:06:48 left
[K0.97 GB/5.54 GB | =====                             17.51% | 11.2 MB/s | 00:06:48 left
[K0.97 GB/5.54 GB | =====                             17.53% | 11.5 MB/s | 00:06:37 left
[K0.97 GB/5.54 GB | =====                             17.55% | 11.5 MB/s | 00:06:37 left
[K0.97 GB/5.54 GB | =====                             17.57% | 11.5 MB/s | 00:06:37 left
[K0.98 GB/5.54 GB | =====                             17.59% | 11.5 MB/s | 00:06:37 left
[K0.98 GB/5.54 GB | =====                             17.61% | 11.5 MB/s | 00:06:37 left
[K0.98 GB/5.54 GB | =====                             17.63% | 11.5 MB/s | 00:06:37 left
[K0.98 GB/5.54 GB | =====                             17.65% | 11.5 MB/s | 00:06:37 left
[K0.98 GB/5.54 GB | =====                             17.67% | 11.5 MB/s | 00:06:37 left
[K0.98 GB/5.54 GB | =====                             17.69% | 11.5 MB/s | 00:06:37 left
[K0.98 GB/5.54 GB | =====                             17.71% | 11.5 MB/s | 00:06:37 left
[K0.98 GB/5.54 GB | =====                             17.73% | 11.8 MB/s | 00:06:26 left
[K0.98 GB/5.54 GB | =====                             17.75% | 11.8 MB/s | 00:06:26 left
[K0.99 GB/5.54 GB | =====                             17.77% | 11.8 MB/s | 00:06:26 left
[K0.99 GB/5.54 GB | =====                             17.79% | 11.8 MB/s | 00:06:26 left
[K0.99 GB/5.54 GB | =====                             17.80% | 11.8 MB/s | 00:06:26 left
[K0.99 GB/5.54 GB | =====                             17.82% | 11.8 MB/s | 00:06:26 left
[K0.99 GB/5.54 GB | =====                             17.83% | 11.8 MB/s | 00:06:26 left
[K0.99 GB/5.54 GB | =====                             17.85% | 11.8 MB/s | 00:06:26 left
[K0.99 GB/5.54 GB | =====                             17.87% | 11.8 MB/s | 00:06:26 left
[K0.99 GB/5.54 GB | =====                             17.88% | 11.8 MB/s | 00:06:26 left
[K0.99 GB/5.54 GB | =====                             17.90% | 10.1 MB/s | 00:07:30 left
[K0.99 GB/5.54 GB | =====                             17.91% | 10.1 MB/s | 00:07:30 left
[K0.99 GB/5.54 GB | =====                             17.93% | 10.1 MB/s | 00:07:30 left
[K1.00 GB/5.54 GB | =====                             17.95% | 10.1 MB/s | 00:07:30 left
[K1.00 GB/5.54 GB | =====                             17.96% | 10.1 MB/s | 00:07:30 left
[K1.00 GB/5.54 GB | =====                             17.98% | 10.1 MB/s | 00:07:30 left
[K1.00 GB/5.54 GB | =====                             17.99% | 10.1 MB/s | 00:07:30 left
[K1.00 GB/5.54 GB | =====                             18.01% | 10.1 MB/s | 00:07:30 left
[K1.00 GB/5.54 GB | =====                             18.03% | 10.1 MB/s | 00:07:30 left
[K1.00 GB/5.54 GB | =====                             18.04% | 10.1 MB/s | 00:07:30 left
[K1.00 GB/5.54 GB | =====                             18.05% | 9.1 MB/s | 00:08:21 left
[K1.00 GB/5.54 GB | =====                             18.06% | 9.1 MB/s | 00:08:21 left
[K1.00 GB/5.54 GB | =====                             18.08% | 9.1 MB/s | 00:08:21 left
[K1.00 GB/5.54 GB | =====                             18.09% | 9.1 MB/s | 00:08:21 left
[K1.00 GB/5.54 GB | =====                             18.11% | 9.1 MB/s | 00:08:21 left
[K1.00 GB/5.54 GB | =====                             18.12% | 9.1 MB/s | 00:08:21 left
[K1.01 GB/5.54 GB | =====                             18.14% | 9.1 MB/s | 00:08:21 left
[K1.01 GB/5.54 GB | =====                             18.15% | 9.1 MB/s | 00:08:21 left
[K1.01 GB/5.54 GB | =====                             18.17% | 9.1 MB/s | 00:08:21 left
[K1.01 GB/5.54 GB | ======                            18.19% | 9.1 MB/s | 00:08:21 left
[K1.01 GB/5.54 GB | ======                            18.20% | 9.1 MB/s | 00:08:16 left
[K1.01 GB/5.54 GB | ======                            18.22% | 9.1 MB/s | 00:08:16 left
[K1.01 GB/5.54 GB | ======                            18.23% | 9.1 MB/s | 00:08:16 left
[K1.01 GB/5.54 GB | ======                            18.25% | 9.1 MB/s | 00:08:16 left
[K1.01 GB/5.54 GB | ======                            18.27% | 9.1 MB/s | 00:08:16 left
[K1.01 GB/5.54 GB | ======                            18.29% | 9.1 MB/s | 00:08:16 left
[K1.01 GB/5.54 GB | ======                            18.30% | 9.1 MB/s | 00:08:16 left
[K1.02 GB/5.54 GB | ======                            18.32% | 9.1 MB/s | 00:08:16 left
[K1.02 GB/5.54 GB | ======                            18.34% | 9.1 MB/s | 00:08:16 left
[K1.02 GB/5.54 GB | ======                            18.36% | 9.1 MB/s | 00:08:16 left
[K1.02 GB/5.54 GB | ======                            18.37% | 10.4 MB/s | 00:07:15 left
[K1.02 GB/5.54 GB | ======                            18.39% | 10.4 MB/s | 00:07:15 left
[K1.02 GB/5.54 GB | ======                            18.39% | 10.4 MB/s | 00:07:15 left
[K1.02 GB/5.54 GB | ======                            18.40% | 10.4 MB/s | 00:07:15 left
[K1.02 GB/5.54 GB | ======                            18.41% | 10.4 MB/s | 00:07:15 left
[K1.02 GB/5.54 GB | ======                            18.43% | 10.4 MB/s | 00:07:15 left
[K1.02 GB/5.54 GB | ======                            18.45% | 10.4 MB/s | 00:07:15 left
[K1.02 GB/5.54 GB | ======                            18.46% | 10.4 MB/s | 00:07:15 left
[K1.02 GB/5.54 GB | ======                            18.48% | 10.4 MB/s | 00:07:15 left
[K1.03 GB/5.54 GB | ======                            18.50% | 10.4 MB/s | 00:07:15 left
[K1.03 GB/5.54 GB | ======                            18.52% | 9.5 MB/s | 00:07:58 left
[K1.03 GB/5.54 GB | ======                            18.53% | 9.5 MB/s | 00:07:58 left
[K1.03 GB/5.54 GB | ======                            18.55% | 9.5 MB/s | 00:07:58 left
[K1.03 GB/5.54 GB | ======                            18.56% | 9.5 MB/s | 00:07:58 left
[K1.03 GB/5.54 GB | ======                            18.57% | 9.5 MB/s | 00:07:58 left
[K1.03 GB/5.54 GB | ======                            18.58% | 9.5 MB/s | 00:07:58 left
[K1.03 GB/5.54 GB | ======                            18.59% | 9.5 MB/s | 00:07:58 left
[K1.03 GB/5.54 GB | ======                            18.61% | 9.5 MB/s | 00:07:58 left
[K1.03 GB/5.54 GB | ======                            18.62% | 9.5 MB/s | 00:07:58 left
[K1.03 GB/5.54 GB | ======                            18.63% | 9.5 MB/s | 00:07:58 left
[K1.03 GB/5.54 GB | ======                            18.63% | 7.2 MB/s | 00:10:28 left
[K1.03 GB/5.54 GB | ======                            18.65% | 7.2 MB/s | 00:10:28 left
[K1.03 GB/5.54 GB | ======                            18.66% | 7.2 MB/s | 00:10:28 left
[K1.04 GB/5.54 GB | ======                            18.67% | 7.2 MB/s | 00:10:28 left
[K1.04 GB/5.54 GB | ======                            18.69% | 7.2 MB/s | 00:10:28 left
[K1.04 GB/5.54 GB | ======                            18.71% | 7.2 MB/s | 00:10:28 left
[K1.04 GB/5.54 GB | ======                            18.72% | 7.2 MB/s | 00:10:28 left
[K1.04 GB/5.54 GB | ======                            18.74% | 7.2 MB/s | 00:10:28 left
[K1.04 GB/5.54 GB | ======                            18.75% | 7.2 MB/s | 00:10:28 left
[K1.04 GB/5.54 GB | ======                            18.76% | 7.2 MB/s | 00:10:28 left
[K1.04 GB/5.54 GB | ======                            18.78% | 8.7 MB/s | 00:08:40 left
[K1.04 GB/5.54 GB | ======                            18.79% | 8.7 MB/s | 00:08:40 left
[K1.04 GB/5.54 GB | ======                            18.81% | 8.7 MB/s | 00:08:40 left
[K1.04 GB/5.54 GB | ======                            18.82% | 8.7 MB/s | 00:08:40 left
[K1.04 GB/5.54 GB | ======                            18.83% | 8.7 MB/s | 00:08:40 left
[K1.04 GB/5.54 GB | ======                            18.84% | 8.7 MB/s | 00:08:40 left
[K1.05 GB/5.54 GB | ======                            18.86% | 8.7 MB/s | 00:08:40 left
[K1.05 GB/5.54 GB | ======                            18.87% | 8.7 MB/s | 00:08:40 left
[K1.05 GB/5.54 GB | ======                            18.88% | 8.7 MB/s | 00:08:40 left
[K1.05 GB/5.54 GB | ======                            18.88% | 8.7 MB/s | 00:08:40 left
[K1.05 GB/5.54 GB | ======                            18.89% | 5.4 MB/s | 00:13:54 left
[K1.05 GB/5.54 GB | ======                            18.90% | 5.4 MB/s | 00:13:54 left
[K1.05 GB/5.54 GB | ======                            18.90% | 5.4 MB/s | 00:13:54 left
[K1.05 GB/5.54 GB | ======                            18.91% | 5.4 MB/s | 00:13:54 left
[K1.05 GB/5.54 GB | ======                            18.91% | 5.4 MB/s | 00:13:54 left
[K1.05 GB/5.54 GB | ======                            18.92% | 5.4 MB/s | 00:13:54 left
[K1.05 GB/5.54 GB | ======                            18.94% | 5.4 MB/s | 00:13:54 left
[K1.05 GB/5.54 GB | ======                            18.95% | 5.4 MB/s | 00:13:54 left
[K1.05 GB/5.54 GB | ======                            18.96% | 5.4 MB/s | 00:13:54 left
[K1.05 GB/5.54 GB | ======                            18.97% | 5.4 MB/s | 00:13:54 left
[K1.05 GB/5.54 GB | ======                            18.98% | 5.4 MB/s | 00:13:54 left
[K1.05 GB/5.54 GB | ======                            19.00% | 5.4 MB/s | 00:13:54 left
[K1.05 GB/5.54 GB | ======                            19.01% | 5.4 MB/s | 00:13:54 left
[K1.05 GB/5.54 GB | ======                            19.02% | 6.8 MB/s | 00:11:00 left
[K1.06 GB/5.54 GB | ======                            19.04% | 6.8 MB/s | 00:11:00 left
[K1.06 GB/5.54 GB | ======                            19.05% | 6.8 MB/s | 00:11:00 left
[K1.06 GB/5.54 GB | ======                            19.07% | 6.8 MB/s | 00:11:00 left
[K1.06 GB/5.54 GB | ======                            19.09% | 6.8 MB/s | 00:11:00 left
[K1.06 GB/5.54 GB | ======                            19.11% | 6.8 MB/s | 00:11:00 left
[K1.06 GB/5.54 GB | ======                            19.13% | 6.8 MB/s | 00:11:00 left
[K1.06 GB/5.54 GB | ======                            19.15% | 6.8 MB/s | 00:11:00 left
[K1.06 GB/5.54 GB | ======                            19.17% | 6.8 MB/s | 00:11:00 left
[K1.06 GB/5.54 GB | ======                            19.19% | 6.8 MB/s | 00:11:00 left
[K1.07 GB/5.54 GB | ======                            19.21% | 11.4 MB/s | 00:06:33 left
[K1.07 GB/5.54 GB | ======                            19.22% | 11.4 MB/s | 00:06:33 left
[K1.07 GB/5.54 GB | ======                            19.24% | 11.4 MB/s | 00:06:33 left
[K1.07 GB/5.54 GB | ======                            19.26% | 11.4 MB/s | 00:06:33 left
[K1.07 GB/5.54 GB | ======                            19.28% | 11.4 MB/s | 00:06:33 left
[K1.07 GB/5.54 GB | ======                            19.30% | 11.4 MB/s | 00:06:33 left
[K1.07 GB/5.54 GB | ======                            19.32% | 11.4 MB/s | 00:06:33 left
[K1.07 GB/5.54 GB | ======                            19.34% | 11.4 MB/s | 00:06:33 left
[K1.07 GB/5.54 GB | ======                            19.36% | 11.4 MB/s | 00:06:33 left
[K1.07 GB/5.54 GB | ======                            19.38% | 11.4 MB/s | 00:06:33 left
[K1.08 GB/5.54 GB | ======                            19.40% | 11.4 MB/s | 00:06:33 left
[K1.08 GB/5.54 GB | ======                            19.42% | 11.4 MB/s | 00:06:33 left
[K1.08 GB/5.54 GB | ======                            19.44% | 11.4 MB/s | 00:06:33 left
[K1.08 GB/5.54 GB | ======                            19.46% | 11.4 MB/s | 00:06:33 left
[K1.08 GB/5.54 GB | ======                            19.48% | 11.4 MB/s | 00:06:33 left
[K1.08 GB/5.54 GB | ======                            19.50% | 11.4 MB/s | 00:06:33 left
[K1.08 GB/5.54 GB | ======                            19.52% | 11.4 MB/s | 00:06:33 left
[K1.08 GB/5.54 GB | ======                            19.54% | 11.4 MB/s | 00:06:33 left
[K1.08 GB/5.54 GB | ======                            19.56% | 11.4 MB/s | 00:06:33 left
[K1.09 GB/5.54 GB | ======                            19.58% | 11.4 MB/s | 00:06:33 left
[K1.09 GB/5.54 GB | ======                            19.60% | 11.4 MB/s | 00:06:33 left
[K1.09 GB/5.54 GB | ======                            19.62% | 11.5 MB/s | 00:06:27 left
[K1.09 GB/5.54 GB | ======                            19.63% | 11.5 MB/s | 00:06:27 left
[K1.09 GB/5.54 GB | ======                            19.64% | 11.5 MB/s | 00:06:27 left
[K1.09 GB/5.54 GB | ======                            19.65% | 11.5 MB/s | 00:06:27 left
[K1.09 GB/5.54 GB | ======                            19.67% | 11.5 MB/s | 00:06:27 left
[K1.09 GB/5.54 GB | ======                            19.69% | 11.5 MB/s | 00:06:27 left
[K1.09 GB/5.54 GB | ======                            19.71% | 11.5 MB/s | 00:06:27 left
[K1.09 GB/5.54 GB | ======                            19.73% | 11.5 MB/s | 00:06:27 left
[K1.10 GB/5.54 GB | ======                            19.75% | 11.5 MB/s | 00:06:27 left
[K1.10 GB/5.54 GB | ======                            19.77% | 11.5 MB/s | 00:06:27 left
[K1.10 GB/5.54 GB | ======                            19.79% | 11.5 MB/s | 00:06:27 left
[K1.10 GB/5.54 GB | ======                            19.81% | 11.0 MB/s | 00:06:43 left
[K1.10 GB/5.54 GB | ======                            19.83% | 11.0 MB/s | 00:06:43 left
[K1.10 GB/5.54 GB | ======                            19.84% | 11.0 MB/s | 00:06:43 left
[K1.10 GB/5.54 GB | ======                            19.86% | 11.0 MB/s | 00:06:43 left
[K1.10 GB/5.54 GB | ======                            19.88% | 11.0 MB/s | 00:06:43 left
[K1.10 GB/5.54 GB | ======                            19.90% | 11.0 MB/s | 00:06:43 left
[K1.10 GB/5.54 GB | ======                            19.92% | 11.0 MB/s | 00:06:43 left
[K1.11 GB/5.54 GB | ======                            19.94% | 11.0 MB/s | 00:06:43 left
[K1.11 GB/5.54 GB | ======                            19.96% | 11.0 MB/s | 00:06:43 left
[K1.11 GB/5.54 GB | ======                            19.97% | 11.0 MB/s | 00:06:43 left
[K1.11 GB/5.54 GB | ======                            19.99% | 11.6 MB/s | 00:06:22 left
[K1.11 GB/5.54 GB | ======                            20.01% | 11.6 MB/s | 00:06:22 left
[K1.11 GB/5.54 GB | ======                            20.03% | 11.6 MB/s | 00:06:22 left
[K1.11 GB/5.54 GB | ======                            20.05% | 11.6 MB/s | 00:06:22 left
[K1.11 GB/5.54 GB | ======                            20.06% | 11.6 MB/s | 00:06:22 left
[K1.11 GB/5.54 GB | ======                            20.08% | 11.6 MB/s | 00:06:22 left
[K1.11 GB/5.54 GB | ======                            20.10% | 11.6 MB/s | 00:06:22 left
[K1.12 GB/5.54 GB | ======                            20.12% | 11.6 MB/s | 00:06:22 left
[K1.12 GB/5.54 GB | ======                            20.14% | 11.6 MB/s | 00:06:22 left
[K1.12 GB/5.54 GB | ======                            20.16% | 11.6 MB/s | 00:06:22 left
[K1.12 GB/5.54 GB | ======                            20.18% | 11.3 MB/s | 00:06:32 left
[K1.12 GB/5.54 GB | ======                            20.20% | 11.3 MB/s | 00:06:32 left
[K1.12 GB/5.54 GB | ======                            20.21% | 11.3 MB/s | 00:06:32 left
[K1.12 GB/5.54 GB | ======                            20.23% | 11.3 MB/s | 00:06:32 left
[K1.12 GB/5.54 GB | ======                            20.25% | 11.3 MB/s | 00:06:32 left
[K1.12 GB/5.54 GB | ======                            20.27% | 11.3 MB/s | 00:06:32 left
[K1.12 GB/5.54 GB | ======                            20.28% | 11.3 MB/s | 00:06:32 left
[K1.13 GB/5.54 GB | ======                            20.30% | 11.3 MB/s | 00:06:32 left
[K1.13 GB/5.54 GB | ======                            20.32% | 11.3 MB/s | 00:06:32 left
[K1.13 GB/5.54 GB | ======                            20.34% | 11.3 MB/s | 00:06:32 left
[K1.13 GB/5.54 GB | ======                            20.36% | 11.6 MB/s | 00:06:19 left
[K1.13 GB/5.54 GB | ======                            20.38% | 11.6 MB/s | 00:06:19 left
[K1.13 GB/5.54 GB | ======                            20.40% | 11.6 MB/s | 00:06:19 left
[K1.13 GB/5.54 GB | ======                            20.42% | 11.6 MB/s | 00:06:19 left
[K1.13 GB/5.54 GB | ======                            20.43% | 11.6 MB/s | 00:06:19 left
[K1.13 GB/5.54 GB | ======                            20.45% | 11.6 MB/s | 00:06:19 left
[K1.14 GB/5.54 GB | ======                            20.47% | 11.6 MB/s | 00:06:19 left
[K1.14 GB/5.54 GB | ======                            20.49% | 11.6 MB/s | 00:06:19 left
[K1.14 GB/5.54 GB | ======                            20.51% | 11.6 MB/s | 00:06:19 left
[K1.14 GB/5.54 GB | ======                            20.53% | 11.6 MB/s | 00:06:19 left
[K1.14 GB/5.54 GB | ======                            20.55% | 11.3 MB/s | 00:06:30 left
[K1.14 GB/5.54 GB | ======                            20.57% | 11.3 MB/s | 00:06:30 left
[K1.14 GB/5.54 GB | ======                            20.58% | 11.3 MB/s | 00:06:30 left
[K1.14 GB/5.54 GB | ======                            20.60% | 11.3 MB/s | 00:06:30 left
[K1.14 GB/5.54 GB | ======                            20.62% | 11.3 MB/s | 00:06:30 left
[K1.14 GB/5.54 GB | ======                            20.64% | 11.3 MB/s | 00:06:30 left
[K1.15 GB/5.54 GB | ======                            20.66% | 11.3 MB/s | 00:06:30 left
[K1.15 GB/5.54 GB | ======                            20.68% | 11.3 MB/s | 00:06:30 left
[K1.15 GB/5.54 GB | ======                            20.70% | 11.3 MB/s | 00:06:30 left
[K1.15 GB/5.54 GB | ======                            20.72% | 11.3 MB/s | 00:06:30 left
[K1.15 GB/5.54 GB | ======                            20.73% | 11.6 MB/s | 00:06:17 left
[K1.15 GB/5.54 GB | ======                            20.75% | 11.6 MB/s | 00:06:17 left
[K1.15 GB/5.54 GB | ======                            20.77% | 11.6 MB/s | 00:06:17 left
[K1.15 GB/5.54 GB | ======                            20.79% | 11.6 MB/s | 00:06:17 left
[K1.15 GB/5.54 GB | ======                            20.81% | 11.6 MB/s | 00:06:17 left
[K1.16 GB/5.54 GB | ======                            20.83% | 11.6 MB/s | 00:06:17 left
[K1.16 GB/5.54 GB | ======                            20.85% | 11.6 MB/s | 00:06:17 left
[K1.16 GB/5.54 GB | ======                            20.87% | 11.6 MB/s | 00:06:17 left
[K1.16 GB/5.54 GB | ======                            20.89% | 11.6 MB/s | 00:06:17 left
[K1.16 GB/5.54 GB | ======                            20.91% | 11.6 MB/s | 00:06:17 left
[K1.16 GB/5.54 GB | ======                            20.93% | 11.7 MB/s | 00:06:14 left
[K1.16 GB/5.54 GB | ======                            20.94% | 11.7 MB/s | 00:06:14 left
[K1.16 GB/5.54 GB | ======                            20.96% | 11.7 MB/s | 00:06:14 left
[K1.16 GB/5.54 GB | ======                            20.98% | 11.7 MB/s | 00:06:14 left
[K1.16 GB/5.54 GB | ======                            21.00% | 11.7 MB/s | 00:06:14 left
[K1.17 GB/5.54 GB | ======                            21.02% | 11.7 MB/s | 00:06:14 left
[K1.17 GB/5.54 GB | ======                            21.04% | 11.7 MB/s | 00:06:14 left
[K1.17 GB/5.54 GB | ======                            21.06% | 11.7 MB/s | 00:06:14 left
[K1.17 GB/5.54 GB | ======                            21.08% | 11.7 MB/s | 00:06:14 left
[K1.17 GB/5.54 GB | ======                            21.10% | 11.7 MB/s | 00:06:14 left
[K1.17 GB/5.54 GB | ======                            21.12% | 11.6 MB/s | 00:06:18 left
[K1.17 GB/5.54 GB | ======                            21.14% | 11.6 MB/s | 00:06:18 left
[K1.17 GB/5.54 GB | ======                            21.16% | 11.6 MB/s | 00:06:18 left
[K1.17 GB/5.54 GB | ======                            21.17% | 11.6 MB/s | 00:06:18 left
[K1.18 GB/5.54 GB | ======                            21.19% | 11.6 MB/s | 00:06:18 left
[K1.18 GB/5.54 GB | ======                            21.21% | 11.6 MB/s | 00:06:18 left
[K1.18 GB/5.54 GB | =======                           21.23% | 11.6 MB/s | 00:06:18 left
[K1.18 GB/5.54 GB | =======                           21.25% | 11.6 MB/s | 00:06:18 left
[K1.18 GB/5.54 GB | =======                           21.27% | 11.6 MB/s | 00:06:18 left
[K1.18 GB/5.54 GB | =======                           21.29% | 11.6 MB/s | 00:06:18 left
[K1.18 GB/5.54 GB | =======                           21.31% | 11.5 MB/s | 00:06:20 left
[K1.18 GB/5.54 GB | =======                           21.32% | 11.5 MB/s | 00:06:20 left
[K1.18 GB/5.54 GB | =======                           21.34% | 11.5 MB/s | 00:06:20 left
[K1.18 GB/5.54 GB | =======                           21.36% | 11.5 MB/s | 00:06:20 left
[K1.19 GB/5.54 GB | =======                           21.38% | 11.5 MB/s | 00:06:20 left
[K1.19 GB/5.54 GB | =======                           21.40% | 11.5 MB/s | 00:06:20 left
[K1.19 GB/5.54 GB | =======                           21.42% | 11.5 MB/s | 00:06:20 left
[K1.19 GB/5.54 GB | =======                           21.44% | 11.5 MB/s | 00:06:20 left
[K1.19 GB/5.54 GB | =======                           21.46% | 11.5 MB/s | 00:06:20 left
[K1.19 GB/5.54 GB | =======                           21.48% | 11.5 MB/s | 00:06:20 left
[K1.19 GB/5.54 GB | =======                           21.50% | 11.9 MB/s | 00:06:05 left
[K1.19 GB/5.54 GB | =======                           21.52% | 11.9 MB/s | 00:06:05 left
[K1.19 GB/5.54 GB | =======                           21.54% | 11.9 MB/s | 00:06:05 left
[K1.20 GB/5.54 GB | =======                           21.56% | 11.9 MB/s | 00:06:05 left
[K1.20 GB/5.54 GB | =======                           21.58% | 11.9 MB/s | 00:06:05 left
[K1.20 GB/5.54 GB | =======                           21.59% | 11.9 MB/s | 00:06:05 left
[K1.20 GB/5.54 GB | =======                           21.61% | 11.9 MB/s | 00:06:05 left
[K1.20 GB/5.54 GB | =======                           21.63% | 11.9 MB/s | 00:06:05 left
[K1.20 GB/5.54 GB | =======                           21.65% | 11.9 MB/s | 00:06:05 left
[K1.20 GB/5.54 GB | =======                           21.67% | 11.9 MB/s | 00:06:05 left
[K1.20 GB/5.54 GB | =======                           21.69% | 11.6 MB/s | 00:06:14 left
[K1.20 GB/5.54 GB | =======                           21.71% | 11.6 MB/s | 00:06:14 left
[K1.20 GB/5.54 GB | =======                           21.73% | 11.6 MB/s | 00:06:14 left
[K1.21 GB/5.54 GB | =======                           21.75% | 11.6 MB/s | 00:06:14 left
[K1.21 GB/5.54 GB | =======                           21.77% | 11.6 MB/s | 00:06:14 left
[K1.21 GB/5.54 GB | =======                           21.79% | 11.6 MB/s | 00:06:14 left
[K1.21 GB/5.54 GB | =======                           21.81% | 11.6 MB/s | 00:06:14 left
[K1.21 GB/5.54 GB | =======                           21.83% | 11.6 MB/s | 00:06:14 left
[K1.21 GB/5.54 GB | =======                           21.85% | 11.6 MB/s | 00:06:14 left
[K1.21 GB/5.54 GB | =======                           21.87% | 11.6 MB/s | 00:06:14 left
[K1.21 GB/5.54 GB | =======                           21.89% | 12.2 MB/s | 00:05:56 left
[K1.21 GB/5.54 GB | =======                           21.91% | 12.2 MB/s | 00:05:56 left
[K1.22 GB/5.54 GB | =======                           21.93% | 12.2 MB/s | 00:05:56 left
[K1.22 GB/5.54 GB | =======                           21.95% | 12.2 MB/s | 00:05:56 left
[K1.22 GB/5.54 GB | =======                           21.96% | 12.2 MB/s | 00:05:56 left
[K1.22 GB/5.54 GB | =======                           21.98% | 12.2 MB/s | 00:05:56 left
[K1.22 GB/5.54 GB | =======                           22.00% | 12.2 MB/s | 00:05:56 left
[K1.22 GB/5.54 GB | =======                           22.02% | 12.2 MB/s | 00:05:56 left
[K1.22 GB/5.54 GB | =======                           22.04% | 12.2 MB/s | 00:05:56 left
[K1.22 GB/5.54 GB | =======                           22.06% | 12.2 MB/s | 00:05:56 left
[K1.22 GB/5.54 GB | =======                           22.08% | 11.9 MB/s | 00:06:04 left
[K1.23 GB/5.54 GB | =======                           22.10% | 11.9 MB/s | 00:06:04 left
[K1.23 GB/5.54 GB | =======                           22.12% | 11.9 MB/s | 00:06:04 left
[K1.23 GB/5.54 GB | =======                           22.14% | 11.9 MB/s | 00:06:04 left
[K1.23 GB/5.54 GB | =======                           22.16% | 11.9 MB/s | 00:06:04 left
[K1.23 GB/5.54 GB | =======                           22.18% | 11.9 MB/s | 00:06:04 left
[K1.23 GB/5.54 GB | =======                           22.20% | 11.9 MB/s | 00:06:04 left
[K1.23 GB/5.54 GB | =======                           22.22% | 11.9 MB/s | 00:06:04 left
[K1.23 GB/5.54 GB | =======                           22.24% | 11.9 MB/s | 00:06:04 left
[K1.23 GB/5.54 GB | =======                           22.26% | 11.9 MB/s | 00:06:04 left
[K1.24 GB/5.54 GB | =======                           22.28% | 12.2 MB/s | 00:05:54 left
[K1.24 GB/5.54 GB | =======                           22.30% | 12.2 MB/s | 00:05:54 left
[K1.24 GB/5.54 GB | =======                           22.32% | 12.2 MB/s | 00:05:54 left
[K1.24 GB/5.54 GB | =======                           22.34% | 12.2 MB/s | 00:05:54 left
[K1.24 GB/5.54 GB | =======                           22.36% | 12.2 MB/s | 00:05:54 left
[K1.24 GB/5.54 GB | =======                           22.38% | 12.2 MB/s | 00:05:54 left
[K1.24 GB/5.54 GB | =======                           22.40% | 12.2 MB/s | 00:05:54 left
[K1.24 GB/5.54 GB | =======                           22.42% | 12.2 MB/s | 00:05:54 left
[K1.24 GB/5.54 GB | =======                           22.44% | 12.2 MB/s | 00:05:54 left
[K1.25 GB/5.54 GB | =======                           22.46% | 12.2 MB/s | 00:05:54 left
[K1.25 GB/5.54 GB | =======                           22.48% | 12.1 MB/s | 00:05:55 left
[K1.25 GB/5.54 GB | =======                           22.50% | 12.1 MB/s | 00:05:55 left
[K1.25 GB/5.54 GB | =======                           22.52% | 12.1 MB/s | 00:05:55 left
[K1.25 GB/5.54 GB | =======                           22.54% | 12.1 MB/s | 00:05:55 left
[K1.25 GB/5.54 GB | =======                           22.56% | 12.1 MB/s | 00:05:55 left
[K1.25 GB/5.54 GB | =======                           22.58% | 12.1 MB/s | 00:05:55 left
[K1.25 GB/5.54 GB | =======                           22.60% | 12.1 MB/s | 00:05:55 left
[K1.25 GB/5.54 GB | =======                           22.62% | 12.1 MB/s | 00:05:55 left
[K1.26 GB/5.54 GB | =======                           22.64% | 12.1 MB/s | 00:05:55 left
[K1.26 GB/5.54 GB | =======                           22.66% | 12.1 MB/s | 00:05:55 left
[K1.26 GB/5.54 GB | =======                           22.68% | 12.1 MB/s | 00:05:55 left
[K1.26 GB/5.54 GB | =======                           22.70% | 12.1 MB/s | 00:05:53 left
[K1.26 GB/5.54 GB | =======                           22.72% | 12.1 MB/s | 00:05:53 left
[K1.26 GB/5.54 GB | =======                           22.74% | 12.1 MB/s | 00:05:53 left
[K1.26 GB/5.54 GB | =======                           22.76% | 12.1 MB/s | 00:05:53 left
[K1.26 GB/5.54 GB | =======                           22.78% | 12.1 MB/s | 00:05:53 left
[K1.26 GB/5.54 GB | =======                           22.80% | 12.1 MB/s | 00:05:53 left
[K1.27 GB/5.54 GB | =======                           22.82% | 12.1 MB/s | 00:05:53 left
[K1.27 GB/5.54 GB | =======                           22.84% | 12.1 MB/s | 00:05:53 left
[K1.27 GB/5.54 GB | =======                           22.86% | 12.1 MB/s | 00:05:53 left
[K1.27 GB/5.54 GB | =======                           22.87% | 12.1 MB/s | 00:05:53 left
[K1.27 GB/5.54 GB | =======                           22.89% | 11.7 MB/s | 00:06:07 left
[K1.27 GB/5.54 GB | =======                           22.91% | 11.7 MB/s | 00:06:07 left
[K1.27 GB/5.54 GB | =======                           22.93% | 11.7 MB/s | 00:06:07 left
[K1.27 GB/5.54 GB | =======                           22.95% | 11.7 MB/s | 00:06:07 left
[K1.27 GB/5.54 GB | =======                           22.97% | 11.7 MB/s | 00:06:07 left
[K1.27 GB/5.54 GB | =======                           22.99% | 11.7 MB/s | 00:06:07 left
[K1.28 GB/5.54 GB | =======                           23.00% | 11.7 MB/s | 00:06:07 left
[K1.28 GB/5.54 GB | =======                           23.02% | 11.7 MB/s | 00:06:07 left
[K1.28 GB/5.54 GB | =======                           23.04% | 11.7 MB/s | 00:06:07 left
[K1.28 GB/5.54 GB | =======                           23.06% | 11.7 MB/s | 00:06:07 left
[K1.28 GB/5.54 GB | =======                           23.08% | 11.6 MB/s | 00:06:08 left
[K1.28 GB/5.54 GB | =======                           23.10% | 11.6 MB/s | 00:06:08 left
[K1.28 GB/5.54 GB | =======                           23.12% | 11.6 MB/s | 00:06:08 left
[K1.28 GB/5.54 GB | =======                           23.14% | 11.6 MB/s | 00:06:08 left
[K1.28 GB/5.54 GB | =======                           23.15% | 11.6 MB/s | 00:06:08 left
[K1.28 GB/5.54 GB | =======                           23.17% | 11.6 MB/s | 00:06:08 left
[K1.29 GB/5.54 GB | =======                           23.19% | 11.6 MB/s | 00:06:08 left
[K1.29 GB/5.54 GB | =======                           23.22% | 11.6 MB/s | 00:06:08 left
[K1.29 GB/5.54 GB | =======                           23.23% | 11.6 MB/s | 00:06:08 left
[K1.29 GB/5.54 GB | =======                           23.25% | 11.6 MB/s | 00:06:08 left
[K1.29 GB/5.54 GB | =======                           23.27% | 11.8 MB/s | 00:06:02 left
[K1.29 GB/5.54 GB | =======                           23.29% | 11.8 MB/s | 00:06:02 left
[K1.29 GB/5.54 GB | =======                           23.31% | 11.8 MB/s | 00:06:02 left
[K1.29 GB/5.54 GB | =======                           23.33% | 11.8 MB/s | 00:06:02 left
[K1.29 GB/5.54 GB | =======                           23.35% | 11.8 MB/s | 00:06:02 left
[K1.30 GB/5.54 GB | =======                           23.37% | 11.8 MB/s | 00:06:02 left
[K1.30 GB/5.54 GB | =======                           23.39% | 11.8 MB/s | 00:06:02 left
[K1.30 GB/5.54 GB | =======                           23.41% | 11.8 MB/s | 00:06:02 left
[K1.30 GB/5.54 GB | =======                           23.43% | 11.8 MB/s | 00:06:02 left
[K1.30 GB/5.54 GB | =======                           23.45% | 11.8 MB/s | 00:06:02 left
[K1.30 GB/5.54 GB | =======                           23.47% | 11.6 MB/s | 00:06:07 left
[K1.30 GB/5.54 GB | =======                           23.49% | 11.6 MB/s | 00:06:07 left
[K1.30 GB/5.54 GB | =======                           23.51% | 11.6 MB/s | 00:06:07 left
[K1.30 GB/5.54 GB | =======                           23.53% | 11.6 MB/s | 00:06:07 left
[K1.31 GB/5.54 GB | =======                           23.55% | 11.6 MB/s | 00:06:07 left
[K1.31 GB/5.54 GB | =======                           23.57% | 11.6 MB/s | 00:06:07 left
[K1.31 GB/5.54 GB | =======                           23.59% | 11.6 MB/s | 00:06:07 left
[K1.31 GB/5.54 GB | =======                           23.61% | 11.6 MB/s | 00:06:07 left
[K1.31 GB/5.54 GB | =======                           23.63% | 11.6 MB/s | 00:06:07 left
[K1.31 GB/5.54 GB | =======                           23.65% | 11.6 MB/s | 00:06:07 left
[K1.31 GB/5.54 GB | =======                           23.66% | 11.6 MB/s | 00:06:07 left
[K1.31 GB/5.54 GB | =======                           23.69% | 11.8 MB/s | 00:05:60 left
[K1.31 GB/5.54 GB | =======                           23.70% | 11.8 MB/s | 00:05:60 left
[K1.32 GB/5.54 GB | =======                           23.72% | 11.8 MB/s | 00:05:60 left
[K1.32 GB/5.54 GB | =======                           23.74% | 11.8 MB/s | 00:05:60 left
[K1.32 GB/5.54 GB | =======                           23.77% | 11.8 MB/s | 00:05:60 left
[K1.32 GB/5.54 GB | =======                           23.79% | 11.8 MB/s | 00:05:60 left
[K1.32 GB/5.54 GB | =======                           23.80% | 11.8 MB/s | 00:05:60 left
[K1.32 GB/5.54 GB | =======                           23.82% | 11.8 MB/s | 00:05:60 left
[K1.32 GB/5.54 GB | =======                           23.84% | 11.8 MB/s | 00:05:60 left
[K1.32 GB/5.54 GB | =======                           23.86% | 11.8 MB/s | 00:05:60 left
[K1.32 GB/5.54 GB | =======                           23.88% | 12.0 MB/s | 00:05:53 left
[K1.33 GB/5.54 GB | =======                           23.90% | 12.0 MB/s | 00:05:53 left
[K1.33 GB/5.54 GB | =======                           23.92% | 12.0 MB/s | 00:05:53 left
[K1.33 GB/5.54 GB | =======                           23.94% | 12.0 MB/s | 00:05:53 left
[K1.33 GB/5.54 GB | =======                           23.96% | 12.0 MB/s | 00:05:53 left
[K1.33 GB/5.54 GB | =======                           23.98% | 12.0 MB/s | 00:05:53 left
[K1.33 GB/5.54 GB | =======                           24.00% | 12.0 MB/s | 00:05:53 left
[K1.33 GB/5.54 GB | =======                           24.02% | 12.0 MB/s | 00:05:53 left
[K1.33 GB/5.54 GB | =======                           24.04% | 12.0 MB/s | 00:05:53 left
[K1.33 GB/5.54 GB | =======                           24.06% | 12.0 MB/s | 00:05:53 left
[K1.34 GB/5.54 GB | =======                           24.08% | 12.1 MB/s | 00:05:48 left
[K1.34 GB/5.54 GB | =======                           24.10% | 12.1 MB/s | 00:05:48 left
[K1.34 GB/5.54 GB | =======                           24.12% | 12.1 MB/s | 00:05:48 left
[K1.34 GB/5.54 GB | =======                           24.14% | 12.1 MB/s | 00:05:48 left
[K1.34 GB/5.54 GB | =======                           24.16% | 12.1 MB/s | 00:05:48 left
[K1.34 GB/5.54 GB | =======                           24.18% | 12.1 MB/s | 00:05:48 left
[K1.34 GB/5.54 GB | =======                           24.20% | 12.1 MB/s | 00:05:48 left
[K1.34 GB/5.54 GB | =======                           24.22% | 12.1 MB/s | 00:05:48 left
[K1.34 GB/5.54 GB | =======                           24.24% | 12.1 MB/s | 00:05:48 left
[K1.34 GB/5.54 GB | ========                          24.26% | 12.1 MB/s | 00:05:48 left
[K1.35 GB/5.54 GB | ========                          24.28% | 11.9 MB/s | 00:05:52 left
[K1.35 GB/5.54 GB | ========                          24.30% | 11.9 MB/s | 00:05:52 left
[K1.35 GB/5.54 GB | ========                          24.31% | 11.9 MB/s | 00:05:52 left
[K1.35 GB/5.54 GB | ========                          24.33% | 11.9 MB/s | 00:05:52 left
[K1.35 GB/5.54 GB | ========                          24.35% | 11.9 MB/s | 00:05:52 left
[K1.35 GB/5.54 GB | ========                          24.36% | 11.9 MB/s | 00:05:52 left
[K1.35 GB/5.54 GB | ========                          24.38% | 11.9 MB/s | 00:05:52 left
[K1.35 GB/5.54 GB | ========                          24.40% | 11.9 MB/s | 00:05:52 left
[K1.35 GB/5.54 GB | ========                          24.41% | 11.9 MB/s | 00:05:52 left
[K1.35 GB/5.54 GB | ========                          24.43% | 11.9 MB/s | 00:05:52 left
[K1.36 GB/5.54 GB | ========                          24.45% | 10.7 MB/s | 00:06:30 left
[K1.36 GB/5.54 GB | ========                          24.47% | 10.7 MB/s | 00:06:30 left
[K1.36 GB/5.54 GB | ========                          24.49% | 10.7 MB/s | 00:06:30 left
[K1.36 GB/5.54 GB | ========                          24.51% | 10.7 MB/s | 00:06:30 left
[K1.36 GB/5.54 GB | ========                          24.53% | 10.7 MB/s | 00:06:30 left
[K1.36 GB/5.54 GB | ========                          24.55% | 10.7 MB/s | 00:06:30 left
[K1.36 GB/5.54 GB | ========                          24.57% | 10.7 MB/s | 00:06:30 left
[K1.36 GB/5.54 GB | ========                          24.59% | 10.7 MB/s | 00:06:30 left
[K1.36 GB/5.54 GB | ========                          24.60% | 10.7 MB/s | 00:06:30 left
[K1.37 GB/5.54 GB | ========                          24.62% | 10.7 MB/s | 00:06:30 left
[K1.37 GB/5.54 GB | ========                          24.63% | 11.1 MB/s | 00:06:16 left
[K1.37 GB/5.54 GB | ========                          24.65% | 11.1 MB/s | 00:06:16 left
[K1.37 GB/5.54 GB | ========                          24.67% | 11.1 MB/s | 00:06:16 left
[K1.37 GB/5.54 GB | ========                          24.69% | 11.1 MB/s | 00:06:16 left
[K1.37 GB/5.54 GB | ========                          24.71% | 11.1 MB/s | 00:06:16 left
[K1.37 GB/5.54 GB | ========                          24.73% | 11.1 MB/s | 00:06:16 left
[K1.37 GB/5.54 GB | ========                          24.75% | 11.1 MB/s | 00:06:16 left
[K1.37 GB/5.54 GB | ========                          24.77% | 11.1 MB/s | 00:06:16 left
[K1.37 GB/5.54 GB | ========                          24.79% | 11.1 MB/s | 00:06:16 left
[K1.38 GB/5.54 GB | ========                          24.81% | 11.1 MB/s | 00:06:16 left
[K1.38 GB/5.54 GB | ========                          24.83% | 11.7 MB/s | 00:05:55 left
[K1.38 GB/5.54 GB | ========                          24.84% | 11.7 MB/s | 00:05:55 left
[K1.38 GB/5.54 GB | ========                          24.86% | 11.7 MB/s | 00:05:55 left
[K1.38 GB/5.54 GB | ========                          24.88% | 11.7 MB/s | 00:05:55 left
[K1.38 GB/5.54 GB | ========                          24.90% | 11.7 MB/s | 00:05:55 left
[K1.38 GB/5.54 GB | ========                          24.91% | 11.7 MB/s | 00:05:55 left
[K1.38 GB/5.54 GB | ========                          24.93% | 11.7 MB/s | 00:05:55 left
[K1.38 GB/5.54 GB | ========                          24.95% | 11.7 MB/s | 00:05:55 left
[K1.38 GB/5.54 GB | ========                          24.97% | 11.7 MB/s | 00:05:55 left
[K1.39 GB/5.54 GB | ========                          24.99% | 11.7 MB/s | 00:05:55 left
[K1.39 GB/5.54 GB | ========                          25.01% | 11.0 MB/s | 00:06:18 left
[K1.39 GB/5.54 GB | ========                          25.02% | 11.0 MB/s | 00:06:18 left
[K1.39 GB/5.54 GB | ========                          25.04% | 11.0 MB/s | 00:06:18 left
[K1.39 GB/5.54 GB | ========                          25.06% | 11.0 MB/s | 00:06:18 left
[K1.39 GB/5.54 GB | ========                          25.07% | 11.0 MB/s | 00:06:18 left
[K1.39 GB/5.54 GB | ========                          25.08% | 11.0 MB/s | 00:06:18 left
[K1.39 GB/5.54 GB | ========                          25.10% | 11.0 MB/s | 00:06:18 left
[K1.39 GB/5.54 GB | ========                          25.11% | 11.0 MB/s | 00:06:18 left
[K1.39 GB/5.54 GB | ========                          25.12% | 11.0 MB/s | 00:06:18 left
[K1.39 GB/5.54 GB | ========                          25.12% | 7.4 MB/s | 00:09:19 left
[K1.39 GB/5.54 GB | ========                          25.14% | 7.4 MB/s | 00:09:19 left
[K1.39 GB/5.54 GB | ========                          25.15% | 7.4 MB/s | 00:09:19 left
[K1.40 GB/5.54 GB | ========                          25.16% | 7.4 MB/s | 00:09:19 left
[K1.40 GB/5.54 GB | ========                          25.18% | 7.4 MB/s | 00:09:19 left
[K1.40 GB/5.54 GB | ========                          25.19% | 7.4 MB/s | 00:09:19 left
[K1.40 GB/5.54 GB | ========                          25.20% | 7.4 MB/s | 00:09:19 left
[K1.40 GB/5.54 GB | ========                          25.22% | 7.4 MB/s | 00:09:19 left
[K1.40 GB/5.54 GB | ========                          25.24% | 7.4 MB/s | 00:09:19 left
[K1.40 GB/5.54 GB | ========                          25.26% | 7.4 MB/s | 00:09:19 left
[K1.40 GB/5.54 GB | ========                          25.28% | 7.4 MB/s | 00:09:19 left
[K1.40 GB/5.54 GB | ========                          25.30% | 10.1 MB/s | 00:06:49 left
[K1.40 GB/5.54 GB | ========                          25.32% | 10.1 MB/s | 00:06:49 left
[K1.41 GB/5.54 GB | ========                          25.34% | 10.1 MB/s | 00:06:49 left
[K1.41 GB/5.54 GB | ========                          25.36% | 10.1 MB/s | 00:06:49 left
[K1.41 GB/5.54 GB | ========                          25.38% | 10.1 MB/s | 00:06:49 left
[K1.41 GB/5.54 GB | ========                          25.40% | 10.1 MB/s | 00:06:49 left
[K1.41 GB/5.54 GB | ========                          25.42% | 10.1 MB/s | 00:06:49 left
[K1.41 GB/5.54 GB | ========                          25.44% | 10.1 MB/s | 00:06:49 left
[K1.41 GB/5.54 GB | ========                          25.46% | 10.1 MB/s | 00:06:49 left
[K1.41 GB/5.54 GB | ========                          25.48% | 10.1 MB/s | 00:06:49 left
[K1.41 GB/5.54 GB | ========                          25.50% | 12.3 MB/s | 00:05:36 left
[K1.42 GB/5.54 GB | ========                          25.52% | 12.3 MB/s | 00:05:36 left
[K1.42 GB/5.54 GB | ========                          25.54% | 12.3 MB/s | 00:05:36 left
[K1.42 GB/5.54 GB | ========                          25.56% | 12.3 MB/s | 00:05:36 left
[K1.42 GB/5.54 GB | ========                          25.58% | 12.3 MB/s | 00:05:36 left
[K1.42 GB/5.54 GB | ========                          25.60% | 12.3 MB/s | 00:05:36 left
[K1.42 GB/5.54 GB | ========                          25.62% | 12.3 MB/s | 00:05:36 left
[K1.42 GB/5.54 GB | ========                          25.64% | 12.3 MB/s | 00:05:36 left
[K1.42 GB/5.54 GB | ========                          25.66% | 12.3 MB/s | 00:05:36 left
[K1.42 GB/5.54 GB | ========                          25.68% | 12.3 MB/s | 00:05:36 left
[K1.42 GB/5.54 GB | ========                          25.70% | 12.1 MB/s | 00:05:39 left
[K1.43 GB/5.54 GB | ========                          25.72% | 12.1 MB/s | 00:05:39 left
[K1.43 GB/5.54 GB | ========                          25.74% | 12.1 MB/s | 00:05:39 left
[K1.43 GB/5.54 GB | ========                          25.76% | 12.1 MB/s | 00:05:39 left
[K1.43 GB/5.54 GB | ========                          25.78% | 12.1 MB/s | 00:05:39 left
[K1.43 GB/5.54 GB | ========                          25.80% | 12.1 MB/s | 00:05:39 left
[K1.43 GB/5.54 GB | ========                          25.82% | 12.1 MB/s | 00:05:39 left
[K1.43 GB/5.54 GB | ========                          25.84% | 12.1 MB/s | 00:05:39 left
[K1.43 GB/5.54 GB | ========                          25.86% | 12.1 MB/s | 00:05:39 left
[K1.43 GB/5.54 GB | ========                          25.88% | 12.1 MB/s | 00:05:39 left
[K1.44 GB/5.54 GB | ========                          25.90% | 12.2 MB/s | 00:05:38 left
[K1.44 GB/5.54 GB | ========                          25.92% | 12.2 MB/s | 00:05:38 left
[K1.44 GB/5.54 GB | ========                          25.94% | 12.2 MB/s | 00:05:38 left
[K1.44 GB/5.54 GB | ========                          25.96% | 12.2 MB/s | 00:05:38 left
[K1.44 GB/5.54 GB | ========                          25.98% | 12.2 MB/s | 00:05:38 left
[K1.44 GB/5.54 GB | ========                          26.00% | 12.2 MB/s | 00:05:38 left
[K1.44 GB/5.54 GB | ========                          26.02% | 12.2 MB/s | 00:05:38 left
[K1.44 GB/5.54 GB | ========                          26.04% | 12.2 MB/s | 00:05:38 left
[K1.44 GB/5.54 GB | ========                          26.06% | 12.2 MB/s | 00:05:38 left
[K1.45 GB/5.54 GB | ========                          26.08% | 12.2 MB/s | 00:05:38 left
[K1.45 GB/5.54 GB | ========                          26.10% | 12.1 MB/s | 00:05:38 left
[K1.45 GB/5.54 GB | ========                          26.12% | 12.1 MB/s | 00:05:38 left
[K1.45 GB/5.54 GB | ========                          26.14% | 12.1 MB/s | 00:05:38 left
[K1.45 GB/5.54 GB | ========                          26.16% | 12.1 MB/s | 00:05:38 left
[K1.45 GB/5.54 GB | ========                          26.18% | 12.1 MB/s | 00:05:38 left
[K1.45 GB/5.54 GB | ========                          26.20% | 12.1 MB/s | 00:05:38 left
[K1.45 GB/5.54 GB | ========                          26.22% | 12.1 MB/s | 00:05:38 left
[K1.45 GB/5.54 GB | ========                          26.24% | 12.1 MB/s | 00:05:38 left
[K1.46 GB/5.54 GB | ========                          26.26% | 12.1 MB/s | 00:05:38 left
[K1.46 GB/5.54 GB | ========                          26.28% | 12.1 MB/s | 00:05:38 left
[K1.46 GB/5.54 GB | ========                          26.30% | 12.2 MB/s | 00:05:35 left
[K1.46 GB/5.54 GB | ========                          26.32% | 12.2 MB/s | 00:05:35 left
[K1.46 GB/5.54 GB | ========                          26.34% | 12.2 MB/s | 00:05:35 left
[K1.46 GB/5.54 GB | ========                          26.36% | 12.2 MB/s | 00:05:35 left
[K1.46 GB/5.54 GB | ========                          26.38% | 12.2 MB/s | 00:05:35 left
[K1.46 GB/5.54 GB | ========                          26.40% | 12.2 MB/s | 00:05:35 left
[K1.46 GB/5.54 GB | ========                          26.42% | 12.2 MB/s | 00:05:35 left
[K1.47 GB/5.54 GB | ========                          26.44% | 12.2 MB/s | 00:05:35 left
[K1.47 GB/5.54 GB | ========                          26.46% | 12.2 MB/s | 00:05:35 left
[K1.47 GB/5.54 GB | ========                          26.48% | 12.2 MB/s | 00:05:35 left
[K1.47 GB/5.54 GB | ========                          26.50% | 12.3 MB/s | 00:05:31 left
[K1.47 GB/5.54 GB | ========                          26.52% | 12.3 MB/s | 00:05:31 left
[K1.47 GB/5.54 GB | ========                          26.54% | 12.3 MB/s | 00:05:31 left
[K1.47 GB/5.54 GB | ========                          26.56% | 12.3 MB/s | 00:05:31 left
[K1.47 GB/5.54 GB | ========                          26.58% | 12.3 MB/s | 00:05:31 left
[K1.47 GB/5.54 GB | ========                          26.60% | 12.3 MB/s | 00:05:31 left
[K1.48 GB/5.54 GB | ========                          26.62% | 12.3 MB/s | 00:05:31 left
[K1.48 GB/5.54 GB | ========                          26.64% | 12.3 MB/s | 00:05:31 left
[K1.48 GB/5.54 GB | ========                          26.66% | 12.3 MB/s | 00:05:31 left
[K1.48 GB/5.54 GB | ========                          26.68% | 12.3 MB/s | 00:05:31 left
[K1.48 GB/5.54 GB | ========                          26.70% | 12.1 MB/s | 00:05:36 left
[K1.48 GB/5.54 GB | ========                          26.72% | 12.1 MB/s | 00:05:36 left
[K1.48 GB/5.54 GB | ========                          26.74% | 12.1 MB/s | 00:05:36 left
[K1.48 GB/5.54 GB | ========                          26.75% | 12.1 MB/s | 00:05:36 left
[K1.48 GB/5.54 GB | ========                          26.77% | 12.1 MB/s | 00:05:36 left
[K1.49 GB/5.54 GB | ========                          26.79% | 12.1 MB/s | 00:05:36 left
[K1.49 GB/5.54 GB | ========                          26.81% | 12.1 MB/s | 00:05:36 left
[K1.49 GB/5.54 GB | ========                          26.83% | 12.1 MB/s | 00:05:36 left
[K1.49 GB/5.54 GB | ========                          26.85% | 12.1 MB/s | 00:05:36 left
[K1.49 GB/5.54 GB | ========                          26.87% | 12.1 MB/s | 00:05:36 left
[K1.49 GB/5.54 GB | ========                          26.89% | 12.1 MB/s | 00:05:36 left
[K1.49 GB/5.54 GB | ========                          26.91% | 11.7 MB/s | 00:05:47 left
[K1.49 GB/5.54 GB | ========                          26.93% | 11.7 MB/s | 00:05:47 left
[K1.49 GB/5.54 GB | ========                          26.95% | 11.7 MB/s | 00:05:47 left
[K1.50 GB/5.54 GB | ========                          26.97% | 11.7 MB/s | 00:05:47 left
[K1.50 GB/5.54 GB | ========                          26.99% | 11.7 MB/s | 00:05:47 left
[K1.50 GB/5.54 GB | ========                          27.01% | 11.7 MB/s | 00:05:47 left
[K1.50 GB/5.54 GB | ========                          27.03% | 11.7 MB/s | 00:05:47 left
[K1.50 GB/5.54 GB | ========                          27.05% | 11.7 MB/s | 00:05:47 left
[K1.50 GB/5.54 GB | ========                          27.06% | 11.7 MB/s | 00:05:47 left
[K1.50 GB/5.54 GB | ========                          27.08% | 11.7 MB/s | 00:05:47 left
[K1.50 GB/5.54 GB | ========                          27.10% | 11.7 MB/s | 00:05:47 left
[K1.50 GB/5.54 GB | ========                          27.12% | 11.2 MB/s | 00:06:01 left
[K1.50 GB/5.54 GB | ========                          27.14% | 11.2 MB/s | 00:06:01 left
[K1.51 GB/5.54 GB | ========                          27.16% | 11.2 MB/s | 00:06:01 left
[K1.51 GB/5.54 GB | ========                          27.17% | 11.2 MB/s | 00:06:01 left
[K1.51 GB/5.54 GB | ========                          27.19% | 11.2 MB/s | 00:06:01 left
[K1.51 GB/5.54 GB | ========                          27.21% | 11.2 MB/s | 00:06:01 left
[K1.51 GB/5.54 GB | ========                          27.23% | 11.2 MB/s | 00:06:01 left
[K1.51 GB/5.54 GB | ========                          27.25% | 11.2 MB/s | 00:06:01 left
[K1.51 GB/5.54 GB | ========                          27.27% | 11.2 MB/s | 00:06:01 left
[K1.51 GB/5.54 GB | =========                         27.29% | 11.2 MB/s | 00:06:01 left
[K1.51 GB/5.54 GB | =========                         27.32% | 11.2 MB/s | 00:06:01 left
[K1.52 GB/5.54 GB | =========                         27.34% | 11.8 MB/s | 00:05:40 left
[K1.52 GB/5.54 GB | =========                         27.36% | 11.8 MB/s | 00:05:40 left
[K1.52 GB/5.54 GB | =========                         27.37% | 11.8 MB/s | 00:05:40 left
[K1.52 GB/5.54 GB | =========                         27.39% | 11.8 MB/s | 00:05:40 left
[K1.52 GB/5.54 GB | =========                         27.41% | 11.8 MB/s | 00:05:40 left
[K1.52 GB/5.54 GB | =========                         27.43% | 11.8 MB/s | 00:05:40 left
[K1.52 GB/5.54 GB | =========                         27.45% | 11.8 MB/s | 00:05:40 left
[K1.52 GB/5.54 GB | =========                         27.47% | 11.8 MB/s | 00:05:40 left
[K1.52 GB/5.54 GB | =========                         27.49% | 11.8 MB/s | 00:05:40 left
[K1.53 GB/5.54 GB | =========                         27.51% | 11.8 MB/s | 00:05:40 left
[K1.53 GB/5.54 GB | =========                         27.53% | 11.9 MB/s | 00:05:37 left
[K1.53 GB/5.54 GB | =========                         27.55% | 11.9 MB/s | 00:05:37 left
[K1.53 GB/5.54 GB | =========                         27.56% | 11.9 MB/s | 00:05:37 left
[K1.53 GB/5.54 GB | =========                         27.59% | 11.9 MB/s | 00:05:37 left
[K1.53 GB/5.54 GB | =========                         27.60% | 11.9 MB/s | 00:05:37 left
[K1.53 GB/5.54 GB | =========                         27.62% | 11.9 MB/s | 00:05:37 left
[K1.53 GB/5.54 GB | =========                         27.64% | 11.9 MB/s | 00:05:37 left
[K1.53 GB/5.54 GB | =========                         27.66% | 11.9 MB/s | 00:05:37 left
[K1.54 GB/5.54 GB | =========                         27.68% | 11.9 MB/s | 00:05:37 left
[K1.54 GB/5.54 GB | =========                         27.70% | 11.9 MB/s | 00:05:37 left
[K1.54 GB/5.54 GB | =========                         27.72% | 12.0 MB/s | 00:05:34 left
[K1.54 GB/5.54 GB | =========                         27.74% | 12.0 MB/s | 00:05:34 left
[K1.54 GB/5.54 GB | =========                         27.76% | 12.0 MB/s | 00:05:34 left
[K1.54 GB/5.54 GB | =========                         27.78% | 12.0 MB/s | 00:05:34 left
[K1.54 GB/5.54 GB | =========                         27.80% | 12.0 MB/s | 00:05:34 left
[K1.54 GB/5.54 GB | =========                         27.82% | 12.0 MB/s | 00:05:34 left
[K1.54 GB/5.54 GB | =========                         27.84% | 12.0 MB/s | 00:05:34 left
[K1.54 GB/5.54 GB | =========                         27.86% | 12.0 MB/s | 00:05:34 left
[K1.55 GB/5.54 GB | =========                         27.88% | 12.0 MB/s | 00:05:34 left
[K1.55 GB/5.54 GB | =========                         27.89% | 12.0 MB/s | 00:05:34 left
[K1.55 GB/5.54 GB | =========                         27.91% | 11.9 MB/s | 00:05:36 left
[K1.55 GB/5.54 GB | =========                         27.94% | 11.9 MB/s | 00:05:36 left
[K1.55 GB/5.54 GB | =========                         27.96% | 11.9 MB/s | 00:05:36 left
[K1.55 GB/5.54 GB | =========                         27.97% | 11.9 MB/s | 00:05:36 left
[K1.55 GB/5.54 GB | =========                         27.99% | 11.9 MB/s | 00:05:36 left
[K1.55 GB/5.54 GB | =========                         28.01% | 11.9 MB/s | 00:05:36 left
[K1.55 GB/5.54 GB | =========                         28.03% | 11.9 MB/s | 00:05:36 left
[K1.56 GB/5.54 GB | =========                         28.05% | 11.9 MB/s | 00:05:36 left
[K1.56 GB/5.54 GB | =========                         28.07% | 11.9 MB/s | 00:05:36 left
[K1.56 GB/5.54 GB | =========                         28.09% | 11.9 MB/s | 00:05:36 left
[K1.56 GB/5.54 GB | =========                         28.11% | 11.9 MB/s | 00:05:34 left
[K1.56 GB/5.54 GB | =========                         28.13% | 11.9 MB/s | 00:05:34 left
[K1.56 GB/5.54 GB | =========                         28.15% | 11.9 MB/s | 00:05:34 left
[K1.56 GB/5.54 GB | =========                         28.17% | 11.9 MB/s | 00:05:34 left
[K1.56 GB/5.54 GB | =========                         28.18% | 11.9 MB/s | 00:05:34 left
[K1.56 GB/5.54 GB | =========                         28.19% | 11.9 MB/s | 00:05:34 left
[K1.56 GB/5.54 GB | =========                         28.21% | 11.9 MB/s | 00:05:34 left
[K1.57 GB/5.54 GB | =========                         28.23% | 11.9 MB/s | 00:05:34 left
[K1.57 GB/5.54 GB | =========                         28.25% | 11.9 MB/s | 00:05:34 left
[K1.57 GB/5.54 GB | =========                         28.28% | 11.9 MB/s | 00:05:34 left
[K1.57 GB/5.54 GB | =========                         28.30% | 11.1 MB/s | 00:05:57 left
[K1.57 GB/5.54 GB | =========                         28.31% | 11.1 MB/s | 00:05:57 left
[K1.57 GB/5.54 GB | =========                         28.33% | 11.1 MB/s | 00:05:57 left
[K1.57 GB/5.54 GB | =========                         28.35% | 11.1 MB/s | 00:05:57 left
[K1.57 GB/5.54 GB | =========                         28.37% | 11.1 MB/s | 00:05:57 left
[K1.57 GB/5.54 GB | =========                         28.39% | 11.1 MB/s | 00:05:57 left
[K1.58 GB/5.54 GB | =========                         28.41% | 11.1 MB/s | 00:05:57 left
[K1.58 GB/5.54 GB | =========                         28.43% | 11.1 MB/s | 00:05:57 left
[K1.58 GB/5.54 GB | =========                         28.45% | 11.1 MB/s | 00:05:57 left
[K1.58 GB/5.54 GB | =========                         28.47% | 11.1 MB/s | 00:05:57 left
[K1.58 GB/5.54 GB | =========                         28.49% | 11.8 MB/s | 00:05:36 left
[K1.58 GB/5.54 GB | =========                         28.51% | 11.8 MB/s | 00:05:36 left
[K1.58 GB/5.54 GB | =========                         28.53% | 11.8 MB/s | 00:05:36 left
[K1.58 GB/5.54 GB | =========                         28.55% | 11.8 MB/s | 00:05:36 left
[K1.58 GB/5.54 GB | =========                         28.57% | 11.8 MB/s | 00:05:36 left
[K1.59 GB/5.54 GB | =========                         28.59% | 11.8 MB/s | 00:05:36 left
[K1.59 GB/5.54 GB | =========                         28.60% | 11.8 MB/s | 00:05:36 left
[K1.59 GB/5.54 GB | =========                         28.62% | 11.8 MB/s | 00:05:36 left
[K1.59 GB/5.54 GB | =========                         28.64% | 11.8 MB/s | 00:05:36 left
[K1.59 GB/5.54 GB | =========                         28.66% | 11.8 MB/s | 00:05:36 left
[K1.59 GB/5.54 GB | =========                         28.68% | 11.5 MB/s | 00:05:43 left
[K1.59 GB/5.54 GB | =========                         28.70% | 11.5 MB/s | 00:05:43 left
[K1.59 GB/5.54 GB | =========                         28.72% | 11.5 MB/s | 00:05:43 left
[K1.59 GB/5.54 GB | =========                         28.74% | 11.5 MB/s | 00:05:43 left
[K1.59 GB/5.54 GB | =========                         28.76% | 11.5 MB/s | 00:05:43 left
[K1.60 GB/5.54 GB | =========                         28.78% | 11.5 MB/s | 00:05:43 left
[K1.60 GB/5.54 GB | =========                         28.80% | 11.5 MB/s | 00:05:43 left
[K1.60 GB/5.54 GB | =========                         28.82% | 11.5 MB/s | 00:05:43 left
[K1.60 GB/5.54 GB | =========                         28.84% | 11.5 MB/s | 00:05:43 left
[K1.60 GB/5.54 GB | =========                         28.86% | 11.5 MB/s | 00:05:43 left
[K1.60 GB/5.54 GB | =========                         28.88% | 12.1 MB/s | 00:05:27 left
[K1.60 GB/5.54 GB | =========                         28.90% | 12.1 MB/s | 00:05:27 left
[K1.60 GB/5.54 GB | =========                         28.92% | 12.1 MB/s | 00:05:27 left
[K1.60 GB/5.54 GB | =========                         28.94% | 12.1 MB/s | 00:05:27 left
[K1.61 GB/5.54 GB | =========                         28.95% | 12.1 MB/s | 00:05:27 left
[K1.61 GB/5.54 GB | =========                         28.97% | 12.1 MB/s | 00:05:27 left
[K1.61 GB/5.54 GB | =========                         28.99% | 12.1 MB/s | 00:05:27 left
[K1.61 GB/5.54 GB | =========                         29.02% | 12.1 MB/s | 00:05:27 left
[K1.61 GB/5.54 GB | =========                         29.03% | 12.1 MB/s | 00:05:27 left
[K1.61 GB/5.54 GB | =========                         29.05% | 12.1 MB/s | 00:05:27 left
[K1.61 GB/5.54 GB | =========                         29.07% | 11.7 MB/s | 00:05:37 left
[K1.61 GB/5.54 GB | =========                         29.09% | 11.7 MB/s | 00:05:37 left
[K1.61 GB/5.54 GB | =========                         29.11% | 11.7 MB/s | 00:05:37 left
[K1.62 GB/5.54 GB | =========                         29.13% | 11.7 MB/s | 00:05:37 left
[K1.62 GB/5.54 GB | =========                         29.15% | 11.7 MB/s | 00:05:37 left
[K1.62 GB/5.54 GB | =========                         29.17% | 11.7 MB/s | 00:05:37 left
[K1.62 GB/5.54 GB | =========                         29.19% | 11.7 MB/s | 00:05:37 left
[K1.62 GB/5.54 GB | =========                         29.21% | 11.7 MB/s | 00:05:37 left
[K1.62 GB/5.54 GB | =========                         29.23% | 11.7 MB/s | 00:05:37 left
[K1.62 GB/5.54 GB | =========                         29.25% | 11.7 MB/s | 00:05:37 left
[K1.62 GB/5.54 GB | =========                         29.27% | 12.1 MB/s | 00:05:24 left
[K1.62 GB/5.54 GB | =========                         29.29% | 12.1 MB/s | 00:05:24 left
[K1.63 GB/5.54 GB | =========                         29.31% | 12.1 MB/s | 00:05:24 left
[K1.63 GB/5.54 GB | =========                         29.33% | 12.1 MB/s | 00:05:24 left
[K1.63 GB/5.54 GB | =========                         29.35% | 12.1 MB/s | 00:05:24 left
[K1.63 GB/5.54 GB | =========                         29.36% | 12.1 MB/s | 00:05:24 left
[K1.63 GB/5.54 GB | =========                         29.37% | 12.1 MB/s | 00:05:24 left
[K1.63 GB/5.54 GB | =========                         29.39% | 12.1 MB/s | 00:05:24 left
[K1.63 GB/5.54 GB | =========                         29.41% | 12.1 MB/s | 00:05:24 left
[K1.63 GB/5.54 GB | =========                         29.43% | 12.1 MB/s | 00:05:24 left
[K1.63 GB/5.54 GB | =========                         29.45% | 10.9 MB/s | 00:05:58 left
[K1.63 GB/5.54 GB | =========                         29.47% | 10.9 MB/s | 00:05:58 left
[K1.64 GB/5.54 GB | =========                         29.49% | 10.9 MB/s | 00:05:58 left
[K1.64 GB/5.54 GB | =========                         29.51% | 10.9 MB/s | 00:05:58 left
[K1.64 GB/5.54 GB | =========                         29.53% | 10.9 MB/s | 00:05:58 left
[K1.64 GB/5.54 GB | =========                         29.55% | 10.9 MB/s | 00:05:58 left
[K1.64 GB/5.54 GB | =========                         29.57% | 10.9 MB/s | 00:05:58 left
[K1.64 GB/5.54 GB | =========                         29.59% | 10.9 MB/s | 00:05:58 left
[K1.64 GB/5.54 GB | =========                         29.61% | 10.9 MB/s | 00:05:58 left
[K1.64 GB/5.54 GB | =========                         29.63% | 10.9 MB/s | 00:05:58 left
[K1.64 GB/5.54 GB | =========                         29.65% | 11.7 MB/s | 00:05:33 left
[K1.64 GB/5.54 GB | =========                         29.66% | 11.7 MB/s | 00:05:33 left
[K1.65 GB/5.54 GB | =========                         29.68% | 11.7 MB/s | 00:05:33 left
[K1.65 GB/5.54 GB | =========                         29.71% | 11.7 MB/s | 00:05:33 left
[K1.65 GB/5.54 GB | =========                         29.73% | 11.7 MB/s | 00:05:33 left
[K1.65 GB/5.54 GB | =========                         29.75% | 11.7 MB/s | 00:05:33 left
[K1.65 GB/5.54 GB | =========                         29.77% | 11.7 MB/s | 00:05:33 left
[K1.65 GB/5.54 GB | =========                         29.78% | 11.7 MB/s | 00:05:33 left
[K1.65 GB/5.54 GB | =========                         29.80% | 11.7 MB/s | 00:05:33 left
[K1.65 GB/5.54 GB | =========                         29.82% | 11.7 MB/s | 00:05:33 left
[K1.65 GB/5.54 GB | =========                         29.84% | 11.7 MB/s | 00:05:33 left
[K1.66 GB/5.54 GB | =========                         29.86% | 11.7 MB/s | 00:05:33 left
[K1.66 GB/5.54 GB | =========                         29.88% | 11.7 MB/s | 00:05:33 left
[K1.66 GB/5.54 GB | =========                         29.90% | 11.7 MB/s | 00:05:33 left
[K1.66 GB/5.54 GB | =========                         29.92% | 11.7 MB/s | 00:05:33 left
[K1.66 GB/5.54 GB | =========                         29.94% | 11.7 MB/s | 00:05:33 left
[K1.66 GB/5.54 GB | =========                         29.96% | 11.7 MB/s | 00:05:33 left
[K1.66 GB/5.54 GB | =========                         29.98% | 11.7 MB/s | 00:05:33 left
[K1.66 GB/5.54 GB | =========                         30.00% | 11.7 MB/s | 00:05:33 left
[K1.66 GB/5.54 GB | =========                         30.02% | 11.7 MB/s | 00:05:33 left
[K1.67 GB/5.54 GB | =========                         30.04% | 11.7 MB/s | 00:05:33 left
[K1.67 GB/5.54 GB | =========                         30.06% | 12.0 MB/s | 00:05:24 left
[K1.67 GB/5.54 GB | =========                         30.08% | 12.0 MB/s | 00:05:24 left
[K1.67 GB/5.54 GB | =========                         30.10% | 12.0 MB/s | 00:05:24 left
[K1.67 GB/5.54 GB | =========                         30.12% | 12.0 MB/s | 00:05:24 left
[K1.67 GB/5.54 GB | =========                         30.14% | 12.0 MB/s | 00:05:24 left
[K1.67 GB/5.54 GB | =========                         30.15% | 12.0 MB/s | 00:05:24 left
[K1.67 GB/5.54 GB | =========                         30.17% | 12.0 MB/s | 00:05:24 left
[K1.67 GB/5.54 GB | =========                         30.19% | 12.0 MB/s | 00:05:24 left
[K1.68 GB/5.54 GB | =========                         30.21% | 12.0 MB/s | 00:05:24 left
[K1.68 GB/5.54 GB | =========                         30.23% | 12.0 MB/s | 00:05:24 left
[K1.68 GB/5.54 GB | =========                         30.25% | 11.0 MB/s | 00:05:51 left
[K1.68 GB/5.54 GB | =========                         30.26% | 11.0 MB/s | 00:05:51 left
[K1.68 GB/5.54 GB | =========                         30.28% | 11.0 MB/s | 00:05:51 left
[K1.68 GB/5.54 GB | =========                         30.30% | 11.0 MB/s | 00:05:51 left
[K1.68 GB/5.54 GB | ==========                        30.32% | 11.0 MB/s | 00:05:51 left
[K1.68 GB/5.54 GB | ==========                        30.34% | 11.0 MB/s | 00:05:51 left
[K1.68 GB/5.54 GB | ==========                        30.36% | 11.0 MB/s | 00:05:51 left
[K1.68 GB/5.54 GB | ==========                        30.38% | 11.0 MB/s | 00:05:51 left
[K1.69 GB/5.54 GB | ==========                        30.40% | 11.0 MB/s | 00:05:51 left
[K1.69 GB/5.54 GB | ==========                        30.42% | 11.0 MB/s | 00:05:51 left
[K1.69 GB/5.54 GB | ==========                        30.44% | 11.0 MB/s | 00:05:51 left
[K1.69 GB/5.54 GB | ==========                        30.46% | 11.6 MB/s | 00:05:32 left
[K1.69 GB/5.54 GB | ==========                        30.48% | 11.6 MB/s | 00:05:32 left
[K1.69 GB/5.54 GB | ==========                        30.50% | 11.6 MB/s | 00:05:32 left
[K1.69 GB/5.54 GB | ==========                        30.52% | 11.6 MB/s | 00:05:32 left
[K1.69 GB/5.54 GB | ==========                        30.54% | 11.6 MB/s | 00:05:32 left
[K1.69 GB/5.54 GB | ==========                        30.56% | 11.6 MB/s | 00:05:32 left
[K1.70 GB/5.54 GB | ==========                        30.58% | 11.6 MB/s | 00:05:32 left
[K1.70 GB/5.54 GB | ==========                        30.60% | 11.6 MB/s | 00:05:32 left
[K1.70 GB/5.54 GB | ==========                        30.62% | 11.6 MB/s | 00:05:32 left
[K1.70 GB/5.54 GB | ==========                        30.64% | 11.6 MB/s | 00:05:32 left
[K1.70 GB/5.54 GB | ==========                        30.66% | 12.2 MB/s | 00:05:14 left
[K1.70 GB/5.54 GB | ==========                        30.68% | 12.2 MB/s | 00:05:14 left
[K1.70 GB/5.54 GB | ==========                        30.70% | 12.2 MB/s | 00:05:14 left
[K1.70 GB/5.54 GB | ==========                        30.72% | 12.2 MB/s | 00:05:14 left
[K1.70 GB/5.54 GB | ==========                        30.74% | 12.2 MB/s | 00:05:14 left
[K1.71 GB/5.54 GB | ==========                        30.76% | 12.2 MB/s | 00:05:14 left
[K1.71 GB/5.54 GB | ==========                        30.78% | 12.2 MB/s | 00:05:14 left
[K1.71 GB/5.54 GB | ==========                        30.80% | 12.2 MB/s | 00:05:14 left
[K1.71 GB/5.54 GB | ==========                        30.82% | 12.2 MB/s | 00:05:14 left
[K1.71 GB/5.54 GB | ==========                        30.83% | 12.2 MB/s | 00:05:14 left
[K1.71 GB/5.54 GB | ==========                        30.85% | 11.4 MB/s | 00:05:37 left
[K1.71 GB/5.54 GB | ==========                        30.86% | 11.4 MB/s | 00:05:37 left
[K1.71 GB/5.54 GB | ==========                        30.88% | 11.4 MB/s | 00:05:37 left
[K1.71 GB/5.54 GB | ==========                        30.89% | 11.4 MB/s | 00:05:37 left
[K1.71 GB/5.54 GB | ==========                        30.91% | 11.4 MB/s | 00:05:37 left
[K1.71 GB/5.54 GB | ==========                        30.93% | 11.4 MB/s | 00:05:37 left
[K1.72 GB/5.54 GB | ==========                        30.94% | 11.4 MB/s | 00:05:37 left
[K1.72 GB/5.54 GB | ==========                        30.96% | 11.4 MB/s | 00:05:37 left
[K1.72 GB/5.54 GB | ==========                        30.98% | 11.4 MB/s | 00:05:37 left
[K1.72 GB/5.54 GB | ==========                        31.00% | 11.4 MB/s | 00:05:37 left
[K1.72 GB/5.54 GB | ==========                        31.02% | 10.6 MB/s | 00:06:01 left
[K1.72 GB/5.54 GB | ==========                        31.04% | 10.6 MB/s | 00:06:01 left
[K1.72 GB/5.54 GB | ==========                        31.05% | 10.6 MB/s | 00:06:01 left
[K1.72 GB/5.54 GB | ==========                        31.06% | 10.6 MB/s | 00:06:01 left
[K1.72 GB/5.54 GB | ==========                        31.08% | 10.6 MB/s | 00:06:01 left
[K1.72 GB/5.54 GB | ==========                        31.10% | 10.6 MB/s | 00:06:01 left
[K1.73 GB/5.54 GB | ==========                        31.12% | 10.6 MB/s | 00:06:01 left
[K1.73 GB/5.54 GB | ==========                        31.14% | 10.6 MB/s | 00:06:01 left
[K1.73 GB/5.54 GB | ==========                        31.16% | 10.6 MB/s | 00:06:01 left
[K1.73 GB/5.54 GB | ==========                        31.18% | 10.6 MB/s | 00:06:01 left
[K1.73 GB/5.54 GB | ==========                        31.19% | 12.0 MB/s | 00:05:19 left
[K1.73 GB/5.54 GB | ==========                        31.21% | 12.0 MB/s | 00:05:19 left
[K1.73 GB/5.54 GB | ==========                        31.23% | 12.0 MB/s | 00:05:19 left
[K1.73 GB/5.54 GB | ==========                        31.25% | 12.0 MB/s | 00:05:19 left
[K1.73 GB/5.54 GB | ==========                        31.27% | 12.0 MB/s | 00:05:19 left
[K1.73 GB/5.54 GB | ==========                        31.29% | 12.0 MB/s | 00:05:19 left
[K1.74 GB/5.54 GB | ==========                        31.30% | 12.0 MB/s | 00:05:19 left
[K1.74 GB/5.54 GB | ==========                        31.32% | 12.0 MB/s | 00:05:19 left
[K1.74 GB/5.54 GB | ==========                        31.33% | 12.0 MB/s | 00:05:19 left
[K1.74 GB/5.54 GB | ==========                        31.34% | 12.0 MB/s | 00:05:19 left
[K1.74 GB/5.54 GB | ==========                        31.36% | 10.1 MB/s | 00:06:18 left
[K1.74 GB/5.54 GB | ==========                        31.38% | 10.1 MB/s | 00:06:18 left
[K1.74 GB/5.54 GB | ==========                        31.40% | 10.1 MB/s | 00:06:18 left
[K1.74 GB/5.54 GB | ==========                        31.42% | 10.1 MB/s | 00:06:18 left
[K1.74 GB/5.54 GB | ==========                        31.44% | 10.1 MB/s | 00:06:18 left
[K1.74 GB/5.54 GB | ==========                        31.46% | 10.1 MB/s | 00:06:18 left
[K1.75 GB/5.54 GB | ==========                        31.47% | 10.1 MB/s | 00:06:18 left
[K1.75 GB/5.54 GB | ==========                        31.49% | 10.1 MB/s | 00:06:18 left
[K1.75 GB/5.54 GB | ==========                        31.51% | 10.1 MB/s | 00:06:18 left
[K1.75 GB/5.54 GB | ==========                        31.53% | 10.1 MB/s | 00:06:18 left
[K1.75 GB/5.54 GB | ==========                        31.55% | 11.8 MB/s | 00:05:23 left
[K1.75 GB/5.54 GB | ==========                        31.57% | 11.8 MB/s | 00:05:23 left
[K1.75 GB/5.54 GB | ==========                        31.59% | 11.8 MB/s | 00:05:23 left
[K1.75 GB/5.54 GB | ==========                        31.61% | 11.8 MB/s | 00:05:23 left
[K1.75 GB/5.54 GB | ==========                        31.63% | 11.8 MB/s | 00:05:23 left
[K1.76 GB/5.54 GB | ==========                        31.65% | 11.8 MB/s | 00:05:23 left
[K1.76 GB/5.54 GB | ==========                        31.67% | 11.8 MB/s | 00:05:23 left
[K1.76 GB/5.54 GB | ==========                        31.69% | 11.8 MB/s | 00:05:23 left
[K1.76 GB/5.54 GB | ==========                        31.71% | 11.8 MB/s | 00:05:23 left
[K1.76 GB/5.54 GB | ==========                        31.73% | 11.8 MB/s | 00:05:23 left
[K1.76 GB/5.54 GB | ==========                        31.75% | 12.0 MB/s | 00:05:17 left
[K1.76 GB/5.54 GB | ==========                        31.77% | 12.0 MB/s | 00:05:17 left
[K1.76 GB/5.54 GB | ==========                        31.78% | 12.0 MB/s | 00:05:17 left
[K1.76 GB/5.54 GB | ==========                        31.80% | 12.0 MB/s | 00:05:17 left
[K1.76 GB/5.54 GB | ==========                        31.82% | 12.0 MB/s | 00:05:17 left
[K1.77 GB/5.54 GB | ==========                        31.84% | 12.0 MB/s | 00:05:17 left
[K1.77 GB/5.54 GB | ==========                        31.86% | 12.0 MB/s | 00:05:17 left
[K1.77 GB/5.54 GB | ==========                        31.88% | 12.0 MB/s | 00:05:17 left
[K1.77 GB/5.54 GB | ==========                        31.90% | 12.0 MB/s | 00:05:17 left
[K1.77 GB/5.54 GB | ==========                        31.92% | 12.0 MB/s | 00:05:17 left
[K1.77 GB/5.54 GB | ==========                        31.94% | 11.8 MB/s | 00:05:21 left
[K1.77 GB/5.54 GB | ==========                        31.96% | 11.8 MB/s | 00:05:21 left
[K1.77 GB/5.54 GB | ==========                        31.98% | 11.8 MB/s | 00:05:21 left
[K1.77 GB/5.54 GB | ==========                        32.00% | 11.8 MB/s | 00:05:21 left
[K1.77 GB/5.54 GB | ==========                        32.01% | 11.8 MB/s | 00:05:21 left
[K1.78 GB/5.54 GB | ==========                        32.03% | 11.8 MB/s | 00:05:21 left
[K1.78 GB/5.54 GB | ==========                        32.05% | 11.8 MB/s | 00:05:21 left
[K1.78 GB/5.54 GB | ==========                        32.06% | 11.8 MB/s | 00:05:21 left
[K1.78 GB/5.54 GB | ==========                        32.07% | 11.8 MB/s | 00:05:21 left
[K1.78 GB/5.54 GB | ==========                        32.09% | 11.8 MB/s | 00:05:21 left
[K1.78 GB/5.54 GB | ==========                        32.11% | 10.0 MB/s | 00:06:18 left
[K1.78 GB/5.54 GB | ==========                        32.12% | 10.0 MB/s | 00:06:18 left
[K1.78 GB/5.54 GB | ==========                        32.13% | 10.0 MB/s | 00:06:18 left
[K1.78 GB/5.54 GB | ==========                        32.14% | 10.0 MB/s | 00:06:18 left
[K1.78 GB/5.54 GB | ==========                        32.16% | 10.0 MB/s | 00:06:18 left
[K1.78 GB/5.54 GB | ==========                        32.17% | 10.0 MB/s | 00:06:18 left
[K1.78 GB/5.54 GB | ==========                        32.19% | 10.0 MB/s | 00:06:18 left
[K1.79 GB/5.54 GB | ==========                        32.20% | 10.0 MB/s | 00:06:18 left
[K1.79 GB/5.54 GB | ==========                        32.22% | 10.0 MB/s | 00:06:18 left
[K1.79 GB/5.54 GB | ==========                        32.24% | 10.0 MB/s | 00:06:18 left
[K1.79 GB/5.54 GB | ==========                        32.26% | 9.7 MB/s | 00:06:29 left
[K1.79 GB/5.54 GB | ==========                        32.27% | 9.7 MB/s | 00:06:29 left
[K1.79 GB/5.54 GB | ==========                        32.29% | 9.7 MB/s | 00:06:29 left
[K1.79 GB/5.54 GB | ==========                        32.30% | 9.7 MB/s | 00:06:29 left
[K1.79 GB/5.54 GB | ==========                        32.32% | 9.7 MB/s | 00:06:29 left
[K1.79 GB/5.54 GB | ==========                        32.34% | 9.7 MB/s | 00:06:29 left
[K1.79 GB/5.54 GB | ==========                        32.36% | 9.7 MB/s | 00:06:29 left
[K1.80 GB/5.54 GB | ==========                        32.38% | 9.7 MB/s | 00:06:29 left
[K1.80 GB/5.54 GB | ==========                        32.40% | 9.7 MB/s | 00:06:29 left
[K1.80 GB/5.54 GB | ==========                        32.42% | 9.7 MB/s | 00:06:29 left
[K1.80 GB/5.54 GB | ==========                        32.44% | 11.9 MB/s | 00:05:14 left
[K1.80 GB/5.54 GB | ==========                        32.46% | 11.9 MB/s | 00:05:14 left
[K1.80 GB/5.54 GB | ==========                        32.48% | 11.9 MB/s | 00:05:14 left
[K1.80 GB/5.54 GB | ==========                        32.50% | 11.9 MB/s | 00:05:14 left
[K1.80 GB/5.54 GB | ==========                        32.52% | 11.9 MB/s | 00:05:14 left
[K1.80 GB/5.54 GB | ==========                        32.54% | 11.9 MB/s | 00:05:14 left
[K1.81 GB/5.54 GB | ==========                        32.56% | 11.9 MB/s | 00:05:14 left
[K1.81 GB/5.54 GB | ==========                        32.58% | 11.9 MB/s | 00:05:14 left
[K1.81 GB/5.54 GB | ==========                        32.60% | 11.9 MB/s | 00:05:14 left
[K1.81 GB/5.54 GB | ==========                        32.62% | 11.9 MB/s | 00:05:14 left
[K1.81 GB/5.54 GB | ==========                        32.64% | 11.9 MB/s | 00:05:13 left
[K1.81 GB/5.54 GB | ==========                        32.66% | 11.9 MB/s | 00:05:13 left
[K1.81 GB/5.54 GB | ==========                        32.68% | 11.9 MB/s | 00:05:13 left
[K1.81 GB/5.54 GB | ==========                        32.70% | 11.9 MB/s | 00:05:13 left
[K1.81 GB/5.54 GB | ==========                        32.72% | 11.9 MB/s | 00:05:13 left
[K1.82 GB/5.54 GB | ==========                        32.74% | 11.9 MB/s | 00:05:13 left
[K1.82 GB/5.54 GB | ==========                        32.76% | 11.9 MB/s | 00:05:13 left
[K1.82 GB/5.54 GB | ==========                        32.78% | 11.9 MB/s | 00:05:13 left
[K1.82 GB/5.54 GB | ==========                        32.80% | 11.9 MB/s | 00:05:13 left
[K1.82 GB/5.54 GB | ==========                        32.82% | 11.9 MB/s | 00:05:13 left
[K1.82 GB/5.54 GB | ==========                        32.84% | 12.0 MB/s | 00:05:09 left
[K1.82 GB/5.54 GB | ==========                        32.86% | 12.0 MB/s | 00:05:09 left
[K1.82 GB/5.54 GB | ==========                        32.88% | 12.0 MB/s | 00:05:09 left
[K1.82 GB/5.54 GB | ==========                        32.90% | 12.0 MB/s | 00:05:09 left
[K1.83 GB/5.54 GB | ==========                        32.92% | 12.0 MB/s | 00:05:09 left
[K1.83 GB/5.54 GB | ==========                        32.93% | 12.0 MB/s | 00:05:09 left
[K1.83 GB/5.54 GB | ==========                        32.96% | 12.0 MB/s | 00:05:09 left
[K1.83 GB/5.54 GB | ==========                        32.98% | 12.0 MB/s | 00:05:09 left
[K1.83 GB/5.54 GB | ==========                        33.00% | 12.0 MB/s | 00:05:09 left
[K1.83 GB/5.54 GB | ==========                        33.01% | 12.0 MB/s | 00:05:09 left
[K1.83 GB/5.54 GB | ==========                        33.03% | 11.9 MB/s | 00:05:13 left
[K1.83 GB/5.54 GB | ==========                        33.05% | 11.9 MB/s | 00:05:13 left
[K1.83 GB/5.54 GB | ==========                        33.07% | 11.9 MB/s | 00:05:13 left
[K1.83 GB/5.54 GB | ==========                        33.09% | 11.9 MB/s | 00:05:13 left
[K1.84 GB/5.54 GB | ==========                        33.11% | 11.9 MB/s | 00:05:13 left
[K1.84 GB/5.54 GB | ==========                        33.13% | 11.9 MB/s | 00:05:13 left
[K1.84 GB/5.54 GB | ==========                        33.15% | 11.9 MB/s | 00:05:13 left
[K1.84 GB/5.54 GB | ==========                        33.17% | 11.9 MB/s | 00:05:13 left
[K1.84 GB/5.54 GB | ==========                        33.19% | 11.9 MB/s | 00:05:13 left
[K1.84 GB/5.54 GB | ==========                        33.21% | 11.9 MB/s | 00:05:13 left
[K1.84 GB/5.54 GB | ==========                        33.23% | 12.0 MB/s | 00:05:09 left
[K1.84 GB/5.54 GB | ==========                        33.25% | 12.0 MB/s | 00:05:09 left
[K1.84 GB/5.54 GB | ==========                        33.27% | 12.0 MB/s | 00:05:09 left
[K1.85 GB/5.54 GB | ==========                        33.29% | 12.0 MB/s | 00:05:09 left
[K1.85 GB/5.54 GB | ==========                        33.31% | 12.0 MB/s | 00:05:09 left
[K1.85 GB/5.54 GB | ==========                        33.32% | 12.0 MB/s | 00:05:09 left
[K1.85 GB/5.54 GB | ===========                       33.34% | 12.0 MB/s | 00:05:09 left
[K1.85 GB/5.54 GB | ===========                       33.36% | 12.0 MB/s | 00:05:09 left
[K1.85 GB/5.54 GB | ===========                       33.38% | 12.0 MB/s | 00:05:09 left
[K1.85 GB/5.54 GB | ===========                       33.40% | 12.0 MB/s | 00:05:09 left
[K1.85 GB/5.54 GB | ===========                       33.42% | 11.9 MB/s | 00:05:11 left
[K1.85 GB/5.54 GB | ===========                       33.44% | 11.9 MB/s | 00:05:11 left
[K1.86 GB/5.54 GB | ===========                       33.46% | 11.9 MB/s | 00:05:11 left
[K1.86 GB/5.54 GB | ===========                       33.48% | 11.9 MB/s | 00:05:11 left
[K1.86 GB/5.54 GB | ===========                       33.50% | 11.9 MB/s | 00:05:11 left
[K1.86 GB/5.54 GB | ===========                       33.52% | 11.9 MB/s | 00:05:11 left
[K1.86 GB/5.54 GB | ===========                       33.54% | 11.9 MB/s | 00:05:11 left
[K1.86 GB/5.54 GB | ===========                       33.56% | 11.9 MB/s | 00:05:11 left
[K1.86 GB/5.54 GB | ===========                       33.57% | 11.9 MB/s | 00:05:11 left
[K1.86 GB/5.54 GB | ===========                       33.60% | 11.9 MB/s | 00:05:11 left
[K1.86 GB/5.54 GB | ===========                       33.61% | 11.7 MB/s | 00:05:15 left
[K1.86 GB/5.54 GB | ===========                       33.63% | 11.7 MB/s | 00:05:15 left
[K1.87 GB/5.54 GB | ===========                       33.65% | 11.7 MB/s | 00:05:15 left
[K1.87 GB/5.54 GB | ===========                       33.67% | 11.7 MB/s | 00:05:15 left
[K1.87 GB/5.54 GB | ===========                       33.69% | 11.7 MB/s | 00:05:15 left
[K1.87 GB/5.54 GB | ===========                       33.72% | 11.7 MB/s | 00:05:15 left
[K1.87 GB/5.54 GB | ===========                       33.74% | 11.7 MB/s | 00:05:15 left
[K1.87 GB/5.54 GB | ===========                       33.76% | 11.7 MB/s | 00:05:15 left
[K1.87 GB/5.54 GB | ===========                       33.78% | 11.7 MB/s | 00:05:15 left
[K1.87 GB/5.54 GB | ===========                       33.80% | 11.7 MB/s | 00:05:15 left
[K1.87 GB/5.54 GB | ===========                       33.81% | 12.2 MB/s | 00:05:00 left
[K1.88 GB/5.54 GB | ===========                       33.84% | 12.2 MB/s | 00:05:00 left
[K1.88 GB/5.54 GB | ===========                       33.85% | 12.2 MB/s | 00:05:00 left
[K1.88 GB/5.54 GB | ===========                       33.87% | 12.2 MB/s | 00:05:00 left
[K1.88 GB/5.54 GB | ===========                       33.89% | 12.2 MB/s | 00:05:00 left
[K1.88 GB/5.54 GB | ===========                       33.91% | 12.2 MB/s | 00:05:00 left
[K1.88 GB/5.54 GB | ===========                       33.93% | 12.2 MB/s | 00:05:00 left
[K1.88 GB/5.54 GB | ===========                       33.95% | 12.2 MB/s | 00:05:00 left
[K1.88 GB/5.54 GB | ===========                       33.97% | 12.2 MB/s | 00:05:00 left
[K1.88 GB/5.54 GB | ===========                       33.99% | 12.2 MB/s | 00:05:00 left
[K1.89 GB/5.54 GB | ===========                       34.00% | 11.6 MB/s | 00:05:16 left
[K1.89 GB/5.54 GB | ===========                       34.03% | 11.6 MB/s | 00:05:16 left
[K1.89 GB/5.54 GB | ===========                       34.04% | 11.6 MB/s | 00:05:16 left
[K1.89 GB/5.54 GB | ===========                       34.06% | 11.6 MB/s | 00:05:16 left
[K1.89 GB/5.54 GB | ===========                       34.08% | 11.6 MB/s | 00:05:16 left
[K1.89 GB/5.54 GB | ===========                       34.10% | 11.6 MB/s | 00:05:16 left
[K1.89 GB/5.54 GB | ===========                       34.12% | 11.6 MB/s | 00:05:16 left
[K1.89 GB/5.54 GB | ===========                       34.14% | 11.6 MB/s | 00:05:16 left
[K1.89 GB/5.54 GB | ===========                       34.16% | 11.6 MB/s | 00:05:16 left
[K1.90 GB/5.54 GB | ===========                       34.18% | 11.6 MB/s | 00:05:16 left
[K1.90 GB/5.54 GB | ===========                       34.20% | 12.4 MB/s | 00:04:54 left
[K1.90 GB/5.54 GB | ===========                       34.22% | 12.4 MB/s | 00:04:54 left
[K1.90 GB/5.54 GB | ===========                       34.24% | 12.4 MB/s | 00:04:54 left
[K1.90 GB/5.54 GB | ===========                       34.26% | 12.4 MB/s | 00:04:54 left
[K1.90 GB/5.54 GB | ===========                       34.28% | 12.4 MB/s | 00:04:54 left
[K1.90 GB/5.54 GB | ===========                       34.30% | 12.4 MB/s | 00:04:54 left
[K1.90 GB/5.54 GB | ===========                       34.32% | 12.4 MB/s | 00:04:54 left
[K1.90 GB/5.54 GB | ===========                       34.34% | 12.4 MB/s | 00:04:54 left
[K1.90 GB/5.54 GB | ===========                       34.36% | 12.4 MB/s | 00:04:54 left
[K1.91 GB/5.54 GB | ===========                       34.37% | 12.4 MB/s | 00:04:54 left
[K1.91 GB/5.54 GB | ===========                       34.39% | 11.8 MB/s | 00:05:09 left
[K1.91 GB/5.54 GB | ===========                       34.41% | 11.8 MB/s | 00:05:09 left
[K1.91 GB/5.54 GB | ===========                       34.43% | 11.8 MB/s | 00:05:09 left
[K1.91 GB/5.54 GB | ===========                       34.45% | 11.8 MB/s | 00:05:09 left
[K1.91 GB/5.54 GB | ===========                       34.47% | 11.8 MB/s | 00:05:09 left
[K1.91 GB/5.54 GB | ===========                       34.49% | 11.8 MB/s | 00:05:09 left
[K1.91 GB/5.54 GB | ===========                       34.51% | 11.8 MB/s | 00:05:09 left
[K1.91 GB/5.54 GB | ===========                       34.53% | 11.8 MB/s | 00:05:09 left
[K1.92 GB/5.54 GB | ===========                       34.55% | 11.8 MB/s | 00:05:09 left
[K1.92 GB/5.54 GB | ===========                       34.57% | 11.8 MB/s | 00:05:09 left
[K1.92 GB/5.54 GB | ===========                       34.59% | 11.9 MB/s | 00:05:06 left
[K1.92 GB/5.54 GB | ===========                       34.61% | 11.9 MB/s | 00:05:06 left
[K1.92 GB/5.54 GB | ===========                       34.63% | 11.9 MB/s | 00:05:06 left
[K1.92 GB/5.54 GB | ===========                       34.65% | 11.9 MB/s | 00:05:06 left
[K1.92 GB/5.54 GB | ===========                       34.67% | 11.9 MB/s | 00:05:06 left
[K1.92 GB/5.54 GB | ===========                       34.68% | 11.9 MB/s | 00:05:06 left
[K1.92 GB/5.54 GB | ===========                       34.70% | 11.9 MB/s | 00:05:06 left
[K1.93 GB/5.54 GB | ===========                       34.72% | 11.9 MB/s | 00:05:06 left
[K1.93 GB/5.54 GB | ===========                       34.74% | 11.9 MB/s | 00:05:06 left
[K1.93 GB/5.54 GB | ===========                       34.76% | 11.9 MB/s | 00:05:06 left
[K1.93 GB/5.54 GB | ===========                       34.78% | 11.5 MB/s | 00:05:16 left
[K1.93 GB/5.54 GB | ===========                       34.80% | 11.5 MB/s | 00:05:16 left
[K1.93 GB/5.54 GB | ===========                       34.81% | 11.5 MB/s | 00:05:16 left
[K1.93 GB/5.54 GB | ===========                       34.83% | 11.5 MB/s | 00:05:16 left
[K1.93 GB/5.54 GB | ===========                       34.85% | 11.5 MB/s | 00:05:16 left
[K1.93 GB/5.54 GB | ===========                       34.87% | 11.5 MB/s | 00:05:16 left
[K1.93 GB/5.54 GB | ===========                       34.89% | 11.5 MB/s | 00:05:16 left
[K1.94 GB/5.54 GB | ===========                       34.91% | 11.5 MB/s | 00:05:16 left
[K1.94 GB/5.54 GB | ===========                       34.93% | 11.5 MB/s | 00:05:16 left
[K1.94 GB/5.54 GB | ===========                       34.95% | 11.5 MB/s | 00:05:16 left
[K1.94 GB/5.54 GB | ===========                       34.97% | 11.7 MB/s | 00:05:07 left
[K1.94 GB/5.54 GB | ===========                       34.99% | 11.7 MB/s | 00:05:07 left
[K1.94 GB/5.54 GB | ===========                       35.01% | 11.7 MB/s | 00:05:07 left
[K1.94 GB/5.54 GB | ===========                       35.03% | 11.7 MB/s | 00:05:07 left
[K1.94 GB/5.54 GB | ===========                       35.05% | 11.7 MB/s | 00:05:07 left
[K1.94 GB/5.54 GB | ===========                       35.07% | 11.7 MB/s | 00:05:07 left
[K1.95 GB/5.54 GB | ===========                       35.08% | 11.7 MB/s | 00:05:07 left
[K1.95 GB/5.54 GB | ===========                       35.10% | 11.7 MB/s | 00:05:07 left
[K1.95 GB/5.54 GB | ===========                       35.12% | 11.7 MB/s | 00:05:07 left
[K1.95 GB/5.54 GB | ===========                       35.13% | 11.7 MB/s | 00:05:07 left
[K1.95 GB/5.54 GB | ===========                       35.15% | 10.8 MB/s | 00:05:34 left
[K1.95 GB/5.54 GB | ===========                       35.17% | 10.8 MB/s | 00:05:34 left
[K1.95 GB/5.54 GB | ===========                       35.19% | 10.8 MB/s | 00:05:34 left
[K1.95 GB/5.54 GB | ===========                       35.20% | 10.8 MB/s | 00:05:34 left
[K1.95 GB/5.54 GB | ===========                       35.21% | 10.8 MB/s | 00:05:34 left
[K1.95 GB/5.54 GB | ===========                       35.22% | 10.8 MB/s | 00:05:34 left
[K1.95 GB/5.54 GB | ===========                       35.24% | 10.8 MB/s | 00:05:34 left
[K1.95 GB/5.54 GB | ===========                       35.26% | 10.8 MB/s | 00:05:34 left
[K1.96 GB/5.54 GB | ===========                       35.28% | 10.8 MB/s | 00:05:34 left
[K1.96 GB/5.54 GB | ===========                       35.30% | 10.8 MB/s | 00:05:34 left
[K1.96 GB/5.54 GB | ===========                       35.31% | 10.8 MB/s | 00:05:34 left
[K1.96 GB/5.54 GB | ===========                       35.33% | 10.0 MB/s | 00:05:59 left
[K1.96 GB/5.54 GB | ===========                       35.36% | 10.0 MB/s | 00:05:59 left
[K1.96 GB/5.54 GB | ===========                       35.37% | 10.0 MB/s | 00:05:59 left
[K1.96 GB/5.54 GB | ===========                       35.40% | 10.0 MB/s | 00:05:59 left
[K1.96 GB/5.54 GB | ===========                       35.42% | 10.0 MB/s | 00:05:59 left
[K1.96 GB/5.54 GB | ===========                       35.44% | 10.0 MB/s | 00:05:59 left
[K1.97 GB/5.54 GB | ===========                       35.46% | 10.0 MB/s | 00:05:59 left
[K1.97 GB/5.54 GB | ===========                       35.47% | 10.0 MB/s | 00:05:59 left
[K1.97 GB/5.54 GB | ===========                       35.50% | 10.0 MB/s | 00:05:59 left
[K1.97 GB/5.54 GB | ===========                       35.51% | 10.0 MB/s | 00:05:59 left
[K1.97 GB/5.54 GB | ===========                       35.53% | 12.2 MB/s | 00:04:53 left
[K1.97 GB/5.54 GB | ===========                       35.55% | 12.2 MB/s | 00:04:53 left
[K1.97 GB/5.54 GB | ===========                       35.57% | 12.2 MB/s | 00:04:53 left
[K1.97 GB/5.54 GB | ===========                       35.59% | 12.2 MB/s | 00:04:53 left
[K1.97 GB/5.54 GB | ===========                       35.61% | 12.2 MB/s | 00:04:53 left
[K1.98 GB/5.54 GB | ===========                       35.63% | 12.2 MB/s | 00:04:53 left
[K1.98 GB/5.54 GB | ===========                       35.65% | 12.2 MB/s | 00:04:53 left
[K1.98 GB/5.54 GB | ===========                       35.67% | 12.2 MB/s | 00:04:53 left
[K1.98 GB/5.54 GB | ===========                       35.68% | 12.2 MB/s | 00:04:53 left
[K1.98 GB/5.54 GB | ===========                       35.70% | 12.2 MB/s | 00:04:53 left
[K1.98 GB/5.54 GB | ===========                       35.72% | 11.3 MB/s | 00:05:16 left
[K1.98 GB/5.54 GB | ===========                       35.74% | 11.3 MB/s | 00:05:16 left
[K1.98 GB/5.54 GB | ===========                       35.76% | 11.3 MB/s | 00:05:16 left
[K1.98 GB/5.54 GB | ===========                       35.77% | 11.3 MB/s | 00:05:16 left
[K1.98 GB/5.54 GB | ===========                       35.79% | 11.3 MB/s | 00:05:16 left
[K1.99 GB/5.54 GB | ===========                       35.81% | 11.3 MB/s | 00:05:16 left
[K1.99 GB/5.54 GB | ===========                       35.83% | 11.3 MB/s | 00:05:16 left
[K1.99 GB/5.54 GB | ===========                       35.84% | 11.3 MB/s | 00:05:16 left
[K1.99 GB/5.54 GB | ===========                       35.86% | 11.3 MB/s | 00:05:16 left
[K1.99 GB/5.54 GB | ===========                       35.88% | 11.3 MB/s | 00:05:16 left
[K1.99 GB/5.54 GB | ===========                       35.90% | 11.0 MB/s | 00:05:22 left
[K1.99 GB/5.54 GB | ===========                       35.92% | 11.0 MB/s | 00:05:22 left
[K1.99 GB/5.54 GB | ===========                       35.94% | 11.0 MB/s | 00:05:22 left
[K1.99 GB/5.54 GB | ===========                       35.96% | 11.0 MB/s | 00:05:22 left
[K2.00 GB/5.54 GB | ===========                       35.98% | 11.0 MB/s | 00:05:22 left
[K2.00 GB/5.54 GB | ===========                       36.00% | 11.0 MB/s | 00:05:22 left
[K2.00 GB/5.54 GB | ===========                       36.02% | 11.0 MB/s | 00:05:22 left
[K2.00 GB/5.54 GB | ===========                       36.04% | 11.0 MB/s | 00:05:22 left
[K2.00 GB/5.54 GB | ===========                       36.06% | 11.0 MB/s | 00:05:22 left
[K2.00 GB/5.54 GB | ===========                       36.08% | 11.0 MB/s | 00:05:22 left
[K2.00 GB/5.54 GB | ===========                       36.09% | 11.6 MB/s | 00:05:06 left
[K2.00 GB/5.54 GB | ===========                       36.11% | 11.6 MB/s | 00:05:06 left
[K2.00 GB/5.54 GB | ===========                       36.13% | 11.6 MB/s | 00:05:06 left
[K2.00 GB/5.54 GB | ===========                       36.15% | 11.6 MB/s | 00:05:06 left
[K2.01 GB/5.54 GB | ===========                       36.17% | 11.6 MB/s | 00:05:06 left
[K2.01 GB/5.54 GB | ===========                       36.19% | 11.6 MB/s | 00:05:06 left
[K2.01 GB/5.54 GB | ===========                       36.21% | 11.6 MB/s | 00:05:06 left
[K2.01 GB/5.54 GB | ===========                       36.23% | 11.6 MB/s | 00:05:06 left
[K2.01 GB/5.54 GB | ===========                       36.25% | 11.6 MB/s | 00:05:06 left
[K2.01 GB/5.54 GB | ===========                       36.27% | 11.6 MB/s | 00:05:06 left
[K2.01 GB/5.54 GB | ===========                       36.29% | 11.8 MB/s | 00:04:59 left
[K2.01 GB/5.54 GB | ===========                       36.31% | 11.8 MB/s | 00:04:59 left
[K2.01 GB/5.54 GB | ===========                       36.33% | 11.8 MB/s | 00:04:59 left
[K2.02 GB/5.54 GB | ===========                       36.35% | 11.8 MB/s | 00:04:59 left
[K2.02 GB/5.54 GB | ============                      36.37% | 11.8 MB/s | 00:04:59 left
[K2.02 GB/5.54 GB | ============                      36.39% | 11.8 MB/s | 00:04:59 left
[K2.02 GB/5.54 GB | ============                      36.41% | 11.8 MB/s | 00:04:59 left
[K2.02 GB/5.54 GB | ============                      36.43% | 11.8 MB/s | 00:04:59 left
[K2.02 GB/5.54 GB | ============                      36.44% | 11.8 MB/s | 00:04:59 left
[K2.02 GB/5.54 GB | ============                      36.46% | 11.8 MB/s | 00:04:59 left
[K2.02 GB/5.54 GB | ============                      36.47% | 11.1 MB/s | 00:05:16 left
[K2.02 GB/5.54 GB | ============                      36.49% | 11.1 MB/s | 00:05:16 left
[K2.02 GB/5.54 GB | ============                      36.51% | 11.1 MB/s | 00:05:16 left
[K2.03 GB/5.54 GB | ============                      36.53% | 11.1 MB/s | 00:05:16 left
[K2.03 GB/5.54 GB | ============                      36.55% | 11.1 MB/s | 00:05:16 left
[K2.03 GB/5.54 GB | ============                      36.57% | 11.1 MB/s | 00:05:16 left
[K2.03 GB/5.54 GB | ============                      36.59% | 11.1 MB/s | 00:05:16 left
[K2.03 GB/5.54 GB | ============                      36.61% | 11.1 MB/s | 00:05:16 left
[K2.03 GB/5.54 GB | ============                      36.63% | 11.1 MB/s | 00:05:16 left
[K2.03 GB/5.54 GB | ============                      36.65% | 11.1 MB/s | 00:05:16 left
[K2.03 GB/5.54 GB | ============                      36.67% | 12.0 MB/s | 00:04:52 left
[K2.03 GB/5.54 GB | ============                      36.69% | 12.0 MB/s | 00:04:52 left
[K2.04 GB/5.54 GB | ============                      36.71% | 12.0 MB/s | 00:04:52 left
[K2.04 GB/5.54 GB | ============                      36.73% | 12.0 MB/s | 00:04:52 left
[K2.04 GB/5.54 GB | ============                      36.75% | 12.0 MB/s | 00:04:52 left
[K2.04 GB/5.54 GB | ============                      36.77% | 12.0 MB/s | 00:04:52 left
[K2.04 GB/5.54 GB | ============                      36.79% | 12.0 MB/s | 00:04:52 left
[K2.04 GB/5.54 GB | ============                      36.81% | 12.0 MB/s | 00:04:52 left
[K2.04 GB/5.54 GB | ============                      36.83% | 12.0 MB/s | 00:04:52 left
[K2.04 GB/5.54 GB | ============                      36.85% | 12.0 MB/s | 00:04:52 left
[K2.04 GB/5.54 GB | ============                      36.87% | 11.9 MB/s | 00:04:55 left
[K2.05 GB/5.54 GB | ============                      36.89% | 11.9 MB/s | 00:04:55 left
[K2.05 GB/5.54 GB | ============                      36.90% | 11.9 MB/s | 00:04:55 left
[K2.05 GB/5.54 GB | ============                      36.92% | 11.9 MB/s | 00:04:55 left
[K2.05 GB/5.54 GB | ============                      36.94% | 11.9 MB/s | 00:04:55 left
[K2.05 GB/5.54 GB | ============                      36.96% | 11.9 MB/s | 00:04:55 left
[K2.05 GB/5.54 GB | ============                      36.98% | 11.9 MB/s | 00:04:55 left
[K2.05 GB/5.54 GB | ============                      37.00% | 11.9 MB/s | 00:04:55 left
[K2.05 GB/5.54 GB | ============                      37.02% | 11.9 MB/s | 00:04:55 left
[K2.05 GB/5.54 GB | ============                      37.04% | 11.9 MB/s | 00:04:55 left
[K2.05 GB/5.54 GB | ============                      37.05% | 11.3 MB/s | 00:05:10 left
[K2.06 GB/5.54 GB | ============                      37.07% | 11.3 MB/s | 00:05:10 left
[K2.06 GB/5.54 GB | ============                      37.09% | 11.3 MB/s | 00:05:10 left
[K2.06 GB/5.54 GB | ============                      37.11% | 11.3 MB/s | 00:05:10 left
[K2.06 GB/5.54 GB | ============                      37.13% | 11.3 MB/s | 00:05:10 left
[K2.06 GB/5.54 GB | ============                      37.15% | 11.3 MB/s | 00:05:10 left
[K2.06 GB/5.54 GB | ============                      37.17% | 11.3 MB/s | 00:05:10 left
[K2.06 GB/5.54 GB | ============                      37.19% | 11.3 MB/s | 00:05:10 left
[K2.06 GB/5.54 GB | ============                      37.21% | 11.3 MB/s | 00:05:10 left
[K2.06 GB/5.54 GB | ============                      37.23% | 11.3 MB/s | 00:05:10 left
[K2.07 GB/5.54 GB | ============                      37.25% | 12.0 MB/s | 00:04:51 left
[K2.07 GB/5.54 GB | ============                      37.27% | 12.0 MB/s | 00:04:51 left
[K2.07 GB/5.54 GB | ============                      37.29% | 12.0 MB/s | 00:04:51 left
[K2.07 GB/5.54 GB | ============                      37.31% | 12.0 MB/s | 00:04:51 left
[K2.07 GB/5.54 GB | ============                      37.33% | 12.0 MB/s | 00:04:51 left
[K2.07 GB/5.54 GB | ============                      37.35% | 12.0 MB/s | 00:04:51 left
[K2.07 GB/5.54 GB | ============                      37.37% | 12.0 MB/s | 00:04:51 left
[K2.07 GB/5.54 GB | ============                      37.39% | 12.0 MB/s | 00:04:51 left
[K2.07 GB/5.54 GB | ============                      37.40% | 12.0 MB/s | 00:04:51 left
[K2.08 GB/5.54 GB | ============                      37.42% | 12.0 MB/s | 00:04:51 left
[K2.08 GB/5.54 GB | ============                      37.44% | 11.5 MB/s | 00:05:03 left
[K2.08 GB/5.54 GB | ============                      37.46% | 11.5 MB/s | 00:05:03 left
[K2.08 GB/5.54 GB | ============                      37.48% | 11.5 MB/s | 00:05:03 left
[K2.08 GB/5.54 GB | ============                      37.50% | 11.5 MB/s | 00:05:03 left
[K2.08 GB/5.54 GB | ============                      37.52% | 11.5 MB/s | 00:05:03 left
[K2.08 GB/5.54 GB | ============                      37.54% | 11.5 MB/s | 00:05:03 left
[K2.08 GB/5.54 GB | ============                      37.56% | 11.5 MB/s | 00:05:03 left
[K2.08 GB/5.54 GB | ============                      37.58% | 11.5 MB/s | 00:05:03 left
[K2.08 GB/5.54 GB | ============                      37.60% | 11.5 MB/s | 00:05:03 left
[K2.09 GB/5.54 GB | ============                      37.62% | 11.5 MB/s | 00:05:03 left
[K2.09 GB/5.54 GB | ============                      37.64% | 11.5 MB/s | 00:05:03 left
[K2.09 GB/5.54 GB | ============                      37.66% | 11.9 MB/s | 00:04:51 left
[K2.09 GB/5.54 GB | ============                      37.68% | 11.9 MB/s | 00:04:51 left
[K2.09 GB/5.54 GB | ============                      37.70% | 11.9 MB/s | 00:04:51 left
[K2.09 GB/5.54 GB | ============                      37.72% | 11.9 MB/s | 00:04:51 left
[K2.09 GB/5.54 GB | ============                      37.74% | 11.9 MB/s | 00:04:51 left
[K2.09 GB/5.54 GB | ============                      37.75% | 11.9 MB/s | 00:04:51 left
[K2.09 GB/5.54 GB | ============                      37.77% | 11.9 MB/s | 00:04:51 left
[K2.10 GB/5.54 GB | ============                      37.79% | 11.9 MB/s | 00:04:51 left
[K2.10 GB/5.54 GB | ============                      37.81% | 11.9 MB/s | 00:04:51 left
[K2.10 GB/5.54 GB | ============                      37.83% | 11.9 MB/s | 00:04:51 left
[K2.10 GB/5.54 GB | ============                      37.85% | 11.6 MB/s | 00:04:56 left
[K2.10 GB/5.54 GB | ============                      37.87% | 11.6 MB/s | 00:04:56 left
[K2.10 GB/5.54 GB | ============                      37.89% | 11.6 MB/s | 00:04:56 left
[K2.10 GB/5.54 GB | ============                      37.91% | 11.6 MB/s | 00:04:56 left
[K2.10 GB/5.54 GB | ============                      37.93% | 11.6 MB/s | 00:04:56 left
[K2.10 GB/5.54 GB | ============                      37.95% | 11.6 MB/s | 00:04:56 left
[K2.11 GB/5.54 GB | ============                      37.97% | 11.6 MB/s | 00:04:56 left
[K2.11 GB/5.54 GB | ============                      37.99% | 11.6 MB/s | 00:04:56 left
[K2.11 GB/5.54 GB | ============                      38.01% | 11.6 MB/s | 00:04:56 left
[K2.11 GB/5.54 GB | ============                      38.03% | 11.6 MB/s | 00:04:56 left
[K2.11 GB/5.54 GB | ============                      38.05% | 12.0 MB/s | 00:04:46 left
[K2.11 GB/5.54 GB | ============                      38.07% | 12.0 MB/s | 00:04:46 left
[K2.11 GB/5.54 GB | ============                      38.08% | 12.0 MB/s | 00:04:46 left
[K2.11 GB/5.54 GB | ============                      38.10% | 12.0 MB/s | 00:04:46 left
[K2.11 GB/5.54 GB | ============                      38.12% | 12.0 MB/s | 00:04:46 left
[K2.11 GB/5.54 GB | ============                      38.14% | 12.0 MB/s | 00:04:46 left
[K2.12 GB/5.54 GB | ============                      38.16% | 12.0 MB/s | 00:04:46 left
[K2.12 GB/5.54 GB | ============                      38.19% | 12.0 MB/s | 00:04:46 left
[K2.12 GB/5.54 GB | ============                      38.21% | 12.0 MB/s | 00:04:46 left
[K2.12 GB/5.54 GB | ============                      38.22% | 12.0 MB/s | 00:04:46 left
[K2.12 GB/5.54 GB | ============                      38.24% | 12.2 MB/s | 00:04:41 left
[K2.12 GB/5.54 GB | ============                      38.26% | 12.2 MB/s | 00:04:41 left
[K2.12 GB/5.54 GB | ============                      38.28% | 12.2 MB/s | 00:04:41 left
[K2.12 GB/5.54 GB | ============                      38.30% | 12.2 MB/s | 00:04:41 left
[K2.13 GB/5.54 GB | ============                      38.32% | 12.2 MB/s | 00:04:41 left
[K2.13 GB/5.54 GB | ============                      38.34% | 12.2 MB/s | 00:04:41 left
[K2.13 GB/5.54 GB | ============                      38.36% | 12.2 MB/s | 00:04:41 left
[K2.13 GB/5.54 GB | ============                      38.38% | 12.2 MB/s | 00:04:41 left
[K2.13 GB/5.54 GB | ============                      38.40% | 12.2 MB/s | 00:04:41 left
[K2.13 GB/5.54 GB | ============                      38.41% | 12.2 MB/s | 00:04:41 left
[K2.13 GB/5.54 GB | ============                      38.42% | 10.7 MB/s | 00:05:19 left
[K2.13 GB/5.54 GB | ============                      38.44% | 10.7 MB/s | 00:05:19 left
[K2.13 GB/5.54 GB | ============                      38.46% | 10.7 MB/s | 00:05:19 left
[K2.13 GB/5.54 GB | ============                      38.47% | 10.7 MB/s | 00:05:19 left
[K2.13 GB/5.54 GB | ============                      38.49% | 10.7 MB/s | 00:05:19 left
[K2.14 GB/5.54 GB | ============                      38.51% | 10.7 MB/s | 00:05:19 left
[K2.14 GB/5.54 GB | ============                      38.52% | 10.7 MB/s | 00:05:19 left
[K2.14 GB/5.54 GB | ============                      38.54% | 10.7 MB/s | 00:05:19 left
[K2.14 GB/5.54 GB | ============                      38.56% | 10.7 MB/s | 00:05:19 left
[K2.14 GB/5.54 GB | ============                      38.58% | 10.7 MB/s | 00:05:19 left
[K2.14 GB/5.54 GB | ============                      38.60% | 10.7 MB/s | 00:05:19 left
[K2.14 GB/5.54 GB | ============                      38.62% | 11.3 MB/s | 00:05:02 left
[K2.14 GB/5.54 GB | ============                      38.64% | 11.3 MB/s | 00:05:02 left
[K2.14 GB/5.54 GB | ============                      38.66% | 11.3 MB/s | 00:05:02 left
[K2.14 GB/5.54 GB | ============                      38.68% | 11.3 MB/s | 00:05:02 left
[K2.15 GB/5.54 GB | ============                      38.70% | 11.3 MB/s | 00:05:02 left
[K2.15 GB/5.54 GB | ============                      38.72% | 11.3 MB/s | 00:05:02 left
[K2.15 GB/5.54 GB | ============                      38.74% | 11.3 MB/s | 00:05:02 left
[K2.15 GB/5.54 GB | ============                      38.76% | 11.3 MB/s | 00:05:02 left
[K2.15 GB/5.54 GB | ============                      38.77% | 11.3 MB/s | 00:05:02 left
[K2.15 GB/5.54 GB | ============                      38.79% | 11.3 MB/s | 00:05:02 left
[K2.15 GB/5.54 GB | ============                      38.81% | 11.6 MB/s | 00:04:53 left
[K2.15 GB/5.54 GB | ============                      38.83% | 11.6 MB/s | 00:04:53 left
[K2.15 GB/5.54 GB | ============                      38.85% | 11.6 MB/s | 00:04:53 left
[K2.16 GB/5.54 GB | ============                      38.87% | 11.6 MB/s | 00:04:53 left
[K2.16 GB/5.54 GB | ============                      38.89% | 11.6 MB/s | 00:04:53 left
[K2.16 GB/5.54 GB | ============                      38.91% | 11.6 MB/s | 00:04:53 left
[K2.16 GB/5.54 GB | ============                      38.93% | 11.6 MB/s | 00:04:53 left
[K2.16 GB/5.54 GB | ============                      38.95% | 11.6 MB/s | 00:04:53 left
[K2.16 GB/5.54 GB | ============                      38.96% | 11.6 MB/s | 00:04:53 left
[K2.16 GB/5.54 GB | ============                      38.98% | 11.6 MB/s | 00:04:53 left
[K2.16 GB/5.54 GB | ============                      39.00% | 11.4 MB/s | 00:04:57 left
[K2.16 GB/5.54 GB | ============                      39.02% | 11.4 MB/s | 00:04:57 left
[K2.16 GB/5.54 GB | ============                      39.04% | 11.4 MB/s | 00:04:57 left
[K2.17 GB/5.54 GB | ============                      39.05% | 11.4 MB/s | 00:04:57 left
[K2.17 GB/5.54 GB | ============                      39.06% | 11.4 MB/s | 00:04:57 left
[K2.17 GB/5.54 GB | ============                      39.07% | 11.4 MB/s | 00:04:57 left
[K2.17 GB/5.54 GB | ============                      39.08% | 11.4 MB/s | 00:04:57 left
[K2.17 GB/5.54 GB | ============                      39.10% | 11.4 MB/s | 00:04:57 left
[K2.17 GB/5.54 GB | ============                      39.11% | 11.4 MB/s | 00:04:57 left
[K2.17 GB/5.54 GB | ============                      39.12% | 11.4 MB/s | 00:04:57 left
[K2.17 GB/5.54 GB | ============                      39.14% | 8.1 MB/s | 00:06:56 left
[K2.17 GB/5.54 GB | ============                      39.16% | 8.1 MB/s | 00:06:56 left
[K2.17 GB/5.54 GB | ============                      39.18% | 8.1 MB/s | 00:06:56 left
[K2.17 GB/5.54 GB | ============                      39.20% | 8.1 MB/s | 00:06:56 left
[K2.17 GB/5.54 GB | ============                      39.22% | 8.1 MB/s | 00:06:56 left
[K2.18 GB/5.54 GB | ============                      39.24% | 8.1 MB/s | 00:06:56 left
[K2.18 GB/5.54 GB | ============                      39.26% | 8.1 MB/s | 00:06:56 left
[K2.18 GB/5.54 GB | ============                      39.28% | 8.1 MB/s | 00:06:56 left
[K2.18 GB/5.54 GB | ============                      39.30% | 8.1 MB/s | 00:06:56 left
[K2.18 GB/5.54 GB | ============                      39.32% | 8.1 MB/s | 00:06:56 left
[K2.18 GB/5.54 GB | ============                      39.34% | 12.0 MB/s | 00:04:39 left
[K2.18 GB/5.54 GB | ============                      39.36% | 12.0 MB/s | 00:04:39 left
[K2.18 GB/5.54 GB | ============                      39.38% | 12.0 MB/s | 00:04:39 left
[K2.18 GB/5.54 GB | =============                     39.40% | 12.0 MB/s | 00:04:39 left
[K2.19 GB/5.54 GB | =============                     39.42% | 12.0 MB/s | 00:04:39 left
[K2.19 GB/5.54 GB | =============                     39.44% | 12.0 MB/s | 00:04:39 left
[K2.19 GB/5.54 GB | =============                     39.46% | 12.0 MB/s | 00:04:39 left
[K2.19 GB/5.54 GB | =============                     39.48% | 12.0 MB/s | 00:04:39 left
[K2.19 GB/5.54 GB | =============                     39.50% | 12.0 MB/s | 00:04:39 left
[K2.19 GB/5.54 GB | =============                     39.52% | 12.0 MB/s | 00:04:39 left
[K2.19 GB/5.54 GB | =============                     39.54% | 11.8 MB/s | 00:04:44 left
[K2.19 GB/5.54 GB | =============                     39.56% | 11.8 MB/s | 00:04:44 left
[K2.19 GB/5.54 GB | =============                     39.58% | 11.8 MB/s | 00:04:44 left
[K2.20 GB/5.54 GB | =============                     39.59% | 11.8 MB/s | 00:04:44 left
[K2.20 GB/5.54 GB | =============                     39.61% | 11.8 MB/s | 00:04:44 left
[K2.20 GB/5.54 GB | =============                     39.63% | 11.8 MB/s | 00:04:44 left
[K2.20 GB/5.54 GB | =============                     39.65% | 11.8 MB/s | 00:04:44 left
[K2.20 GB/5.54 GB | =============                     39.67% | 11.8 MB/s | 00:04:44 left
[K2.20 GB/5.54 GB | =============                     39.69% | 11.8 MB/s | 00:04:44 left
[K2.20 GB/5.54 GB | =============                     39.71% | 11.8 MB/s | 00:04:44 left
[K2.20 GB/5.54 GB | =============                     39.73% | 11.7 MB/s | 00:04:47 left
[K2.20 GB/5.54 GB | =============                     39.75% | 11.7 MB/s | 00:04:47 left
[K2.21 GB/5.54 GB | =============                     39.77% | 11.7 MB/s | 00:04:47 left
[K2.21 GB/5.54 GB | =============                     39.78% | 11.7 MB/s | 00:04:47 left
[K2.21 GB/5.54 GB | =============                     39.80% | 11.7 MB/s | 00:04:47 left
[K2.21 GB/5.54 GB | =============                     39.82% | 11.7 MB/s | 00:04:47 left
[K2.21 GB/5.54 GB | =============                     39.84% | 11.7 MB/s | 00:04:47 left
[K2.21 GB/5.54 GB | =============                     39.86% | 11.7 MB/s | 00:04:47 left
[K2.21 GB/5.54 GB | =============                     39.88% | 11.7 MB/s | 00:04:47 left
[K2.21 GB/5.54 GB | =============                     39.90% | 11.7 MB/s | 00:04:47 left
[K2.21 GB/5.54 GB | =============                     39.92% | 11.4 MB/s | 00:04:51 left
[K2.21 GB/5.54 GB | =============                     39.94% | 11.4 MB/s | 00:04:51 left
[K2.22 GB/5.54 GB | =============                     39.96% | 11.4 MB/s | 00:04:51 left
[K2.22 GB/5.54 GB | =============                     39.98% | 11.4 MB/s | 00:04:51 left
[K2.22 GB/5.54 GB | =============                     39.99% | 11.4 MB/s | 00:04:51 left
[K2.22 GB/5.54 GB | =============                     40.01% | 11.4 MB/s | 00:04:51 left
[K2.22 GB/5.54 GB | =============                     40.04% | 11.4 MB/s | 00:04:51 left
[K2.22 GB/5.54 GB | =============                     40.05% | 11.4 MB/s | 00:04:51 left
[K2.22 GB/5.54 GB | =============                     40.07% | 11.4 MB/s | 00:04:51 left
[K2.22 GB/5.54 GB | =============                     40.09% | 11.4 MB/s | 00:04:51 left
[K2.22 GB/5.54 GB | =============                     40.11% | 11.6 MB/s | 00:04:46 left
[K2.23 GB/5.54 GB | =============                     40.13% | 11.6 MB/s | 00:04:46 left
[K2.23 GB/5.54 GB | =============                     40.15% | 11.6 MB/s | 00:04:46 left
[K2.23 GB/5.54 GB | =============                     40.17% | 11.6 MB/s | 00:04:46 left
[K2.23 GB/5.54 GB | =============                     40.19% | 11.6 MB/s | 00:04:46 left
[K2.23 GB/5.54 GB | =============                     40.21% | 11.6 MB/s | 00:04:46 left
[K2.23 GB/5.54 GB | =============                     40.23% | 11.6 MB/s | 00:04:46 left
[K2.23 GB/5.54 GB | =============                     40.24% | 11.6 MB/s | 00:04:46 left
[K2.23 GB/5.54 GB | =============                     40.26% | 11.6 MB/s | 00:04:46 left
[K2.23 GB/5.54 GB | =============                     40.28% | 11.6 MB/s | 00:04:46 left
[K2.23 GB/5.54 GB | =============                     40.30% | 11.5 MB/s | 00:04:49 left
[K2.24 GB/5.54 GB | =============                     40.32% | 11.5 MB/s | 00:04:49 left
[K2.24 GB/5.54 GB | =============                     40.34% | 11.5 MB/s | 00:04:49 left
[K2.24 GB/5.54 GB | =============                     40.36% | 11.5 MB/s | 00:04:49 left
[K2.24 GB/5.54 GB | =============                     40.38% | 11.5 MB/s | 00:04:49 left
[K2.24 GB/5.54 GB | =============                     40.40% | 11.5 MB/s | 00:04:49 left
[K2.24 GB/5.54 GB | =============                     40.42% | 11.5 MB/s | 00:04:49 left
[K2.24 GB/5.54 GB | =============                     40.44% | 11.5 MB/s | 00:04:49 left
[K2.24 GB/5.54 GB | =============                     40.46% | 11.5 MB/s | 00:04:49 left
[K2.24 GB/5.54 GB | =============                     40.48% | 10.3 MB/s | 00:05:19 left
[K2.24 GB/5.54 GB | =============                     40.48% | 10.3 MB/s | 00:05:19 left
[K2.25 GB/5.54 GB | =============                     40.50% | 10.3 MB/s | 00:05:19 left
[K2.25 GB/5.54 GB | =============                     40.52% | 10.3 MB/s | 00:05:19 left
[K2.25 GB/5.54 GB | =============                     40.53% | 10.3 MB/s | 00:05:19 left
[K2.25 GB/5.54 GB | =============                     40.55% | 10.3 MB/s | 00:05:19 left
[K2.25 GB/5.54 GB | =============                     40.57% | 10.3 MB/s | 00:05:19 left
[K2.25 GB/5.54 GB | =============                     40.59% | 10.3 MB/s | 00:05:19 left
[K2.25 GB/5.54 GB | =============                     40.60% | 10.3 MB/s | 00:05:19 left
[K2.25 GB/5.54 GB | =============                     40.62% | 10.3 MB/s | 00:05:19 left
[K2.25 GB/5.54 GB | =============                     40.64% | 10.3 MB/s | 00:05:19 left
[K2.25 GB/5.54 GB | =============                     40.66% | 10.5 MB/s | 00:05:14 left
[K2.26 GB/5.54 GB | =============                     40.68% | 10.5 MB/s | 00:05:14 left
[K2.26 GB/5.54 GB | =============                     40.70% | 10.5 MB/s | 00:05:14 left
[K2.26 GB/5.54 GB | =============                     40.72% | 10.5 MB/s | 00:05:14 left
[K2.26 GB/5.54 GB | =============                     40.74% | 10.5 MB/s | 00:05:14 left
[K2.26 GB/5.54 GB | =============                     40.76% | 10.5 MB/s | 00:05:14 left
[K2.26 GB/5.54 GB | =============                     40.78% | 10.5 MB/s | 00:05:14 left
[K2.26 GB/5.54 GB | =============                     40.79% | 10.5 MB/s | 00:05:14 left
[K2.26 GB/5.54 GB | =============                     40.81% | 10.5 MB/s | 00:05:14 left
[K2.26 GB/5.54 GB | =============                     40.83% | 10.5 MB/s | 00:05:14 left
[K2.27 GB/5.54 GB | =============                     40.85% | 11.5 MB/s | 00:04:45 left
[K2.27 GB/5.54 GB | =============                     40.87% | 11.5 MB/s | 00:04:45 left
[K2.27 GB/5.54 GB | =============                     40.89% | 11.5 MB/s | 00:04:45 left
[K2.27 GB/5.54 GB | =============                     40.91% | 11.5 MB/s | 00:04:45 left
[K2.27 GB/5.54 GB | =============                     40.93% | 11.5 MB/s | 00:04:45 left
[K2.27 GB/5.54 GB | =============                     40.95% | 11.5 MB/s | 00:04:45 left
[K2.27 GB/5.54 GB | =============                     40.97% | 11.5 MB/s | 00:04:45 left
[K2.27 GB/5.54 GB | =============                     40.99% | 11.5 MB/s | 00:04:45 left
[K2.27 GB/5.54 GB | =============                     41.01% | 11.5 MB/s | 00:04:45 left
[K2.28 GB/5.54 GB | =============                     41.03% | 11.5 MB/s | 00:04:45 left
[K2.28 GB/5.54 GB | =============                     41.05% | 11.7 MB/s | 00:04:41 left
[K2.28 GB/5.54 GB | =============                     41.07% | 11.7 MB/s | 00:04:41 left
[K2.28 GB/5.54 GB | =============                     41.08% | 11.7 MB/s | 00:04:41 left
[K2.28 GB/5.54 GB | =============                     41.10% | 11.7 MB/s | 00:04:41 left
[K2.28 GB/5.54 GB | =============                     41.12% | 11.7 MB/s | 00:04:41 left
[K2.28 GB/5.54 GB | =============                     41.14% | 11.7 MB/s | 00:04:41 left
[K2.28 GB/5.54 GB | =============                     41.16% | 11.7 MB/s | 00:04:41 left
[K2.28 GB/5.54 GB | =============                     41.18% | 11.7 MB/s | 00:04:41 left
[K2.28 GB/5.54 GB | =============                     41.20% | 11.7 MB/s | 00:04:41 left
[K2.29 GB/5.54 GB | =============                     41.22% | 11.7 MB/s | 00:04:41 left
[K2.29 GB/5.54 GB | =============                     41.24% | 11.7 MB/s | 00:04:41 left
[K2.29 GB/5.54 GB | =============                     41.26% | 11.7 MB/s | 00:04:38 left
[K2.29 GB/5.54 GB | =============                     41.28% | 11.7 MB/s | 00:04:38 left
[K2.29 GB/5.54 GB | =============                     41.30% | 11.7 MB/s | 00:04:38 left
[K2.29 GB/5.54 GB | =============                     41.32% | 11.7 MB/s | 00:04:38 left
[K2.29 GB/5.54 GB | =============                     41.34% | 11.7 MB/s | 00:04:38 left
[K2.29 GB/5.54 GB | =============                     41.36% | 11.7 MB/s | 00:04:38 left
[K2.29 GB/5.54 GB | =============                     41.38% | 11.7 MB/s | 00:04:38 left
[K2.30 GB/5.54 GB | =============                     41.40% | 11.7 MB/s | 00:04:38 left
[K2.30 GB/5.54 GB | =============                     41.42% | 11.7 MB/s | 00:04:38 left
[K2.30 GB/5.54 GB | =============                     41.44% | 11.7 MB/s | 00:04:38 left
[K2.30 GB/5.54 GB | =============                     41.46% | 12.0 MB/s | 00:04:31 left
[K2.30 GB/5.54 GB | =============                     41.48% | 12.0 MB/s | 00:04:31 left
[K2.30 GB/5.54 GB | =============                     41.50% | 12.0 MB/s | 00:04:31 left
[K2.30 GB/5.54 GB | =============                     41.51% | 12.0 MB/s | 00:04:31 left
[K2.30 GB/5.54 GB | =============                     41.53% | 12.0 MB/s | 00:04:31 left
[K2.30 GB/5.54 GB | =============                     41.55% | 12.0 MB/s | 00:04:31 left
[K2.31 GB/5.54 GB | =============                     41.57% | 12.0 MB/s | 00:04:31 left
[K2.31 GB/5.54 GB | =============                     41.59% | 12.0 MB/s | 00:04:31 left
[K2.31 GB/5.54 GB | =============                     41.61% | 12.0 MB/s | 00:04:31 left
[K2.31 GB/5.54 GB | =============                     41.63% | 12.0 MB/s | 00:04:31 left
[K2.31 GB/5.54 GB | =============                     41.65% | 11.4 MB/s | 00:04:44 left
[K2.31 GB/5.54 GB | =============                     41.67% | 11.4 MB/s | 00:04:44 left
[K2.31 GB/5.54 GB | =============                     41.69% | 11.4 MB/s | 00:04:44 left
[K2.31 GB/5.54 GB | =============                     41.70% | 11.4 MB/s | 00:04:44 left
[K2.31 GB/5.54 GB | =============                     41.73% | 11.4 MB/s | 00:04:44 left
[K2.31 GB/5.54 GB | =============                     41.75% | 11.4 MB/s | 00:04:44 left
[K2.32 GB/5.54 GB | =============                     41.77% | 11.4 MB/s | 00:04:44 left
[K2.32 GB/5.54 GB | =============                     41.78% | 11.4 MB/s | 00:04:44 left
[K2.32 GB/5.54 GB | =============                     41.80% | 11.4 MB/s | 00:04:44 left
[K2.32 GB/5.54 GB | =============                     41.82% | 11.4 MB/s | 00:04:44 left
[K2.32 GB/5.54 GB | =============                     41.84% | 11.5 MB/s | 00:04:39 left
[K2.32 GB/5.54 GB | =============                     41.86% | 11.5 MB/s | 00:04:39 left
[K2.32 GB/5.54 GB | =============                     41.88% | 11.5 MB/s | 00:04:39 left
[K2.32 GB/5.54 GB | =============                     41.90% | 11.5 MB/s | 00:04:39 left
[K2.32 GB/5.54 GB | =============                     41.92% | 11.5 MB/s | 00:04:39 left
[K2.33 GB/5.54 GB | =============                     41.93% | 11.5 MB/s | 00:04:39 left
[K2.33 GB/5.54 GB | =============                     41.96% | 11.5 MB/s | 00:04:39 left
[K2.33 GB/5.54 GB | =============                     41.97% | 11.5 MB/s | 00:04:39 left
[K2.33 GB/5.54 GB | =============                     41.99% | 11.5 MB/s | 00:04:39 left
[K2.33 GB/5.54 GB | =============                     42.01% | 11.5 MB/s | 00:04:39 left
[K2.33 GB/5.54 GB | =============                     42.03% | 11.0 MB/s | 00:04:53 left
[K2.33 GB/5.54 GB | =============                     42.04% | 11.0 MB/s | 00:04:53 left
[K2.33 GB/5.54 GB | =============                     42.06% | 11.0 MB/s | 00:04:53 left
[K2.33 GB/5.54 GB | =============                     42.08% | 11.0 MB/s | 00:04:53 left
[K2.33 GB/5.54 GB | =============                     42.10% | 11.0 MB/s | 00:04:53 left
[K2.34 GB/5.54 GB | =============                     42.12% | 11.0 MB/s | 00:04:53 left
[K2.34 GB/5.54 GB | =============                     42.14% | 11.0 MB/s | 00:04:53 left
[K2.34 GB/5.54 GB | =============                     42.16% | 11.0 MB/s | 00:04:53 left
[K2.34 GB/5.54 GB | =============                     42.18% | 11.0 MB/s | 00:04:53 left
[K2.34 GB/5.54 GB | =============                     42.20% | 11.0 MB/s | 00:04:53 left
[K2.34 GB/5.54 GB | =============                     42.21% | 11.0 MB/s | 00:04:53 left
[K2.34 GB/5.54 GB | =============                     42.23% | 11.0 MB/s | 00:04:50 left
[K2.34 GB/5.54 GB | =============                     42.25% | 11.0 MB/s | 00:04:50 left
[K2.34 GB/5.54 GB | =============                     42.27% | 11.0 MB/s | 00:04:50 left
[K2.35 GB/5.54 GB | =============                     42.29% | 11.0 MB/s | 00:04:50 left
[K2.35 GB/5.54 GB | =============                     42.31% | 11.0 MB/s | 00:04:50 left
[K2.35 GB/5.54 GB | =============                     42.33% | 11.0 MB/s | 00:04:50 left
[K2.35 GB/5.54 GB | =============                     42.35% | 11.0 MB/s | 00:04:50 left
[K2.35 GB/5.54 GB | =============                     42.37% | 11.0 MB/s | 00:04:50 left
[K2.35 GB/5.54 GB | =============                     42.39% | 11.0 MB/s | 00:04:50 left
[K2.35 GB/5.54 GB | =============                     42.41% | 11.0 MB/s | 00:04:50 left
[K2.35 GB/5.54 GB | =============                     42.42% | 11.7 MB/s | 00:04:33 left
[K2.35 GB/5.54 GB | ==============                    42.44% | 11.7 MB/s | 00:04:33 left
[K2.35 GB/5.54 GB | ==============                    42.46% | 11.7 MB/s | 00:04:33 left
[K2.36 GB/5.54 GB | ==============                    42.48% | 11.7 MB/s | 00:04:33 left
[K2.36 GB/5.54 GB | ==============                    42.50% | 11.7 MB/s | 00:04:33 left
[K2.36 GB/5.54 GB | ==============                    42.52% | 11.7 MB/s | 00:04:33 left
[K2.36 GB/5.54 GB | ==============                    42.53% | 11.7 MB/s | 00:04:33 left
[K2.36 GB/5.54 GB | ==============                    42.55% | 11.7 MB/s | 00:04:33 left
[K2.36 GB/5.54 GB | ==============                    42.57% | 11.7 MB/s | 00:04:33 left
[K2.36 GB/5.54 GB | ==============                    42.59% | 11.7 MB/s | 00:04:33 left
[K2.36 GB/5.54 GB | ==============                    42.61% | 11.4 MB/s | 00:04:38 left
[K2.36 GB/5.54 GB | ==============                    42.63% | 11.4 MB/s | 00:04:38 left
[K2.36 GB/5.54 GB | ==============                    42.65% | 11.4 MB/s | 00:04:38 left
[K2.37 GB/5.54 GB | ==============                    42.67% | 11.4 MB/s | 00:04:38 left
[K2.37 GB/5.54 GB | ==============                    42.69% | 11.4 MB/s | 00:04:38 left
[K2.37 GB/5.54 GB | ==============                    42.71% | 11.4 MB/s | 00:04:38 left
[K2.37 GB/5.54 GB | ==============                    42.73% | 11.4 MB/s | 00:04:38 left
[K2.37 GB/5.54 GB | ==============                    42.75% | 11.4 MB/s | 00:04:38 left
[K2.37 GB/5.54 GB | ==============                    42.77% | 11.4 MB/s | 00:04:38 left
[K2.37 GB/5.54 GB | ==============                    42.78% | 11.4 MB/s | 00:04:38 left
[K2.37 GB/5.54 GB | ==============                    42.80% | 11.4 MB/s | 00:04:38 left
[K2.37 GB/5.54 GB | ==============                    42.82% | 11.6 MB/s | 00:04:34 left
[K2.38 GB/5.54 GB | ==============                    42.84% | 11.6 MB/s | 00:04:34 left
[K2.38 GB/5.54 GB | ==============                    42.86% | 11.6 MB/s | 00:04:34 left
[K2.38 GB/5.54 GB | ==============                    42.88% | 11.6 MB/s | 00:04:34 left
[K2.38 GB/5.54 GB | ==============                    42.90% | 11.6 MB/s | 00:04:34 left
[K2.38 GB/5.54 GB | ==============                    42.92% | 11.6 MB/s | 00:04:34 left
[K2.38 GB/5.54 GB | ==============                    42.94% | 11.6 MB/s | 00:04:34 left
[K2.38 GB/5.54 GB | ==============                    42.96% | 11.6 MB/s | 00:04:34 left
[K2.38 GB/5.54 GB | ==============                    42.98% | 11.6 MB/s | 00:04:34 left
[K2.38 GB/5.54 GB | ==============                    43.00% | 11.6 MB/s | 00:04:34 left
[K2.39 GB/5.54 GB | ==============                    43.02% | 11.9 MB/s | 00:04:25 left
[K2.39 GB/5.54 GB | ==============                    43.04% | 11.9 MB/s | 00:04:25 left
[K2.39 GB/5.54 GB | ==============                    43.05% | 11.9 MB/s | 00:04:25 left
[K2.39 GB/5.54 GB | ==============                    43.07% | 11.9 MB/s | 00:04:25 left
[K2.39 GB/5.54 GB | ==============                    43.09% | 11.9 MB/s | 00:04:25 left
[K2.39 GB/5.54 GB | ==============                    43.11% | 11.9 MB/s | 00:04:25 left
[K2.39 GB/5.54 GB | ==============                    43.13% | 11.9 MB/s | 00:04:25 left
[K2.39 GB/5.54 GB | ==============                    43.15% | 11.9 MB/s | 00:04:25 left
[K2.39 GB/5.54 GB | ==============                    43.17% | 11.9 MB/s | 00:04:25 left
[K2.39 GB/5.54 GB | ==============                    43.19% | 11.9 MB/s | 00:04:25 left
[K2.40 GB/5.54 GB | ==============                    43.21% | 11.5 MB/s | 00:04:35 left
[K2.40 GB/5.54 GB | ==============                    43.22% | 11.5 MB/s | 00:04:35 left
[K2.40 GB/5.54 GB | ==============                    43.24% | 11.5 MB/s | 00:04:35 left
[K2.40 GB/5.54 GB | ==============                    43.26% | 11.5 MB/s | 00:04:35 left
[K2.40 GB/5.54 GB | ==============                    43.28% | 11.5 MB/s | 00:04:35 left
[K2.40 GB/5.54 GB | ==============                    43.30% | 11.5 MB/s | 00:04:35 left
[K2.40 GB/5.54 GB | ==============                    43.32% | 11.5 MB/s | 00:04:35 left
[K2.40 GB/5.54 GB | ==============                    43.33% | 11.5 MB/s | 00:04:35 left
[K2.40 GB/5.54 GB | ==============                    43.35% | 11.5 MB/s | 00:04:35 left
[K2.40 GB/5.54 GB | ==============                    43.37% | 11.5 MB/s | 00:04:35 left
[K2.41 GB/5.54 GB | ==============                    43.39% | 11.3 MB/s | 00:04:37 left
[K2.41 GB/5.54 GB | ==============                    43.41% | 11.3 MB/s | 00:04:37 left
[K2.41 GB/5.54 GB | ==============                    43.43% | 11.3 MB/s | 00:04:37 left
[K2.41 GB/5.54 GB | ==============                    43.45% | 11.3 MB/s | 00:04:37 left
[K2.41 GB/5.54 GB | ==============                    43.47% | 11.3 MB/s | 00:04:37 left
[K2.41 GB/5.54 GB | ==============                    43.49% | 11.3 MB/s | 00:04:37 left
[K2.41 GB/5.54 GB | ==============                    43.51% | 11.3 MB/s | 00:04:37 left
[K2.41 GB/5.54 GB | ==============                    43.53% | 11.3 MB/s | 00:04:37 left
[K2.41 GB/5.54 GB | ==============                    43.55% | 11.3 MB/s | 00:04:37 left
[K2.42 GB/5.54 GB | ==============                    43.57% | 11.3 MB/s | 00:04:37 left
[K2.42 GB/5.54 GB | ==============                    43.59% | 11.6 MB/s | 00:04:29 left
[K2.42 GB/5.54 GB | ==============                    43.61% | 11.6 MB/s | 00:04:29 left
[K2.42 GB/5.54 GB | ==============                    43.63% | 11.6 MB/s | 00:04:29 left
[K2.42 GB/5.54 GB | ==============                    43.64% | 11.6 MB/s | 00:04:29 left
[K2.42 GB/5.54 GB | ==============                    43.66% | 11.6 MB/s | 00:04:29 left
[K2.42 GB/5.54 GB | ==============                    43.68% | 11.6 MB/s | 00:04:29 left
[K2.42 GB/5.54 GB | ==============                    43.70% | 11.6 MB/s | 00:04:29 left
[K2.42 GB/5.54 GB | ==============                    43.72% | 11.6 MB/s | 00:04:29 left
[K2.43 GB/5.54 GB | ==============                    43.74% | 11.6 MB/s | 00:04:29 left
[K2.43 GB/5.54 GB | ==============                    43.75% | 11.6 MB/s | 00:04:29 left
[K2.43 GB/5.54 GB | ==============                    43.77% | 11.3 MB/s | 00:04:36 left
[K2.43 GB/5.54 GB | ==============                    43.79% | 11.3 MB/s | 00:04:36 left
[K2.43 GB/5.54 GB | ==============                    43.81% | 11.3 MB/s | 00:04:36 left
[K2.43 GB/5.54 GB | ==============                    43.83% | 11.3 MB/s | 00:04:36 left
[K2.43 GB/5.54 GB | ==============                    43.85% | 11.3 MB/s | 00:04:36 left
[K2.43 GB/5.54 GB | ==============                    43.87% | 11.3 MB/s | 00:04:36 left
[K2.43 GB/5.54 GB | ==============                    43.89% | 11.3 MB/s | 00:04:36 left
[K2.43 GB/5.54 GB | ==============                    43.91% | 11.3 MB/s | 00:04:36 left
[K2.44 GB/5.54 GB | ==============                    43.93% | 11.3 MB/s | 00:04:36 left
[K2.44 GB/5.54 GB | ==============                    43.95% | 11.3 MB/s | 00:04:36 left
[K2.44 GB/5.54 GB | ==============                    43.97% | 11.9 MB/s | 00:04:21 left
[K2.44 GB/5.54 GB | ==============                    43.99% | 11.9 MB/s | 00:04:21 left
[K2.44 GB/5.54 GB | ==============                    44.00% | 11.9 MB/s | 00:04:21 left
[K2.44 GB/5.54 GB | ==============                    44.02% | 11.9 MB/s | 00:04:21 left
[K2.44 GB/5.54 GB | ==============                    44.04% | 11.9 MB/s | 00:04:21 left
[K2.44 GB/5.54 GB | ==============                    44.06% | 11.9 MB/s | 00:04:21 left
[K2.44 GB/5.54 GB | ==============                    44.08% | 11.9 MB/s | 00:04:21 left
[K2.45 GB/5.54 GB | ==============                    44.10% | 11.9 MB/s | 00:04:21 left
[K2.45 GB/5.54 GB | ==============                    44.12% | 11.9 MB/s | 00:04:21 left
[K2.45 GB/5.54 GB | ==============                    44.14% | 11.9 MB/s | 00:04:21 left
[K2.45 GB/5.54 GB | ==============                    44.16% | 11.6 MB/s | 00:04:27 left
[K2.45 GB/5.54 GB | ==============                    44.18% | 11.6 MB/s | 00:04:27 left
[K2.45 GB/5.54 GB | ==============                    44.20% | 11.6 MB/s | 00:04:27 left
[K2.45 GB/5.54 GB | ==============                    44.22% | 11.6 MB/s | 00:04:27 left
[K2.45 GB/5.54 GB | ==============                    44.24% | 11.6 MB/s | 00:04:27 left
[K2.45 GB/5.54 GB | ==============                    44.26% | 11.6 MB/s | 00:04:27 left
[K2.46 GB/5.54 GB | ==============                    44.28% | 11.6 MB/s | 00:04:27 left
[K2.46 GB/5.54 GB | ==============                    44.30% | 11.6 MB/s | 00:04:27 left
[K2.46 GB/5.54 GB | ==============                    44.32% | 11.6 MB/s | 00:04:27 left
[K2.46 GB/5.54 GB | ==============                    44.33% | 11.6 MB/s | 00:04:27 left
[K2.46 GB/5.54 GB | ==============                    44.35% | 11.6 MB/s | 00:04:27 left
[K2.46 GB/5.54 GB | ==============                    44.37% | 11.6 MB/s | 00:04:27 left
[K2.46 GB/5.54 GB | ==============                    44.39% | 11.6 MB/s | 00:04:27 left
[K2.46 GB/5.54 GB | ==============                    44.41% | 11.6 MB/s | 00:04:27 left
[K2.46 GB/5.54 GB | ==============                    44.43% | 11.6 MB/s | 00:04:27 left
[K2.46 GB/5.54 GB | ==============                    44.45% | 11.6 MB/s | 00:04:27 left
[K2.47 GB/5.54 GB | ==============                    44.47% | 11.6 MB/s | 00:04:27 left
[K2.47 GB/5.54 GB | ==============                    44.49% | 11.6 MB/s | 00:04:27 left
[K2.47 GB/5.54 GB | ==============                    44.51% | 11.6 MB/s | 00:04:27 left
[K2.47 GB/5.54 GB | ==============                    44.53% | 11.6 MB/s | 00:04:27 left
[K2.47 GB/5.54 GB | ==============                    44.55% | 11.6 MB/s | 00:04:27 left
[K2.47 GB/5.54 GB | ==============                    44.57% | 11.6 MB/s | 00:04:27 left
[K2.47 GB/5.54 GB | ==============                    44.59% | 11.8 MB/s | 00:04:20 left
[K2.47 GB/5.54 GB | ==============                    44.61% | 11.8 MB/s | 00:04:20 left
[K2.47 GB/5.54 GB | ==============                    44.63% | 11.8 MB/s | 00:04:20 left
[K2.48 GB/5.54 GB | ==============                    44.65% | 11.8 MB/s | 00:04:20 left
[K2.48 GB/5.54 GB | ==============                    44.66% | 11.8 MB/s | 00:04:20 left
[K2.48 GB/5.54 GB | ==============                    44.67% | 11.8 MB/s | 00:04:20 left
[K2.48 GB/5.54 GB | ==============                    44.67% | 11.8 MB/s | 00:04:20 left
[K2.48 GB/5.54 GB | ==============                    44.68% | 11.8 MB/s | 00:04:20 left
[K2.48 GB/5.54 GB | ==============                    44.69% | 11.8 MB/s | 00:04:20 left
[K2.48 GB/5.54 GB | ==============                    44.71% | 11.8 MB/s | 00:04:20 left
[K2.48 GB/5.54 GB | ==============                    44.72% | 7.9 MB/s | 00:06:30 left
[K2.48 GB/5.54 GB | ==============                    44.74% | 7.9 MB/s | 00:06:30 left
[K2.48 GB/5.54 GB | ==============                    44.76% | 7.9 MB/s | 00:06:30 left
[K2.48 GB/5.54 GB | ==============                    44.78% | 7.9 MB/s | 00:06:30 left
[K2.48 GB/5.54 GB | ==============                    44.80% | 7.9 MB/s | 00:06:30 left
[K2.48 GB/5.54 GB | ==============                    44.82% | 7.9 MB/s | 00:06:30 left
[K2.49 GB/5.54 GB | ==============                    44.83% | 7.9 MB/s | 00:06:30 left
[K2.49 GB/5.54 GB | ==============                    44.85% | 7.9 MB/s | 00:06:30 left
[K2.49 GB/5.54 GB | ==============                    44.87% | 7.9 MB/s | 00:06:30 left
[K2.49 GB/5.54 GB | ==============                    44.89% | 7.9 MB/s | 00:06:30 left
[K2.49 GB/5.54 GB | ==============                    44.91% | 11.3 MB/s | 00:04:29 left
[K2.49 GB/5.54 GB | ==============                    44.93% | 11.3 MB/s | 00:04:29 left
[K2.49 GB/5.54 GB | ==============                    44.95% | 11.3 MB/s | 00:04:29 left
[K2.49 GB/5.54 GB | ==============                    44.97% | 11.3 MB/s | 00:04:29 left
[K2.49 GB/5.54 GB | ==============                    44.99% | 11.3 MB/s | 00:04:29 left
[K2.50 GB/5.54 GB | ==============                    45.01% | 11.3 MB/s | 00:04:29 left
[K2.50 GB/5.54 GB | ==============                    45.03% | 11.3 MB/s | 00:04:29 left
[K2.50 GB/5.54 GB | ==============                    45.04% | 11.3 MB/s | 00:04:29 left
[K2.50 GB/5.54 GB | ==============                    45.06% | 11.3 MB/s | 00:04:29 left
[K2.50 GB/5.54 GB | ==============                    45.08% | 11.3 MB/s | 00:04:29 left
[K2.50 GB/5.54 GB | ==============                    45.10% | 11.3 MB/s | 00:04:29 left
[K2.50 GB/5.54 GB | ==============                    45.12% | 11.3 MB/s | 00:04:29 left
[K2.50 GB/5.54 GB | ==============                    45.13% | 11.3 MB/s | 00:04:29 left
[K2.50 GB/5.54 GB | ==============                    45.15% | 11.3 MB/s | 00:04:29 left
[K2.50 GB/5.54 GB | ==============                    45.17% | 11.3 MB/s | 00:04:29 left
[K2.51 GB/5.54 GB | ==============                    45.18% | 11.3 MB/s | 00:04:29 left
[K2.51 GB/5.54 GB | ==============                    45.20% | 11.3 MB/s | 00:04:29 left
[K2.51 GB/5.54 GB | ==============                    45.22% | 11.3 MB/s | 00:04:29 left
[K2.51 GB/5.54 GB | ==============                    45.24% | 11.3 MB/s | 00:04:29 left
[K2.51 GB/5.54 GB | ==============                    45.26% | 11.3 MB/s | 00:04:29 left
[K2.51 GB/5.54 GB | ==============                    45.28% | 10.5 MB/s | 00:04:48 left
[K2.51 GB/5.54 GB | ==============                    45.29% | 10.5 MB/s | 00:04:48 left
[K2.51 GB/5.54 GB | ==============                    45.31% | 10.5 MB/s | 00:04:48 left
[K2.51 GB/5.54 GB | ==============                    45.33% | 10.5 MB/s | 00:04:48 left
[K2.51 GB/5.54 GB | ==============                    45.34% | 10.5 MB/s | 00:04:48 left
[K2.52 GB/5.54 GB | ==============                    45.36% | 10.5 MB/s | 00:04:48 left
[K2.52 GB/5.54 GB | ==============                    45.37% | 10.5 MB/s | 00:04:48 left
[K2.52 GB/5.54 GB | ==============                    45.39% | 10.5 MB/s | 00:04:48 left
[K2.52 GB/5.54 GB | ==============                    45.41% | 10.5 MB/s | 00:04:48 left
[K2.52 GB/5.54 GB | ==============                    45.42% | 10.5 MB/s | 00:04:48 left
[K2.52 GB/5.54 GB | ==============                    45.44% | 9.8 MB/s | 00:05:09 left
[K2.52 GB/5.54 GB | ===============                   45.46% | 9.8 MB/s | 00:05:09 left
[K2.52 GB/5.54 GB | ===============                   45.47% | 9.8 MB/s | 00:05:09 left
[K2.52 GB/5.54 GB | ===============                   45.49% | 9.8 MB/s | 00:05:09 left
[K2.52 GB/5.54 GB | ===============                   45.51% | 9.8 MB/s | 00:05:09 left
[K2.52 GB/5.54 GB | ===============                   45.53% | 9.8 MB/s | 00:05:09 left
[K2.53 GB/5.54 GB | ===============                   45.54% | 9.8 MB/s | 00:05:09 left
[K2.53 GB/5.54 GB | ===============                   45.56% | 9.8 MB/s | 00:05:09 left
[K2.53 GB/5.54 GB | ===============                   45.57% | 9.8 MB/s | 00:05:09 left
[K2.53 GB/5.54 GB | ===============                   45.59% | 9.8 MB/s | 00:05:09 left
[K2.53 GB/5.54 GB | ===============                   45.61% | 10.1 MB/s | 00:04:58 left
[K2.53 GB/5.54 GB | ===============                   45.62% | 10.1 MB/s | 00:04:58 left
[K2.53 GB/5.54 GB | ===============                   45.64% | 10.1 MB/s | 00:04:58 left
[K2.53 GB/5.54 GB | ===============                   45.66% | 10.1 MB/s | 00:04:58 left
[K2.53 GB/5.54 GB | ===============                   45.68% | 10.1 MB/s | 00:04:58 left
[K2.53 GB/5.54 GB | ===============                   45.70% | 10.1 MB/s | 00:04:58 left
[K2.53 GB/5.54 GB | ===============                   45.71% | 10.1 MB/s | 00:04:58 left
[K2.54 GB/5.54 GB | ===============                   45.73% | 10.1 MB/s | 00:04:58 left
[K2.54 GB/5.54 GB | ===============                   45.74% | 10.1 MB/s | 00:04:58 left
[K2.54 GB/5.54 GB | ===============                   45.75% | 10.1 MB/s | 00:04:58 left
[K2.54 GB/5.54 GB | ===============                   45.77% | 9.8 MB/s | 00:05:07 left
[K2.54 GB/5.54 GB | ===============                   45.79% | 9.8 MB/s | 00:05:07 left
[K2.54 GB/5.54 GB | ===============                   45.80% | 9.8 MB/s | 00:05:07 left
[K2.54 GB/5.54 GB | ===============                   45.82% | 9.8 MB/s | 00:05:07 left
[K2.54 GB/5.54 GB | ===============                   45.84% | 9.8 MB/s | 00:05:07 left
[K2.54 GB/5.54 GB | ===============                   45.86% | 9.8 MB/s | 00:05:07 left
[K2.54 GB/5.54 GB | ===============                   45.88% | 9.8 MB/s | 00:05:07 left
[K2.55 GB/5.54 GB | ===============                   45.90% | 9.8 MB/s | 00:05:07 left
[K2.55 GB/5.54 GB | ===============                   45.92% | 9.8 MB/s | 00:05:07 left
[K2.55 GB/5.54 GB | ===============                   45.94% | 9.8 MB/s | 00:05:07 left
[K2.55 GB/5.54 GB | ===============                   45.96% | 9.8 MB/s | 00:05:07 left
[K2.55 GB/5.54 GB | ===============                   45.98% | 11.4 MB/s | 00:04:23 left
[K2.55 GB/5.54 GB | ===============                   45.99% | 11.4 MB/s | 00:04:23 left
[K2.55 GB/5.54 GB | ===============                   46.01% | 11.4 MB/s | 00:04:23 left
[K2.55 GB/5.54 GB | ===============                   46.03% | 11.4 MB/s | 00:04:23 left
[K2.55 GB/5.54 GB | ===============                   46.05% | 11.4 MB/s | 00:04:23 left
[K2.55 GB/5.54 GB | ===============                   46.07% | 11.4 MB/s | 00:04:23 left
[K2.56 GB/5.54 GB | ===============                   46.08% | 11.4 MB/s | 00:04:23 left
[K2.56 GB/5.54 GB | ===============                   46.10% | 11.4 MB/s | 00:04:23 left
[K2.56 GB/5.54 GB | ===============                   46.12% | 11.4 MB/s | 00:04:23 left
[K2.56 GB/5.54 GB | ===============                   46.14% | 11.4 MB/s | 00:04:23 left
[K2.56 GB/5.54 GB | ===============                   46.16% | 10.8 MB/s | 00:04:37 left
[K2.56 GB/5.54 GB | ===============                   46.18% | 10.8 MB/s | 00:04:37 left
[K2.56 GB/5.54 GB | ===============                   46.19% | 10.8 MB/s | 00:04:37 left
[K2.56 GB/5.54 GB | ===============                   46.20% | 10.8 MB/s | 00:04:37 left
[K2.56 GB/5.54 GB | ===============                   46.20% | 10.8 MB/s | 00:04:37 left
[K2.56 GB/5.54 GB | ===============                   46.21% | 10.8 MB/s | 00:04:37 left
[K2.56 GB/5.54 GB | ===============                   46.22% | 10.8 MB/s | 00:04:37 left
[K2.56 GB/5.54 GB | ===============                   46.24% | 10.8 MB/s | 00:04:37 left
[K2.56 GB/5.54 GB | ===============                   46.25% | 10.8 MB/s | 00:04:37 left
[K2.57 GB/5.54 GB | ===============                   46.27% | 10.8 MB/s | 00:04:37 left
[K2.57 GB/5.54 GB | ===============                   46.29% | 7.5 MB/s | 00:06:37 left
[K2.57 GB/5.54 GB | ===============                   46.31% | 7.5 MB/s | 00:06:37 left
[K2.57 GB/5.54 GB | ===============                   46.32% | 7.5 MB/s | 00:06:37 left
[K2.57 GB/5.54 GB | ===============                   46.34% | 7.5 MB/s | 00:06:37 left
[K2.57 GB/5.54 GB | ===============                   46.36% | 7.5 MB/s | 00:06:37 left
[K2.57 GB/5.54 GB | ===============                   46.38% | 7.5 MB/s | 00:06:37 left
[K2.57 GB/5.54 GB | ===============                   46.40% | 7.5 MB/s | 00:06:37 left
[K2.57 GB/5.54 GB | ===============                   46.41% | 7.5 MB/s | 00:06:37 left
[K2.57 GB/5.54 GB | ===============                   46.43% | 7.5 MB/s | 00:06:37 left
[K2.58 GB/5.54 GB | ===============                   46.45% | 7.5 MB/s | 00:06:37 left
[K2.58 GB/5.54 GB | ===============                   46.47% | 11.1 MB/s | 00:04:27 left
[K2.58 GB/5.54 GB | ===============                   46.49% | 11.1 MB/s | 00:04:27 left
[K2.58 GB/5.54 GB | ===============                   46.51% | 11.1 MB/s | 00:04:27 left
[K2.58 GB/5.54 GB | ===============                   46.53% | 11.1 MB/s | 00:04:27 left
[K2.58 GB/5.54 GB | ===============                   46.55% | 11.1 MB/s | 00:04:27 left
[K2.58 GB/5.54 GB | ===============                   46.56% | 11.1 MB/s | 00:04:27 left
[K2.58 GB/5.54 GB | ===============                   46.58% | 11.1 MB/s | 00:04:27 left
[K2.58 GB/5.54 GB | ===============                   46.60% | 11.1 MB/s | 00:04:27 left
[K2.59 GB/5.54 GB | ===============                   46.62% | 11.1 MB/s | 00:04:27 left
[K2.59 GB/5.54 GB | ===============                   46.64% | 11.1 MB/s | 00:04:27 left
[K2.59 GB/5.54 GB | ===============                   46.66% | 11.4 MB/s | 00:04:18 left
[K2.59 GB/5.54 GB | ===============                   46.68% | 11.4 MB/s | 00:04:18 left
[K2.59 GB/5.54 GB | ===============                   46.69% | 11.4 MB/s | 00:04:18 left
[K2.59 GB/5.54 GB | ===============                   46.71% | 11.4 MB/s | 00:04:18 left
[K2.59 GB/5.54 GB | ===============                   46.73% | 11.4 MB/s | 00:04:18 left
[K2.59 GB/5.54 GB | ===============                   46.75% | 11.4 MB/s | 00:04:18 left
[K2.59 GB/5.54 GB | ===============                   46.77% | 11.4 MB/s | 00:04:18 left
[K2.59 GB/5.54 GB | ===============                   46.78% | 11.4 MB/s | 00:04:18 left
[K2.60 GB/5.54 GB | ===============                   46.80% | 11.4 MB/s | 00:04:18 left
[K2.60 GB/5.54 GB | ===============                   46.82% | 11.4 MB/s | 00:04:18 left
[K2.60 GB/5.54 GB | ===============                   46.84% | 11.2 MB/s | 00:04:24 left
[K2.60 GB/5.54 GB | ===============                   46.86% | 11.2 MB/s | 00:04:24 left
[K2.60 GB/5.54 GB | ===============                   46.88% | 11.2 MB/s | 00:04:24 left
[K2.60 GB/5.54 GB | ===============                   46.89% | 11.2 MB/s | 00:04:24 left
[K2.60 GB/5.54 GB | ===============                   46.91% | 11.2 MB/s | 00:04:24 left
[K2.60 GB/5.54 GB | ===============                   46.93% | 11.2 MB/s | 00:04:24 left
[K2.60 GB/5.54 GB | ===============                   46.95% | 11.2 MB/s | 00:04:24 left
[K2.60 GB/5.54 GB | ===============                   46.97% | 11.2 MB/s | 00:04:24 left
[K2.61 GB/5.54 GB | ===============                   46.99% | 11.2 MB/s | 00:04:24 left
[K2.61 GB/5.54 GB | ===============                   47.00% | 11.2 MB/s | 00:04:24 left
[K2.61 GB/5.54 GB | ===============                   47.02% | 11.1 MB/s | 00:04:25 left
[K2.61 GB/5.54 GB | ===============                   47.04% | 11.1 MB/s | 00:04:25 left
[K2.61 GB/5.54 GB | ===============                   47.06% | 11.1 MB/s | 00:04:25 left
[K2.61 GB/5.54 GB | ===============                   47.07% | 11.1 MB/s | 00:04:25 left
[K2.61 GB/5.54 GB | ===============                   47.09% | 11.1 MB/s | 00:04:25 left
[K2.61 GB/5.54 GB | ===============                   47.11% | 11.1 MB/s | 00:04:25 left
[K2.61 GB/5.54 GB | ===============                   47.13% | 11.1 MB/s | 00:04:25 left
[K2.61 GB/5.54 GB | ===============                   47.15% | 11.1 MB/s | 00:04:25 left
[K2.62 GB/5.54 GB | ===============                   47.16% | 11.1 MB/s | 00:04:25 left
[K2.62 GB/5.54 GB | ===============                   47.18% | 11.1 MB/s | 00:04:25 left
[K2.62 GB/5.54 GB | ===============                   47.20% | 10.7 MB/s | 00:04:35 left
[K2.62 GB/5.54 GB | ===============                   47.21% | 10.7 MB/s | 00:04:35 left
[K2.62 GB/5.54 GB | ===============                   47.23% | 10.7 MB/s | 00:04:35 left
[K2.62 GB/5.54 GB | ===============                   47.25% | 10.7 MB/s | 00:04:35 left
[K2.62 GB/5.54 GB | ===============                   47.27% | 10.7 MB/s | 00:04:35 left
[K2.62 GB/5.54 GB | ===============                   47.29% | 10.7 MB/s | 00:04:35 left
[K2.62 GB/5.54 GB | ===============                   47.31% | 10.7 MB/s | 00:04:35 left
[K2.62 GB/5.54 GB | ===============                   47.32% | 10.7 MB/s | 00:04:35 left
[K2.62 GB/5.54 GB | ===============                   47.34% | 10.7 MB/s | 00:04:35 left
[K2.63 GB/5.54 GB | ===============                   47.36% | 10.7 MB/s | 00:04:35 left
[K2.63 GB/5.54 GB | ===============                   47.37% | 10.1 MB/s | 00:04:49 left
[K2.63 GB/5.54 GB | ===============                   47.38% | 10.1 MB/s | 00:04:49 left
[K2.63 GB/5.54 GB | ===============                   47.40% | 10.1 MB/s | 00:04:49 left
[K2.63 GB/5.54 GB | ===============                   47.42% | 10.1 MB/s | 00:04:49 left
[K2.63 GB/5.54 GB | ===============                   47.44% | 10.1 MB/s | 00:04:49 left
[K2.63 GB/5.54 GB | ===============                   47.46% | 10.1 MB/s | 00:04:49 left
[K2.63 GB/5.54 GB | ===============                   47.47% | 10.1 MB/s | 00:04:49 left
[K2.63 GB/5.54 GB | ===============                   47.49% | 10.1 MB/s | 00:04:49 left
[K2.63 GB/5.54 GB | ===============                   47.51% | 10.1 MB/s | 00:04:49 left
[K2.64 GB/5.54 GB | ===============                   47.53% | 10.1 MB/s | 00:04:49 left
[K2.64 GB/5.54 GB | ===============                   47.55% | 10.1 MB/s | 00:04:49 left
[K2.64 GB/5.54 GB | ===============                   47.57% | 11.2 MB/s | 00:04:19 left
[K2.64 GB/5.54 GB | ===============                   47.59% | 11.2 MB/s | 00:04:19 left
[K2.64 GB/5.54 GB | ===============                   47.61% | 11.2 MB/s | 00:04:19 left
[K2.64 GB/5.54 GB | ===============                   47.63% | 11.2 MB/s | 00:04:19 left
[K2.64 GB/5.54 GB | ===============                   47.65% | 11.2 MB/s | 00:04:19 left
[K2.64 GB/5.54 GB | ===============                   47.66% | 11.2 MB/s | 00:04:19 left
[K2.64 GB/5.54 GB | ===============                   47.68% | 11.2 MB/s | 00:04:19 left
[K2.64 GB/5.54 GB | ===============                   47.70% | 11.2 MB/s | 00:04:19 left
[K2.65 GB/5.54 GB | ===============                   47.72% | 11.2 MB/s | 00:04:19 left
[K2.65 GB/5.54 GB | ===============                   47.73% | 11.2 MB/s | 00:04:19 left
[K2.65 GB/5.54 GB | ===============                   47.75% | 10.8 MB/s | 00:04:27 left
[K2.65 GB/5.54 GB | ===============                   47.77% | 10.8 MB/s | 00:04:27 left
[K2.65 GB/5.54 GB | ===============                   47.79% | 10.8 MB/s | 00:04:27 left
[K2.65 GB/5.54 GB | ===============                   47.80% | 10.8 MB/s | 00:04:27 left
[K2.65 GB/5.54 GB | ===============                   47.82% | 10.8 MB/s | 00:04:27 left
[K2.65 GB/5.54 GB | ===============                   47.84% | 10.8 MB/s | 00:04:27 left
[K2.65 GB/5.54 GB | ===============                   47.86% | 10.8 MB/s | 00:04:27 left
[K2.65 GB/5.54 GB | ===============                   47.88% | 10.8 MB/s | 00:04:27 left
[K2.66 GB/5.54 GB | ===============                   47.90% | 10.8 MB/s | 00:04:27 left
[K2.66 GB/5.54 GB | ===============                   47.92% | 10.8 MB/s | 00:04:27 left
[K2.66 GB/5.54 GB | ===============                   47.94% | 11.3 MB/s | 00:04:16 left
[K2.66 GB/5.54 GB | ===============                   47.95% | 11.3 MB/s | 00:04:16 left
[K2.66 GB/5.54 GB | ===============                   47.97% | 11.3 MB/s | 00:04:16 left
[K2.66 GB/5.54 GB | ===============                   47.99% | 11.3 MB/s | 00:04:16 left
[K2.66 GB/5.54 GB | ===============                   48.01% | 11.3 MB/s | 00:04:16 left
[K2.66 GB/5.54 GB | ===============                   48.02% | 11.3 MB/s | 00:04:16 left
[K2.66 GB/5.54 GB | ===============                   48.04% | 11.3 MB/s | 00:04:16 left
[K2.66 GB/5.54 GB | ===============                   48.06% | 11.3 MB/s | 00:04:16 left
[K2.67 GB/5.54 GB | ===============                   48.08% | 11.3 MB/s | 00:04:16 left
[K2.67 GB/5.54 GB | ===============                   48.10% | 11.3 MB/s | 00:04:16 left
[K2.67 GB/5.54 GB | ===============                   48.12% | 11.1 MB/s | 00:04:18 left
[K2.67 GB/5.54 GB | ===============                   48.14% | 11.1 MB/s | 00:04:18 left
[K2.67 GB/5.54 GB | ===============                   48.15% | 11.1 MB/s | 00:04:18 left
[K2.67 GB/5.54 GB | ===============                   48.17% | 11.1 MB/s | 00:04:18 left
[K2.67 GB/5.54 GB | ===============                   48.19% | 11.1 MB/s | 00:04:18 left
[K2.67 GB/5.54 GB | ===============                   48.21% | 11.1 MB/s | 00:04:18 left
[K2.67 GB/5.54 GB | ===============                   48.23% | 11.1 MB/s | 00:04:18 left
[K2.67 GB/5.54 GB | ===============                   48.24% | 11.1 MB/s | 00:04:18 left
[K2.68 GB/5.54 GB | ===============                   48.26% | 11.1 MB/s | 00:04:18 left
[K2.68 GB/5.54 GB | ===============                   48.28% | 11.1 MB/s | 00:04:18 left
[K2.68 GB/5.54 GB | ===============                   48.30% | 11.0 MB/s | 00:04:21 left
[K2.68 GB/5.54 GB | ===============                   48.32% | 11.0 MB/s | 00:04:21 left
[K2.68 GB/5.54 GB | ===============                   48.33% | 11.0 MB/s | 00:04:21 left
[K2.68 GB/5.54 GB | ===============                   48.35% | 11.0 MB/s | 00:04:21 left
[K2.68 GB/5.54 GB | ===============                   48.37% | 11.0 MB/s | 00:04:21 left
[K2.68 GB/5.54 GB | ===============                   48.39% | 11.0 MB/s | 00:04:21 left
[K2.68 GB/5.54 GB | ===============                   48.40% | 11.0 MB/s | 00:04:21 left
[K2.68 GB/5.54 GB | ===============                   48.42% | 11.0 MB/s | 00:04:21 left
[K2.69 GB/5.54 GB | ===============                   48.44% | 11.0 MB/s | 00:04:21 left
[K2.69 GB/5.54 GB | ===============                   48.45% | 11.0 MB/s | 00:04:21 left
[K2.69 GB/5.54 GB | ===============                   48.47% | 10.6 MB/s | 00:04:30 left
[K2.69 GB/5.54 GB | ================                  48.49% | 10.6 MB/s | 00:04:30 left
[K2.69 GB/5.54 GB | ================                  48.51% | 10.6 MB/s | 00:04:30 left
[K2.69 GB/5.54 GB | ================                  48.53% | 10.6 MB/s | 00:04:30 left
[K2.69 GB/5.54 GB | ================                  48.54% | 10.6 MB/s | 00:04:30 left
[K2.69 GB/5.54 GB | ================                  48.56% | 10.6 MB/s | 00:04:30 left
[K2.69 GB/5.54 GB | ================                  48.58% | 10.6 MB/s | 00:04:30 left
[K2.69 GB/5.54 GB | ================                  48.60% | 10.6 MB/s | 00:04:30 left
[K2.70 GB/5.54 GB | ================                  48.61% | 10.6 MB/s | 00:04:30 left
[K2.70 GB/5.54 GB | ================                  48.63% | 10.6 MB/s | 00:04:30 left
[K2.70 GB/5.54 GB | ================                  48.65% | 10.7 MB/s | 00:04:25 left
[K2.70 GB/5.54 GB | ================                  48.67% | 10.7 MB/s | 00:04:25 left
[K2.70 GB/5.54 GB | ================                  48.68% | 10.7 MB/s | 00:04:25 left
[K2.70 GB/5.54 GB | ================                  48.70% | 10.7 MB/s | 00:04:25 left
[K2.70 GB/5.54 GB | ================                  48.72% | 10.7 MB/s | 00:04:25 left
[K2.70 GB/5.54 GB | ================                  48.74% | 10.7 MB/s | 00:04:25 left
[K2.70 GB/5.54 GB | ================                  48.75% | 10.7 MB/s | 00:04:25 left
[K2.70 GB/5.54 GB | ================                  48.77% | 10.7 MB/s | 00:04:25 left
[K2.71 GB/5.54 GB | ================                  48.79% | 10.7 MB/s | 00:04:25 left
[K2.71 GB/5.54 GB | ================                  48.81% | 10.7 MB/s | 00:04:25 left
[K2.71 GB/5.54 GB | ================                  48.83% | 11.1 MB/s | 00:04:16 left
[K2.71 GB/5.54 GB | ================                  48.85% | 11.1 MB/s | 00:04:16 left
[K2.71 GB/5.54 GB | ================                  48.86% | 11.1 MB/s | 00:04:16 left
[K2.71 GB/5.54 GB | ================                  48.88% | 11.1 MB/s | 00:04:16 left
[K2.71 GB/5.54 GB | ================                  48.90% | 11.1 MB/s | 00:04:16 left
[K2.71 GB/5.54 GB | ================                  48.92% | 11.1 MB/s | 00:04:16 left
[K2.71 GB/5.54 GB | ================                  48.93% | 11.1 MB/s | 00:04:16 left
[K2.71 GB/5.54 GB | ================                  48.95% | 11.1 MB/s | 00:04:16 left
[K2.71 GB/5.54 GB | ================                  48.96% | 11.1 MB/s | 00:04:16 left
[K2.72 GB/5.54 GB | ================                  48.98% | 11.1 MB/s | 00:04:16 left
[K2.72 GB/5.54 GB | ================                  49.00% | 10.2 MB/s | 00:04:37 left
[K2.72 GB/5.54 GB | ================                  49.02% | 10.2 MB/s | 00:04:37 left
[K2.72 GB/5.54 GB | ================                  49.03% | 10.2 MB/s | 00:04:37 left
[K2.72 GB/5.54 GB | ================                  49.05% | 10.2 MB/s | 00:04:37 left
[K2.72 GB/5.54 GB | ================                  49.07% | 10.2 MB/s | 00:04:37 left
[K2.72 GB/5.54 GB | ================                  49.09% | 10.2 MB/s | 00:04:37 left
[K2.72 GB/5.54 GB | ================                  49.11% | 10.2 MB/s | 00:04:37 left
[K2.72 GB/5.54 GB | ================                  49.12% | 10.2 MB/s | 00:04:37 left
[K2.72 GB/5.54 GB | ================                  49.14% | 10.2 MB/s | 00:04:37 left
[K2.73 GB/5.54 GB | ================                  49.16% | 10.2 MB/s | 00:04:37 left
[K2.73 GB/5.54 GB | ================                  49.18% | 10.8 MB/s | 00:04:22 left
[K2.73 GB/5.54 GB | ================                  49.19% | 10.8 MB/s | 00:04:22 left
[K2.73 GB/5.54 GB | ================                  49.21% | 10.8 MB/s | 00:04:22 left
[K2.73 GB/5.54 GB | ================                  49.23% | 10.8 MB/s | 00:04:22 left
[K2.73 GB/5.54 GB | ================                  49.24% | 10.8 MB/s | 00:04:22 left
[K2.73 GB/5.54 GB | ================                  49.26% | 10.8 MB/s | 00:04:22 left
[K2.73 GB/5.54 GB | ================                  49.28% | 10.8 MB/s | 00:04:22 left
[K2.73 GB/5.54 GB | ================                  49.30% | 10.8 MB/s | 00:04:22 left
[K2.73 GB/5.54 GB | ================                  49.32% | 10.8 MB/s | 00:04:22 left
[K2.74 GB/5.54 GB | ================                  49.33% | 10.8 MB/s | 00:04:22 left
[K2.74 GB/5.54 GB | ================                  49.35% | 10.5 MB/s | 00:04:26 left
[K2.74 GB/5.54 GB | ================                  49.37% | 10.5 MB/s | 00:04:26 left
[K2.74 GB/5.54 GB | ================                  49.38% | 10.5 MB/s | 00:04:26 left
[K2.74 GB/5.54 GB | ================                  49.40% | 10.5 MB/s | 00:04:26 left
[K2.74 GB/5.54 GB | ================                  49.42% | 10.5 MB/s | 00:04:26 left
[K2.74 GB/5.54 GB | ================                  49.44% | 10.5 MB/s | 00:04:26 left
[K2.74 GB/5.54 GB | ================                  49.45% | 10.5 MB/s | 00:04:26 left
[K2.74 GB/5.54 GB | ================                  49.47% | 10.5 MB/s | 00:04:26 left
[K2.74 GB/5.54 GB | ================                  49.49% | 10.5 MB/s | 00:04:26 left
[K2.74 GB/5.54 GB | ================                  49.51% | 10.5 MB/s | 00:04:26 left
[K2.75 GB/5.54 GB | ================                  49.52% | 10.3 MB/s | 00:04:31 left
[K2.75 GB/5.54 GB | ================                  49.54% | 10.3 MB/s | 00:04:31 left
[K2.75 GB/5.54 GB | ================                  49.55% | 10.3 MB/s | 00:04:31 left
[K2.75 GB/5.54 GB | ================                  49.57% | 10.3 MB/s | 00:04:31 left
[K2.75 GB/5.54 GB | ================                  49.59% | 10.3 MB/s | 00:04:31 left
[K2.75 GB/5.54 GB | ================                  49.60% | 10.3 MB/s | 00:04:31 left
[K2.75 GB/5.54 GB | ================                  49.62% | 10.3 MB/s | 00:04:31 left
[K2.75 GB/5.54 GB | ================                  49.64% | 10.3 MB/s | 00:04:31 left
[K2.75 GB/5.54 GB | ================                  49.65% | 10.3 MB/s | 00:04:31 left
[K2.75 GB/5.54 GB | ================                  49.67% | 10.3 MB/s | 00:04:31 left
[K2.76 GB/5.54 GB | ================                  49.69% | 10.4 MB/s | 00:04:28 left
[K2.76 GB/5.54 GB | ================                  49.71% | 10.4 MB/s | 00:04:28 left
[K2.76 GB/5.54 GB | ================                  49.73% | 10.4 MB/s | 00:04:28 left
[K2.76 GB/5.54 GB | ================                  49.74% | 10.4 MB/s | 00:04:28 left
[K2.76 GB/5.54 GB | ================                  49.76% | 10.4 MB/s | 00:04:28 left
[K2.76 GB/5.54 GB | ================                  49.78% | 10.4 MB/s | 00:04:28 left
[K2.76 GB/5.54 GB | ================                  49.79% | 10.4 MB/s | 00:04:28 left
[K2.76 GB/5.54 GB | ================                  49.81% | 10.4 MB/s | 00:04:28 left
[K2.76 GB/5.54 GB | ================                  49.83% | 10.4 MB/s | 00:04:28 left
[K2.76 GB/5.54 GB | ================                  49.84% | 10.4 MB/s | 00:04:28 left
[K2.76 GB/5.54 GB | ================                  49.86% | 10.4 MB/s | 00:04:27 left
[K2.77 GB/5.54 GB | ================                  49.88% | 10.4 MB/s | 00:04:27 left
[K2.77 GB/5.54 GB | ================                  49.89% | 10.4 MB/s | 00:04:27 left
[K2.77 GB/5.54 GB | ================                  49.91% | 10.4 MB/s | 00:04:27 left
[K2.77 GB/5.54 GB | ================                  49.93% | 10.4 MB/s | 00:04:27 left
[K2.77 GB/5.54 GB | ================                  49.95% | 10.4 MB/s | 00:04:27 left
[K2.77 GB/5.54 GB | ================                  49.96% | 10.4 MB/s | 00:04:27 left
[K2.77 GB/5.54 GB | ================                  49.98% | 10.4 MB/s | 00:04:27 left
[K2.77 GB/5.54 GB | ================                  50.00% | 10.4 MB/s | 00:04:27 left
[K2.77 GB/5.54 GB | ================                  50.02% | 10.4 MB/s | 00:04:27 left
[K2.77 GB/5.54 GB | ================                  50.04% | 11.1 MB/s | 00:04:10 left
[K2.78 GB/5.54 GB | ================                  50.06% | 11.1 MB/s | 00:04:10 left
[K2.78 GB/5.54 GB | ================                  50.08% | 11.1 MB/s | 00:04:10 left
[K2.78 GB/5.54 GB | ================                  50.09% | 11.1 MB/s | 00:04:10 left
[K2.78 GB/5.54 GB | ================                  50.11% | 11.1 MB/s | 00:04:10 left
[K2.78 GB/5.54 GB | ================                  50.13% | 11.1 MB/s | 00:04:10 left
[K2.78 GB/5.54 GB | ================                  50.14% | 11.1 MB/s | 00:04:10 left
[K2.78 GB/5.54 GB | ================                  50.16% | 11.1 MB/s | 00:04:10 left
[K2.78 GB/5.54 GB | ================                  50.18% | 11.1 MB/s | 00:04:10 left
[K2.78 GB/5.54 GB | ================                  50.20% | 11.1 MB/s | 00:04:10 left
[K2.78 GB/5.54 GB | ================                  50.21% | 10.6 MB/s | 00:04:21 left
[K2.79 GB/5.54 GB | ================                  50.23% | 10.6 MB/s | 00:04:21 left
[K2.79 GB/5.54 GB | ================                  50.25% | 10.6 MB/s | 00:04:21 left
[K2.79 GB/5.54 GB | ================                  50.26% | 10.6 MB/s | 00:04:21 left
[K2.79 GB/5.54 GB | ================                  50.28% | 10.6 MB/s | 00:04:21 left
[K2.79 GB/5.54 GB | ================                  50.30% | 10.6 MB/s | 00:04:21 left
[K2.79 GB/5.54 GB | ================                  50.32% | 10.6 MB/s | 00:04:21 left
[K2.79 GB/5.54 GB | ================                  50.33% | 10.6 MB/s | 00:04:21 left
[K2.79 GB/5.54 GB | ================                  50.35% | 10.6 MB/s | 00:04:21 left
[K2.79 GB/5.54 GB | ================                  50.37% | 10.6 MB/s | 00:04:21 left
[K2.79 GB/5.54 GB | ================                  50.39% | 10.7 MB/s | 00:04:16 left
[K2.79 GB/5.54 GB | ================                  50.40% | 10.7 MB/s | 00:04:16 left
[K2.80 GB/5.54 GB | ================                  50.42% | 10.7 MB/s | 00:04:16 left
[K2.80 GB/5.54 GB | ================                  50.44% | 10.7 MB/s | 00:04:16 left
[K2.80 GB/5.54 GB | ================                  50.46% | 10.7 MB/s | 00:04:16 left
[K2.80 GB/5.54 GB | ================                  50.47% | 10.7 MB/s | 00:04:16 left
[K2.80 GB/5.54 GB | ================                  50.49% | 10.7 MB/s | 00:04:16 left
[K2.80 GB/5.54 GB | ================                  50.51% | 10.7 MB/s | 00:04:16 left
[K2.80 GB/5.54 GB | ================                  50.53% | 10.7 MB/s | 00:04:16 left
[K2.80 GB/5.54 GB | ================                  50.55% | 10.7 MB/s | 00:04:16 left
[K2.80 GB/5.54 GB | ================                  50.56% | 10.7 MB/s | 00:04:17 left
[K2.80 GB/5.54 GB | ================                  50.58% | 10.7 MB/s | 00:04:17 left
[K2.81 GB/5.54 GB | ================                  50.60% | 10.7 MB/s | 00:04:17 left
[K2.81 GB/5.54 GB | ================                  50.62% | 10.7 MB/s | 00:04:17 left
[K2.81 GB/5.54 GB | ================                  50.63% | 10.7 MB/s | 00:04:17 left
[K2.81 GB/5.54 GB | ================                  50.65% | 10.7 MB/s | 00:04:17 left
[K2.81 GB/5.54 GB | ================                  50.67% | 10.7 MB/s | 00:04:17 left
[K2.81 GB/5.54 GB | ================                  50.68% | 10.7 MB/s | 00:04:17 left
[K2.81 GB/5.54 GB | ================                  50.70% | 10.7 MB/s | 00:04:17 left
[K2.81 GB/5.54 GB | ================                  50.72% | 10.7 MB/s | 00:04:17 left
[K2.81 GB/5.54 GB | ================                  50.74% | 10.4 MB/s | 00:04:23 left
[K2.81 GB/5.54 GB | ================                  50.75% | 10.4 MB/s | 00:04:23 left
[K2.82 GB/5.54 GB | ================                  50.77% | 10.4 MB/s | 00:04:23 left
[K2.82 GB/5.54 GB | ================                  50.79% | 10.4 MB/s | 00:04:23 left
[K2.82 GB/5.54 GB | ================                  50.81% | 10.4 MB/s | 00:04:23 left
[K2.82 GB/5.54 GB | ================                  50.83% | 10.4 MB/s | 00:04:23 left
[K2.82 GB/5.54 GB | ================                  50.84% | 10.4 MB/s | 00:04:23 left
[K2.82 GB/5.54 GB | ================                  50.86% | 10.4 MB/s | 00:04:23 left
[K2.82 GB/5.54 GB | ================                  50.87% | 10.4 MB/s | 00:04:23 left
[K2.82 GB/5.54 GB | ================                  50.89% | 10.4 MB/s | 00:04:23 left
[K2.82 GB/5.54 GB | ================                  50.91% | 10.1 MB/s | 00:04:29 left
[K2.82 GB/5.54 GB | ================                  50.92% | 10.1 MB/s | 00:04:29 left
[K2.82 GB/5.54 GB | ================                  50.94% | 10.1 MB/s | 00:04:29 left
[K2.83 GB/5.54 GB | ================                  50.95% | 10.1 MB/s | 00:04:29 left
[K2.83 GB/5.54 GB | ================                  50.97% | 10.1 MB/s | 00:04:29 left
[K2.83 GB/5.54 GB | ================                  50.99% | 10.1 MB/s | 00:04:29 left
[K2.83 GB/5.54 GB | ================                  51.00% | 10.1 MB/s | 00:04:29 left
[K2.83 GB/5.54 GB | ================                  51.02% | 10.1 MB/s | 00:04:29 left
[K2.83 GB/5.54 GB | ================                  51.04% | 10.1 MB/s | 00:04:29 left
[K2.83 GB/5.54 GB | ================                  51.05% | 10.1 MB/s | 00:04:29 left
[K2.83 GB/5.54 GB | ================                  51.07% | 10.1 MB/s | 00:04:29 left
[K2.83 GB/5.54 GB | ================                  51.09% | 9.7 MB/s | 00:04:39 left
[K2.83 GB/5.54 GB | ================                  51.10% | 9.7 MB/s | 00:04:39 left
[K2.83 GB/5.54 GB | ================                  51.11% | 9.7 MB/s | 00:04:39 left
[K2.83 GB/5.54 GB | ================                  51.12% | 9.7 MB/s | 00:04:39 left
[K2.84 GB/5.54 GB | ================                  51.14% | 9.7 MB/s | 00:04:39 left
[K2.84 GB/5.54 GB | ================                  51.16% | 9.7 MB/s | 00:04:39 left
[K2.84 GB/5.54 GB | ================                  51.17% | 9.7 MB/s | 00:04:39 left
[K2.84 GB/5.54 GB | ================                  51.19% | 9.7 MB/s | 00:04:39 left
[K2.84 GB/5.54 GB | ================                  51.21% | 9.7 MB/s | 00:04:39 left
[K2.84 GB/5.54 GB | ================                  51.22% | 9.7 MB/s | 00:04:39 left
[K2.84 GB/5.54 GB | ================                  51.24% | 10.3 MB/s | 00:04:22 left
[K2.84 GB/5.54 GB | ================                  51.26% | 10.3 MB/s | 00:04:22 left
[K2.84 GB/5.54 GB | ================                  51.27% | 10.3 MB/s | 00:04:22 left
[K2.84 GB/5.54 GB | ================                  51.29% | 10.3 MB/s | 00:04:22 left
[K2.84 GB/5.54 GB | ================                  51.31% | 10.3 MB/s | 00:04:22 left
[K2.85 GB/5.54 GB | ================                  51.32% | 10.3 MB/s | 00:04:22 left
[K2.85 GB/5.54 GB | ================                  51.34% | 10.3 MB/s | 00:04:22 left
[K2.85 GB/5.54 GB | ================                  51.36% | 10.3 MB/s | 00:04:22 left
[K2.85 GB/5.54 GB | ================                  51.37% | 10.3 MB/s | 00:04:22 left
[K2.85 GB/5.54 GB | ================                  51.39% | 10.3 MB/s | 00:04:22 left
[K2.85 GB/5.54 GB | ================                  51.41% | 10.1 MB/s | 00:04:25 left
[K2.85 GB/5.54 GB | ================                  51.42% | 10.1 MB/s | 00:04:25 left
[K2.85 GB/5.54 GB | ================                  51.44% | 10.1 MB/s | 00:04:25 left
[K2.85 GB/5.54 GB | ================                  51.46% | 10.1 MB/s | 00:04:25 left
[K2.85 GB/5.54 GB | ================                  51.48% | 10.1 MB/s | 00:04:25 left
[K2.86 GB/5.54 GB | ================                  51.49% | 10.1 MB/s | 00:04:25 left
[K2.86 GB/5.54 GB | ================                  51.51% | 10.1 MB/s | 00:04:25 left
[K2.86 GB/5.54 GB | =================                 51.52% | 10.1 MB/s | 00:04:25 left
[K2.86 GB/5.54 GB | =================                 51.54% | 10.1 MB/s | 00:04:25 left
[K2.86 GB/5.54 GB | =================                 51.55% | 10.1 MB/s | 00:04:25 left
[K2.86 GB/5.54 GB | =================                 51.57% | 9.6 MB/s | 00:04:39 left
[K2.86 GB/5.54 GB | =================                 51.59% | 9.6 MB/s | 00:04:39 left
[K2.86 GB/5.54 GB | =================                 51.60% | 9.6 MB/s | 00:04:39 left
[K2.86 GB/5.54 GB | =================                 51.61% | 9.6 MB/s | 00:04:39 left
[K2.86 GB/5.54 GB | =================                 51.63% | 9.6 MB/s | 00:04:39 left
[K2.86 GB/5.54 GB | =================                 51.64% | 9.6 MB/s | 00:04:39 left
[K2.86 GB/5.54 GB | =================                 51.66% | 9.6 MB/s | 00:04:39 left
[K2.87 GB/5.54 GB | =================                 51.67% | 9.6 MB/s | 00:04:39 left
[K2.87 GB/5.54 GB | =================                 51.69% | 9.6 MB/s | 00:04:39 left
[K2.87 GB/5.54 GB | =================                 51.70% | 9.6 MB/s | 00:04:39 left
[K2.87 GB/5.54 GB | =================                 51.72% | 9.1 MB/s | 00:04:54 left
[K2.87 GB/5.54 GB | =================                 51.73% | 9.1 MB/s | 00:04:54 left
[K2.87 GB/5.54 GB | =================                 51.74% | 9.1 MB/s | 00:04:54 left
[K2.87 GB/5.54 GB | =================                 51.76% | 9.1 MB/s | 00:04:54 left
[K2.87 GB/5.54 GB | =================                 51.77% | 9.1 MB/s | 00:04:54 left
[K2.87 GB/5.54 GB | =================                 51.79% | 9.1 MB/s | 00:04:54 left
[K2.87 GB/5.54 GB | =================                 51.80% | 9.1 MB/s | 00:04:54 left
[K2.87 GB/5.54 GB | =================                 51.82% | 9.1 MB/s | 00:04:54 left
[K2.87 GB/5.54 GB | =================                 51.83% | 9.1 MB/s | 00:04:54 left
[K2.87 GB/5.54 GB | =================                 51.85% | 9.1 MB/s | 00:04:54 left
[K2.88 GB/5.54 GB | =================                 51.86% | 9.0 MB/s | 00:04:57 left
[K2.88 GB/5.54 GB | =================                 51.88% | 9.0 MB/s | 00:04:57 left
[K2.88 GB/5.54 GB | =================                 51.89% | 9.0 MB/s | 00:04:57 left
[K2.88 GB/5.54 GB | =================                 51.90% | 9.0 MB/s | 00:04:57 left
[K2.88 GB/5.54 GB | =================                 51.92% | 9.0 MB/s | 00:04:57 left
[K2.88 GB/5.54 GB | =================                 51.93% | 9.0 MB/s | 00:04:57 left
[K2.88 GB/5.54 GB | =================                 51.95% | 9.0 MB/s | 00:04:57 left
[K2.88 GB/5.54 GB | =================                 51.96% | 9.0 MB/s | 00:04:57 left
[K2.88 GB/5.54 GB | =================                 51.98% | 9.0 MB/s | 00:04:57 left
[K2.88 GB/5.54 GB | =================                 51.99% | 9.0 MB/s | 00:04:57 left
[K2.88 GB/5.54 GB | =================                 52.00% | 8.7 MB/s | 00:05:06 left
[K2.88 GB/5.54 GB | =================                 52.02% | 8.7 MB/s | 00:05:06 left
[K2.89 GB/5.54 GB | =================                 52.03% | 8.7 MB/s | 00:05:06 left
[K2.89 GB/5.54 GB | =================                 52.05% | 8.7 MB/s | 00:05:06 left
[K2.89 GB/5.54 GB | =================                 52.06% | 8.7 MB/s | 00:05:06 left
[K2.89 GB/5.54 GB | =================                 52.07% | 8.7 MB/s | 00:05:06 left
[K2.89 GB/5.54 GB | =================                 52.09% | 8.7 MB/s | 00:05:06 left
[K2.89 GB/5.54 GB | =================                 52.10% | 8.7 MB/s | 00:05:06 left
[K2.89 GB/5.54 GB | =================                 52.11% | 8.7 MB/s | 00:05:06 left
[K2.89 GB/5.54 GB | =================                 52.13% | 8.7 MB/s | 00:05:06 left
[K2.89 GB/5.54 GB | =================                 52.14% | 8.7 MB/s | 00:05:06 left
[K2.89 GB/5.54 GB | =================                 52.16% | 8.3 MB/s | 00:05:20 left
[K2.89 GB/5.54 GB | =================                 52.17% | 8.3 MB/s | 00:05:20 left
[K2.89 GB/5.54 GB | =================                 52.18% | 8.3 MB/s | 00:05:20 left
[K2.89 GB/5.54 GB | =================                 52.20% | 8.3 MB/s | 00:05:20 left
[K2.89 GB/5.54 GB | =================                 52.21% | 8.3 MB/s | 00:05:20 left
[K2.90 GB/5.54 GB | =================                 52.23% | 8.3 MB/s | 00:05:20 left
[K2.90 GB/5.54 GB | =================                 52.24% | 8.3 MB/s | 00:05:20 left
[K2.90 GB/5.54 GB | =================                 52.26% | 8.3 MB/s | 00:05:20 left
[K2.90 GB/5.54 GB | =================                 52.27% | 8.3 MB/s | 00:05:20 left
[K2.90 GB/5.54 GB | =================                 52.29% | 8.3 MB/s | 00:05:20 left
[K2.90 GB/5.54 GB | =================                 52.30% | 8.3 MB/s | 00:05:20 left
[K2.90 GB/5.54 GB | =================                 52.32% | 9.1 MB/s | 00:04:52 left
[K2.90 GB/5.54 GB | =================                 52.33% | 9.1 MB/s | 00:04:52 left
[K2.90 GB/5.54 GB | =================                 52.35% | 9.1 MB/s | 00:04:52 left
[K2.90 GB/5.54 GB | =================                 52.36% | 9.1 MB/s | 00:04:52 left
[K2.90 GB/5.54 GB | =================                 52.38% | 9.1 MB/s | 00:04:52 left
[K2.91 GB/5.54 GB | =================                 52.39% | 9.1 MB/s | 00:04:52 left
[K2.91 GB/5.54 GB | =================                 52.41% | 9.1 MB/s | 00:04:52 left
[K2.91 GB/5.54 GB | =================                 52.43% | 9.1 MB/s | 00:04:52 left
[K2.91 GB/5.54 GB | =================                 52.44% | 9.1 MB/s | 00:04:52 left
[K2.91 GB/5.54 GB | =================                 52.46% | 9.1 MB/s | 00:04:52 left
[K2.91 GB/5.54 GB | =================                 52.47% | 9.4 MB/s | 00:04:41 left
[K2.91 GB/5.54 GB | =================                 52.49% | 9.4 MB/s | 00:04:41 left
[K2.91 GB/5.54 GB | =================                 52.50% | 9.4 MB/s | 00:04:41 left
[K2.91 GB/5.54 GB | =================                 52.52% | 9.4 MB/s | 00:04:41 left
[K2.91 GB/5.54 GB | =================                 52.53% | 9.4 MB/s | 00:04:41 left
[K2.91 GB/5.54 GB | =================                 52.55% | 9.4 MB/s | 00:04:41 left
[K2.91 GB/5.54 GB | =================                 52.56% | 9.4 MB/s | 00:04:41 left
[K2.92 GB/5.54 GB | =================                 52.58% | 9.4 MB/s | 00:04:41 left
[K2.92 GB/5.54 GB | =================                 52.59% | 9.4 MB/s | 00:04:41 left
[K2.92 GB/5.54 GB | =================                 52.61% | 9.4 MB/s | 00:04:41 left
[K2.92 GB/5.54 GB | =================                 52.63% | 9.4 MB/s | 00:04:41 left
[K2.92 GB/5.54 GB | =================                 52.65% | 9.7 MB/s | 00:04:30 left
[K2.92 GB/5.54 GB | =================                 52.66% | 9.7 MB/s | 00:04:30 left
[K2.92 GB/5.54 GB | =================                 52.68% | 9.7 MB/s | 00:04:30 left
[K2.92 GB/5.54 GB | =================                 52.70% | 9.7 MB/s | 00:04:30 left
[K2.92 GB/5.54 GB | =================                 52.71% | 9.7 MB/s | 00:04:30 left
[K2.92 GB/5.54 GB | =================                 52.73% | 9.7 MB/s | 00:04:30 left
[K2.92 GB/5.54 GB | =================                 52.75% | 9.7 MB/s | 00:04:30 left
[K2.93 GB/5.54 GB | =================                 52.76% | 9.7 MB/s | 00:04:30 left
[K2.93 GB/5.54 GB | =================                 52.78% | 9.7 MB/s | 00:04:30 left
[K2.93 GB/5.54 GB | =================                 52.79% | 9.7 MB/s | 00:04:30 left
[K2.93 GB/5.54 GB | =================                 52.81% | 9.5 MB/s | 00:04:35 left
[K2.93 GB/5.54 GB | =================                 52.82% | 9.5 MB/s | 00:04:35 left
[K2.93 GB/5.54 GB | =================                 52.84% | 9.5 MB/s | 00:04:35 left
[K2.93 GB/5.54 GB | =================                 52.85% | 9.5 MB/s | 00:04:35 left
[K2.93 GB/5.54 GB | =================                 52.87% | 9.5 MB/s | 00:04:35 left
[K2.93 GB/5.54 GB | =================                 52.88% | 9.5 MB/s | 00:04:35 left
[K2.93 GB/5.54 GB | =================                 52.90% | 9.5 MB/s | 00:04:35 left
[K2.93 GB/5.54 GB | =================                 52.91% | 9.5 MB/s | 00:04:35 left
[K2.93 GB/5.54 GB | =================                 52.93% | 9.5 MB/s | 00:04:35 left
[K2.94 GB/5.54 GB | =================                 52.94% | 9.5 MB/s | 00:04:35 left
[K2.94 GB/5.54 GB | =================                 52.96% | 9.2 MB/s | 00:04:44 left
[K2.94 GB/5.54 GB | =================                 52.97% | 9.2 MB/s | 00:04:44 left
[K2.94 GB/5.54 GB | =================                 52.99% | 9.2 MB/s | 00:04:44 left
[K2.94 GB/5.54 GB | =================                 53.00% | 9.2 MB/s | 00:04:44 left
[K2.94 GB/5.54 GB | =================                 53.01% | 9.2 MB/s | 00:04:44 left
[K2.94 GB/5.54 GB | =================                 53.03% | 9.2 MB/s | 00:04:44 left
[K2.94 GB/5.54 GB | =================                 53.04% | 9.2 MB/s | 00:04:44 left
[K2.94 GB/5.54 GB | =================                 53.06% | 9.2 MB/s | 00:04:44 left
[K2.94 GB/5.54 GB | =================                 53.08% | 9.2 MB/s | 00:04:44 left
[K2.94 GB/5.54 GB | =================                 53.09% | 9.2 MB/s | 00:04:44 left
[K2.94 GB/5.54 GB | =================                 53.11% | 8.9 MB/s | 00:04:53 left
[K2.95 GB/5.54 GB | =================                 53.12% | 8.9 MB/s | 00:04:53 left
[K2.95 GB/5.54 GB | =================                 53.14% | 8.9 MB/s | 00:04:53 left
[K2.95 GB/5.54 GB | =================                 53.15% | 8.9 MB/s | 00:04:53 left
[K2.95 GB/5.54 GB | =================                 53.17% | 8.9 MB/s | 00:04:53 left
[K2.95 GB/5.54 GB | =================                 53.19% | 8.9 MB/s | 00:04:53 left
[K2.95 GB/5.54 GB | =================                 53.20% | 8.9 MB/s | 00:04:53 left
[K2.95 GB/5.54 GB | =================                 53.21% | 8.9 MB/s | 00:04:53 left
[K2.95 GB/5.54 GB | =================                 53.23% | 8.9 MB/s | 00:04:53 left
[K2.95 GB/5.54 GB | =================                 53.25% | 8.9 MB/s | 00:04:53 left
[K2.95 GB/5.54 GB | =================                 53.26% | 9.4 MB/s | 00:04:36 left
[K2.95 GB/5.54 GB | =================                 53.28% | 9.4 MB/s | 00:04:36 left
[K2.95 GB/5.54 GB | =================                 53.29% | 9.4 MB/s | 00:04:36 left
[K2.96 GB/5.54 GB | =================                 53.31% | 9.4 MB/s | 00:04:36 left
[K2.96 GB/5.54 GB | =================                 53.32% | 9.4 MB/s | 00:04:36 left
[K2.96 GB/5.54 GB | =================                 53.34% | 9.4 MB/s | 00:04:36 left
[K2.96 GB/5.54 GB | =================                 53.35% | 9.4 MB/s | 00:04:36 left
[K2.96 GB/5.54 GB | =================                 53.37% | 9.4 MB/s | 00:04:36 left
[K2.96 GB/5.54 GB | =================                 53.38% | 9.4 MB/s | 00:04:36 left
[K2.96 GB/5.54 GB | =================                 53.40% | 9.4 MB/s | 00:04:36 left
[K2.96 GB/5.54 GB | =================                 53.41% | 9.0 MB/s | 00:04:45 left
[K2.96 GB/5.54 GB | =================                 53.42% | 9.0 MB/s | 00:04:45 left
[K2.96 GB/5.54 GB | =================                 53.44% | 9.0 MB/s | 00:04:45 left
[K2.96 GB/5.54 GB | =================                 53.46% | 9.0 MB/s | 00:04:45 left
[K2.96 GB/5.54 GB | =================                 53.47% | 9.0 MB/s | 00:04:45 left
[K2.97 GB/5.54 GB | =================                 53.48% | 9.0 MB/s | 00:04:45 left
[K2.97 GB/5.54 GB | =================                 53.50% | 9.0 MB/s | 00:04:45 left
[K2.97 GB/5.54 GB | =================                 53.51% | 9.0 MB/s | 00:04:45 left
[K2.97 GB/5.54 GB | =================                 53.53% | 9.0 MB/s | 00:04:45 left
[K2.97 GB/5.54 GB | =================                 53.54% | 9.0 MB/s | 00:04:45 left
[K2.97 GB/5.54 GB | =================                 53.56% | 9.0 MB/s | 00:04:45 left
[K2.97 GB/5.54 GB | =================                 53.57% | 8.9 MB/s | 00:04:49 left
[K2.97 GB/5.54 GB | =================                 53.59% | 8.9 MB/s | 00:04:49 left
[K2.97 GB/5.54 GB | =================                 53.60% | 8.9 MB/s | 00:04:49 left
[K2.97 GB/5.54 GB | =================                 53.62% | 8.9 MB/s | 00:04:49 left
[K2.97 GB/5.54 GB | =================                 53.63% | 8.9 MB/s | 00:04:49 left
[K2.97 GB/5.54 GB | =================                 53.65% | 8.9 MB/s | 00:04:49 left
[K2.98 GB/5.54 GB | =================                 53.66% | 8.9 MB/s | 00:04:49 left
[K2.98 GB/5.54 GB | =================                 53.67% | 8.9 MB/s | 00:04:49 left
[K2.98 GB/5.54 GB | =================                 53.69% | 8.9 MB/s | 00:04:49 left
[K2.98 GB/5.54 GB | =================                 53.70% | 8.9 MB/s | 00:04:49 left
[K2.98 GB/5.54 GB | =================                 53.72% | 8.9 MB/s | 00:04:48 left
[K2.98 GB/5.54 GB | =================                 53.73% | 8.9 MB/s | 00:04:48 left
[K2.98 GB/5.54 GB | =================                 53.75% | 8.9 MB/s | 00:04:48 left
[K2.98 GB/5.54 GB | =================                 53.76% | 8.9 MB/s | 00:04:48 left
[K2.98 GB/5.54 GB | =================                 53.77% | 8.9 MB/s | 00:04:48 left
[K2.98 GB/5.54 GB | =================                 53.78% | 8.9 MB/s | 00:04:48 left
[K2.98 GB/5.54 GB | =================                 53.80% | 8.9 MB/s | 00:04:48 left
[K2.98 GB/5.54 GB | =================                 53.81% | 8.9 MB/s | 00:04:48 left
[K2.98 GB/5.54 GB | =================                 53.82% | 8.9 MB/s | 00:04:48 left
[K2.99 GB/5.54 GB | =================                 53.84% | 8.9 MB/s | 00:04:48 left
[K2.99 GB/5.54 GB | =================                 53.85% | 8.1 MB/s | 00:05:15 left
[K2.99 GB/5.54 GB | =================                 53.86% | 8.1 MB/s | 00:05:15 left
[K2.99 GB/5.54 GB | =================                 53.88% | 8.1 MB/s | 00:05:15 left
[K2.99 GB/5.54 GB | =================                 53.89% | 8.1 MB/s | 00:05:15 left
[K2.99 GB/5.54 GB | =================                 53.90% | 8.1 MB/s | 00:05:15 left
[K2.99 GB/5.54 GB | =================                 53.92% | 8.1 MB/s | 00:05:15 left
[K2.99 GB/5.54 GB | =================                 53.93% | 8.1 MB/s | 00:05:15 left
[K2.99 GB/5.54 GB | =================                 53.95% | 8.1 MB/s | 00:05:15 left
[K2.99 GB/5.54 GB | =================                 53.96% | 8.1 MB/s | 00:05:15 left
[K2.99 GB/5.54 GB | =================                 53.97% | 8.1 MB/s | 00:05:15 left
[K2.99 GB/5.54 GB | =================                 53.99% | 8.1 MB/s | 00:05:15 left
[K2.99 GB/5.54 GB | =================                 54.00% | 8.5 MB/s | 00:05:00 left
[K3.00 GB/5.54 GB | =================                 54.02% | 8.5 MB/s | 00:05:00 left
[K3.00 GB/5.54 GB | =================                 54.03% | 8.5 MB/s | 00:05:00 left
[K3.00 GB/5.54 GB | =================                 54.05% | 8.5 MB/s | 00:05:00 left
[K3.00 GB/5.54 GB | =================                 54.07% | 8.5 MB/s | 00:05:00 left
[K3.00 GB/5.54 GB | =================                 54.08% | 8.5 MB/s | 00:05:00 left
[K3.00 GB/5.54 GB | =================                 54.10% | 8.5 MB/s | 00:05:00 left
[K3.00 GB/5.54 GB | =================                 54.11% | 8.5 MB/s | 00:05:00 left
[K3.00 GB/5.54 GB | =================                 54.13% | 8.5 MB/s | 00:05:00 left
[K3.00 GB/5.54 GB | =================                 54.14% | 8.5 MB/s | 00:05:00 left
[K3.00 GB/5.54 GB | =================                 54.15% | 9.0 MB/s | 00:04:44 left
[K3.00 GB/5.54 GB | =================                 54.17% | 9.0 MB/s | 00:04:44 left
[K3.00 GB/5.54 GB | =================                 54.18% | 9.0 MB/s | 00:04:44 left
[K3.01 GB/5.54 GB | =================                 54.20% | 9.0 MB/s | 00:04:44 left
[K3.01 GB/5.54 GB | =================                 54.21% | 9.0 MB/s | 00:04:44 left
[K3.01 GB/5.54 GB | =================                 54.23% | 9.0 MB/s | 00:04:44 left
[K3.01 GB/5.54 GB | =================                 54.25% | 9.0 MB/s | 00:04:44 left
[K3.01 GB/5.54 GB | =================                 54.26% | 9.0 MB/s | 00:04:44 left
[K3.01 GB/5.54 GB | =================                 54.28% | 9.0 MB/s | 00:04:44 left
[K3.01 GB/5.54 GB | =================                 54.29% | 9.0 MB/s | 00:04:44 left
[K3.01 GB/5.54 GB | =================                 54.31% | 9.4 MB/s | 00:04:30 left
[K3.01 GB/5.54 GB | =================                 54.32% | 9.4 MB/s | 00:04:30 left
[K3.01 GB/5.54 GB | =================                 54.33% | 9.4 MB/s | 00:04:30 left
[K3.01 GB/5.54 GB | =================                 54.35% | 9.4 MB/s | 00:04:30 left
[K3.01 GB/5.54 GB | =================                 54.36% | 9.4 MB/s | 00:04:30 left
[K3.02 GB/5.54 GB | =================                 54.38% | 9.4 MB/s | 00:04:30 left
[K3.02 GB/5.54 GB | =================                 54.39% | 9.4 MB/s | 00:04:30 left
[K3.02 GB/5.54 GB | =================                 54.41% | 9.4 MB/s | 00:04:30 left
[K3.02 GB/5.54 GB | =================                 54.43% | 9.4 MB/s | 00:04:30 left
[K3.02 GB/5.54 GB | =================                 54.44% | 9.4 MB/s | 00:04:30 left
[K3.02 GB/5.54 GB | =================                 54.46% | 9.4 MB/s | 00:04:29 left
[K3.02 GB/5.54 GB | =================                 54.47% | 9.4 MB/s | 00:04:29 left
[K3.02 GB/5.54 GB | =================                 54.49% | 9.4 MB/s | 00:04:29 left
[K3.02 GB/5.54 GB | =================                 54.50% | 9.4 MB/s | 00:04:29 left
[K3.02 GB/5.54 GB | =================                 54.52% | 9.4 MB/s | 00:04:29 left
[K3.02 GB/5.54 GB | =================                 54.53% | 9.4 MB/s | 00:04:29 left
[K3.02 GB/5.54 GB | ==================                54.55% | 9.4 MB/s | 00:04:29 left
[K3.03 GB/5.54 GB | ==================                54.56% | 9.4 MB/s | 00:04:29 left
[K3.03 GB/5.54 GB | ==================                54.58% | 9.4 MB/s | 00:04:29 left
[K3.03 GB/5.54 GB | ==================                54.59% | 9.4 MB/s | 00:04:29 left
[K3.03 GB/5.54 GB | ==================                54.61% | 9.4 MB/s | 00:04:29 left
[K3.03 GB/5.54 GB | ==================                54.62% | 9.4 MB/s | 00:04:29 left
[K3.03 GB/5.54 GB | ==================                54.64% | 9.4 MB/s | 00:04:29 left
[K3.03 GB/5.54 GB | ==================                54.65% | 9.4 MB/s | 00:04:29 left
[K3.03 GB/5.54 GB | ==================                54.67% | 9.4 MB/s | 00:04:29 left
[K3.03 GB/5.54 GB | ==================                54.68% | 9.4 MB/s | 00:04:29 left
[K3.03 GB/5.54 GB | ==================                54.70% | 9.4 MB/s | 00:04:29 left
[K3.03 GB/5.54 GB | ==================                54.71% | 9.4 MB/s | 00:04:29 left
[K3.03 GB/5.54 GB | ==================                54.73% | 9.4 MB/s | 00:04:29 left
[K3.04 GB/5.54 GB | ==================                54.74% | 9.4 MB/s | 00:04:29 left
[K3.04 GB/5.54 GB | ==================                54.76% | 9.5 MB/s | 00:04:25 left
[K3.04 GB/5.54 GB | ==================                54.78% | 9.5 MB/s | 00:04:25 left
[K3.04 GB/5.54 GB | ==================                54.79% | 9.5 MB/s | 00:04:25 left
[K3.04 GB/5.54 GB | ==================                54.81% | 9.5 MB/s | 00:04:25 left
[K3.04 GB/5.54 GB | ==================                54.82% | 9.5 MB/s | 00:04:25 left
[K3.04 GB/5.54 GB | ==================                54.84% | 9.5 MB/s | 00:04:25 left
[K3.04 GB/5.54 GB | ==================                54.85% | 9.5 MB/s | 00:04:25 left
[K3.04 GB/5.54 GB | ==================                54.87% | 9.5 MB/s | 00:04:25 left
[K3.04 GB/5.54 GB | ==================                54.88% | 9.5 MB/s | 00:04:25 left
[K3.04 GB/5.54 GB | ==================                54.90% | 9.5 MB/s | 00:04:25 left
[K3.04 GB/5.54 GB | ==================                54.91% | 9.0 MB/s | 00:04:38 left
[K3.05 GB/5.54 GB | ==================                54.92% | 9.0 MB/s | 00:04:38 left
[K3.05 GB/5.54 GB | ==================                54.94% | 9.0 MB/s | 00:04:38 left
[K3.05 GB/5.54 GB | ==================                54.95% | 9.0 MB/s | 00:04:38 left
[K3.05 GB/5.54 GB | ==================                54.97% | 9.0 MB/s | 00:04:38 left
[K3.05 GB/5.54 GB | ==================                54.98% | 9.0 MB/s | 00:04:38 left
[K3.05 GB/5.54 GB | ==================                55.00% | 9.0 MB/s | 00:04:38 left
[K3.05 GB/5.54 GB | ==================                55.01% | 9.0 MB/s | 00:04:38 left
[K3.05 GB/5.54 GB | ==================                55.02% | 9.0 MB/s | 00:04:38 left
[K3.05 GB/5.54 GB | ==================                55.04% | 9.0 MB/s | 00:04:38 left
[K3.05 GB/5.54 GB | ==================                55.05% | 8.7 MB/s | 00:04:46 left
[K3.05 GB/5.54 GB | ==================                55.07% | 8.7 MB/s | 00:04:46 left
[K3.05 GB/5.54 GB | ==================                55.08% | 8.7 MB/s | 00:04:46 left
[K3.06 GB/5.54 GB | ==================                55.10% | 8.7 MB/s | 00:04:46 left
[K3.06 GB/5.54 GB | ==================                55.11% | 8.7 MB/s | 00:04:46 left
[K3.06 GB/5.54 GB | ==================                55.12% | 8.7 MB/s | 00:04:46 left
[K3.06 GB/5.54 GB | ==================                55.14% | 8.7 MB/s | 00:04:46 left
[K3.06 GB/5.54 GB | ==================                55.15% | 8.7 MB/s | 00:04:46 left
[K3.06 GB/5.54 GB | ==================                55.17% | 8.7 MB/s | 00:04:46 left
[K3.06 GB/5.54 GB | ==================                55.18% | 8.7 MB/s | 00:04:46 left
[K3.06 GB/5.54 GB | ==================                55.19% | 8.5 MB/s | 00:04:52 left
[K3.06 GB/5.54 GB | ==================                55.21% | 8.5 MB/s | 00:04:52 left
[K3.06 GB/5.54 GB | ==================                55.22% | 8.5 MB/s | 00:04:52 left
[K3.06 GB/5.54 GB | ==================                55.24% | 8.5 MB/s | 00:04:52 left
[K3.06 GB/5.54 GB | ==================                55.25% | 8.5 MB/s | 00:04:52 left
[K3.06 GB/5.54 GB | ==================                55.27% | 8.5 MB/s | 00:04:52 left
[K3.07 GB/5.54 GB | ==================                55.28% | 8.5 MB/s | 00:04:52 left
[K3.07 GB/5.54 GB | ==================                55.30% | 8.5 MB/s | 00:04:52 left
[K3.07 GB/5.54 GB | ==================                55.32% | 8.5 MB/s | 00:04:52 left
[K3.07 GB/5.54 GB | ==================                55.33% | 8.5 MB/s | 00:04:52 left
[K3.07 GB/5.54 GB | ==================                55.35% | 9.5 MB/s | 00:04:22 left
[K3.07 GB/5.54 GB | ==================                55.36% | 9.5 MB/s | 00:04:22 left
[K3.07 GB/5.54 GB | ==================                55.38% | 9.5 MB/s | 00:04:22 left
[K3.07 GB/5.54 GB | ==================                55.39% | 9.5 MB/s | 00:04:22 left
[K3.07 GB/5.54 GB | ==================                55.41% | 9.5 MB/s | 00:04:22 left
[K3.07 GB/5.54 GB | ==================                55.42% | 9.5 MB/s | 00:04:22 left
[K3.07 GB/5.54 GB | ==================                55.44% | 9.5 MB/s | 00:04:22 left
[K3.07 GB/5.54 GB | ==================                55.46% | 9.5 MB/s | 00:04:22 left
[K3.08 GB/5.54 GB | ==================                55.47% | 9.5 MB/s | 00:04:22 left
[K3.08 GB/5.54 GB | ==================                55.49% | 9.5 MB/s | 00:04:22 left
[K3.08 GB/5.54 GB | ==================                55.50% | 9.4 MB/s | 00:04:21 left
[K3.08 GB/5.54 GB | ==================                55.52% | 9.4 MB/s | 00:04:21 left
[K3.08 GB/5.54 GB | ==================                55.53% | 9.4 MB/s | 00:04:21 left
[K3.08 GB/5.54 GB | ==================                55.55% | 9.4 MB/s | 00:04:21 left
[K3.08 GB/5.54 GB | ==================                55.57% | 9.4 MB/s | 00:04:21 left
[K3.08 GB/5.54 GB | ==================                55.58% | 9.4 MB/s | 00:04:21 left
[K3.08 GB/5.54 GB | ==================                55.59% | 9.4 MB/s | 00:04:21 left
[K3.08 GB/5.54 GB | ==================                55.61% | 9.4 MB/s | 00:04:21 left
[K3.08 GB/5.54 GB | ==================                55.63% | 9.4 MB/s | 00:04:21 left
[K3.09 GB/5.54 GB | ==================                55.64% | 9.4 MB/s | 00:04:21 left
[K3.09 GB/5.54 GB | ==================                55.66% | 9.5 MB/s | 00:04:19 left
[K3.09 GB/5.54 GB | ==================                55.67% | 9.5 MB/s | 00:04:19 left
[K3.09 GB/5.54 GB | ==================                55.69% | 9.5 MB/s | 00:04:19 left
[K3.09 GB/5.54 GB | ==================                55.71% | 9.5 MB/s | 00:04:19 left
[K3.09 GB/5.54 GB | ==================                55.72% | 9.5 MB/s | 00:04:19 left
[K3.09 GB/5.54 GB | ==================                55.74% | 9.5 MB/s | 00:04:19 left
[K3.09 GB/5.54 GB | ==================                55.76% | 9.5 MB/s | 00:04:19 left
[K3.09 GB/5.54 GB | ==================                55.77% | 9.5 MB/s | 00:04:19 left
[K3.09 GB/5.54 GB | ==================                55.79% | 9.5 MB/s | 00:04:19 left
[K3.09 GB/5.54 GB | ==================                55.80% | 9.5 MB/s | 00:04:19 left
[K3.10 GB/5.54 GB | ==================                55.82% | 9.8 MB/s | 00:04:09 left
[K3.10 GB/5.54 GB | ==================                55.84% | 9.8 MB/s | 00:04:09 left
[K3.10 GB/5.54 GB | ==================                55.85% | 9.8 MB/s | 00:04:09 left
[K3.10 GB/5.54 GB | ==================                55.87% | 9.8 MB/s | 00:04:09 left
[K3.10 GB/5.54 GB | ==================                55.88% | 9.8 MB/s | 00:04:09 left
[K3.10 GB/5.54 GB | ==================                55.90% | 9.8 MB/s | 00:04:09 left
[K3.10 GB/5.54 GB | ==================                55.91% | 9.8 MB/s | 00:04:09 left
[K3.10 GB/5.54 GB | ==================                55.93% | 9.8 MB/s | 00:04:09 left
[K3.10 GB/5.54 GB | ==================                55.95% | 9.8 MB/s | 00:04:09 left
[K3.10 GB/5.54 GB | ==================                55.96% | 9.8 MB/s | 00:04:09 left
[K3.10 GB/5.54 GB | ==================                55.98% | 9.8 MB/s | 00:04:09 left
[K3.10 GB/5.54 GB | ==================                56.00% | 9.7 MB/s | 00:04:11 left
[K3.11 GB/5.54 GB | ==================                56.01% | 9.7 MB/s | 00:04:11 left
[K3.11 GB/5.54 GB | ==================                56.03% | 9.7 MB/s | 00:04:11 left
[K3.11 GB/5.54 GB | ==================                56.04% | 9.7 MB/s | 00:04:11 left
[K3.11 GB/5.54 GB | ==================                56.06% | 9.7 MB/s | 00:04:11 left
[K3.11 GB/5.54 GB | ==================                56.08% | 9.7 MB/s | 00:04:11 left
[K3.11 GB/5.54 GB | ==================                56.09% | 9.7 MB/s | 00:04:11 left
[K3.11 GB/5.54 GB | ==================                56.11% | 9.7 MB/s | 00:04:11 left
[K3.11 GB/5.54 GB | ==================                56.12% | 9.7 MB/s | 00:04:11 left
[K3.11 GB/5.54 GB | ==================                56.14% | 9.7 MB/s | 00:04:11 left
[K3.11 GB/5.54 GB | ==================                56.16% | 9.8 MB/s | 00:04:07 left
[K3.11 GB/5.54 GB | ==================                56.17% | 9.8 MB/s | 00:04:07 left
[K3.12 GB/5.54 GB | ==================                56.18% | 9.8 MB/s | 00:04:07 left
[K3.12 GB/5.54 GB | ==================                56.20% | 9.8 MB/s | 00:04:07 left
[K3.12 GB/5.54 GB | ==================                56.22% | 9.8 MB/s | 00:04:07 left
[K3.12 GB/5.54 GB | ==================                56.23% | 9.8 MB/s | 00:04:07 left
[K3.12 GB/5.54 GB | ==================                56.25% | 9.8 MB/s | 00:04:07 left
[K3.12 GB/5.54 GB | ==================                56.26% | 9.8 MB/s | 00:04:07 left
[K3.12 GB/5.54 GB | ==================                56.28% | 9.8 MB/s | 00:04:07 left
[K3.12 GB/5.54 GB | ==================                56.29% | 9.8 MB/s | 00:04:07 left
[K3.12 GB/5.54 GB | ==================                56.31% | 9.4 MB/s | 00:04:19 left
[K3.12 GB/5.54 GB | ==================                56.32% | 9.4 MB/s | 00:04:19 left
[K3.12 GB/5.54 GB | ==================                56.34% | 9.4 MB/s | 00:04:19 left
[K3.12 GB/5.54 GB | ==================                56.35% | 9.4 MB/s | 00:04:19 left
[K3.13 GB/5.54 GB | ==================                56.37% | 9.4 MB/s | 00:04:19 left
[K3.13 GB/5.54 GB | ==================                56.38% | 9.4 MB/s | 00:04:19 left
[K3.13 GB/5.54 GB | ==================                56.40% | 9.4 MB/s | 00:04:19 left
[K3.13 GB/5.54 GB | ==================                56.41% | 9.4 MB/s | 00:04:19 left
[K3.13 GB/5.54 GB | ==================                56.43% | 9.4 MB/s | 00:04:19 left
[K3.13 GB/5.54 GB | ==================                56.44% | 9.4 MB/s | 00:04:19 left
[K3.13 GB/5.54 GB | ==================                56.45% | 8.8 MB/s | 00:04:34 left
[K3.13 GB/5.54 GB | ==================                56.47% | 8.8 MB/s | 00:04:34 left
[K3.13 GB/5.54 GB | ==================                56.48% | 8.8 MB/s | 00:04:34 left
[K3.13 GB/5.54 GB | ==================                56.50% | 8.8 MB/s | 00:04:34 left
[K3.13 GB/5.54 GB | ==================                56.51% | 8.8 MB/s | 00:04:34 left
[K3.13 GB/5.54 GB | ==================                56.53% | 8.8 MB/s | 00:04:34 left
[K3.14 GB/5.54 GB | ==================                56.54% | 8.8 MB/s | 00:04:34 left
[K3.14 GB/5.54 GB | ==================                56.56% | 8.8 MB/s | 00:04:34 left
[K3.14 GB/5.54 GB | ==================                56.57% | 8.8 MB/s | 00:04:34 left
[K3.14 GB/5.54 GB | ==================                56.59% | 8.8 MB/s | 00:04:34 left
[K3.14 GB/5.54 GB | ==================                56.60% | 9.0 MB/s | 00:04:27 left
[K3.14 GB/5.54 GB | ==================                56.62% | 9.0 MB/s | 00:04:27 left
[K3.14 GB/5.54 GB | ==================                56.63% | 9.0 MB/s | 00:04:27 left
[K3.14 GB/5.54 GB | ==================                56.64% | 9.0 MB/s | 00:04:27 left
[K3.14 GB/5.54 GB | ==================                56.66% | 9.0 MB/s | 00:04:27 left
[K3.14 GB/5.54 GB | ==================                56.67% | 9.0 MB/s | 00:04:27 left
[K3.14 GB/5.54 GB | ==================                56.69% | 9.0 MB/s | 00:04:27 left
[K3.14 GB/5.54 GB | ==================                56.70% | 9.0 MB/s | 00:04:27 left
[K3.14 GB/5.54 GB | ==================                56.72% | 9.0 MB/s | 00:04:27 left
[K3.15 GB/5.54 GB | ==================                56.73% | 9.0 MB/s | 00:04:27 left
[K3.15 GB/5.54 GB | ==================                56.75% | 8.9 MB/s | 00:04:28 left
[K3.15 GB/5.54 GB | ==================                56.76% | 8.9 MB/s | 00:04:28 left
[K3.15 GB/5.54 GB | ==================                56.78% | 8.9 MB/s | 00:04:28 left
[K3.15 GB/5.54 GB | ==================                56.79% | 8.9 MB/s | 00:04:28 left
[K3.15 GB/5.54 GB | ==================                56.81% | 8.9 MB/s | 00:04:28 left
[K3.15 GB/5.54 GB | ==================                56.82% | 8.9 MB/s | 00:04:28 left
[K3.15 GB/5.54 GB | ==================                56.84% | 8.9 MB/s | 00:04:28 left
[K3.15 GB/5.54 GB | ==================                56.85% | 8.9 MB/s | 00:04:28 left
[K3.15 GB/5.54 GB | ==================                56.87% | 8.9 MB/s | 00:04:28 left
[K3.15 GB/5.54 GB | ==================                56.88% | 8.9 MB/s | 00:04:28 left
[K3.15 GB/5.54 GB | ==================                56.90% | 8.8 MB/s | 00:04:31 left
[K3.16 GB/5.54 GB | ==================                56.91% | 8.8 MB/s | 00:04:31 left
[K3.16 GB/5.54 GB | ==================                56.93% | 8.8 MB/s | 00:04:31 left
[K3.16 GB/5.54 GB | ==================                56.94% | 8.8 MB/s | 00:04:31 left
[K3.16 GB/5.54 GB | ==================                56.95% | 8.8 MB/s | 00:04:31 left
[K3.16 GB/5.54 GB | ==================                56.97% | 8.8 MB/s | 00:04:31 left
[K3.16 GB/5.54 GB | ==================                56.98% | 8.8 MB/s | 00:04:31 left
[K3.16 GB/5.54 GB | ==================                57.00% | 8.8 MB/s | 00:04:31 left
[K3.16 GB/5.54 GB | ==================                57.01% | 8.8 MB/s | 00:04:31 left
[K3.16 GB/5.54 GB | ==================                57.03% | 8.8 MB/s | 00:04:31 left
[K3.16 GB/5.54 GB | ==================                57.04% | 8.9 MB/s | 00:04:29 left
[K3.16 GB/5.54 GB | ==================                57.06% | 8.9 MB/s | 00:04:29 left
[K3.16 GB/5.54 GB | ==================                57.07% | 8.9 MB/s | 00:04:29 left
[K3.17 GB/5.54 GB | ==================                57.08% | 8.9 MB/s | 00:04:29 left
[K3.17 GB/5.54 GB | ==================                57.10% | 8.9 MB/s | 00:04:29 left
[K3.17 GB/5.54 GB | ==================                57.11% | 8.9 MB/s | 00:04:29 left
[K3.17 GB/5.54 GB | ==================                57.13% | 8.9 MB/s | 00:04:29 left
[K3.17 GB/5.54 GB | ==================                57.15% | 8.9 MB/s | 00:04:29 left
[K3.17 GB/5.54 GB | ==================                57.16% | 8.9 MB/s | 00:04:29 left
[K3.17 GB/5.54 GB | ==================                57.18% | 8.9 MB/s | 00:04:29 left
[K3.17 GB/5.54 GB | ==================                57.19% | 9.2 MB/s | 00:04:19 left
[K3.17 GB/5.54 GB | ==================                57.21% | 9.2 MB/s | 00:04:19 left
[K3.17 GB/5.54 GB | ==================                57.22% | 9.2 MB/s | 00:04:19 left
[K3.17 GB/5.54 GB | ==================                57.23% | 9.2 MB/s | 00:04:19 left
[K3.17 GB/5.54 GB | ==================                57.25% | 9.2 MB/s | 00:04:19 left
[K3.17 GB/5.54 GB | ==================                57.26% | 9.2 MB/s | 00:04:19 left
[K3.18 GB/5.54 GB | ==================                57.27% | 9.2 MB/s | 00:04:19 left
[K3.18 GB/5.54 GB | ==================                57.29% | 9.2 MB/s | 00:04:19 left
[K3.18 GB/5.54 GB | ==================                57.30% | 9.2 MB/s | 00:04:19 left
[K3.18 GB/5.54 GB | ==================                57.31% | 9.2 MB/s | 00:04:19 left
[K3.18 GB/5.54 GB | ==================                57.33% | 8.5 MB/s | 00:04:37 left
[K3.18 GB/5.54 GB | ==================                57.34% | 8.5 MB/s | 00:04:37 left
[K3.18 GB/5.54 GB | ==================                57.36% | 8.5 MB/s | 00:04:37 left
[K3.18 GB/5.54 GB | ==================                57.37% | 8.5 MB/s | 00:04:37 left
[K3.18 GB/5.54 GB | ==================                57.38% | 8.5 MB/s | 00:04:37 left
[K3.18 GB/5.54 GB | ==================                57.40% | 8.5 MB/s | 00:04:37 left
[K3.18 GB/5.54 GB | ==================                57.41% | 8.5 MB/s | 00:04:37 left
[K3.18 GB/5.54 GB | ==================                57.43% | 8.5 MB/s | 00:04:37 left
[K3.18 GB/5.54 GB | ==================                57.44% | 8.5 MB/s | 00:04:37 left
[K3.19 GB/5.54 GB | ==================                57.45% | 8.5 MB/s | 00:04:37 left
[K3.19 GB/5.54 GB | ==================                57.46% | 8.1 MB/s | 00:04:50 left
[K3.19 GB/5.54 GB | ==================                57.48% | 8.1 MB/s | 00:04:50 left
[K3.19 GB/5.54 GB | ==================                57.49% | 8.1 MB/s | 00:04:50 left
[K3.19 GB/5.54 GB | ==================                57.50% | 8.1 MB/s | 00:04:50 left
[K3.19 GB/5.54 GB | ==================                57.51% | 8.1 MB/s | 00:04:50 left
[K3.19 GB/5.54 GB | ==================                57.53% | 8.1 MB/s | 00:04:50 left
[K3.19 GB/5.54 GB | ==================                57.55% | 8.1 MB/s | 00:04:50 left
[K3.19 GB/5.54 GB | ==================                57.57% | 8.1 MB/s | 00:04:50 left
[K3.19 GB/5.54 GB | ===================               57.59% | 8.1 MB/s | 00:04:50 left
[K3.19 GB/5.54 GB | ===================               57.60% | 8.1 MB/s | 00:04:50 left
[K3.19 GB/5.54 GB | ===================               57.62% | 9.5 MB/s | 00:04:07 left
[K3.20 GB/5.54 GB | ===================               57.63% | 9.5 MB/s | 00:04:07 left
[K3.20 GB/5.54 GB | ===================               57.64% | 9.5 MB/s | 00:04:07 left
[K3.20 GB/5.54 GB | ===================               57.66% | 9.5 MB/s | 00:04:07 left
[K3.20 GB/5.54 GB | ===================               57.67% | 9.5 MB/s | 00:04:07 left
[K3.20 GB/5.54 GB | ===================               57.68% | 9.5 MB/s | 00:04:07 left
[K3.20 GB/5.54 GB | ===================               57.70% | 9.5 MB/s | 00:04:07 left
[K3.20 GB/5.54 GB | ===================               57.71% | 9.5 MB/s | 00:04:07 left
[K3.20 GB/5.54 GB | ===================               57.73% | 9.5 MB/s | 00:04:07 left
[K3.20 GB/5.54 GB | ===================               57.74% | 9.5 MB/s | 00:04:07 left
[K3.20 GB/5.54 GB | ===================               57.76% | 9.5 MB/s | 00:04:07 left
[K3.20 GB/5.54 GB | ===================               57.77% | 8.6 MB/s | 00:04:32 left
[K3.20 GB/5.54 GB | ===================               57.79% | 8.6 MB/s | 00:04:32 left
[K3.20 GB/5.54 GB | ===================               57.80% | 8.6 MB/s | 00:04:32 left
[K3.21 GB/5.54 GB | ===================               57.81% | 8.6 MB/s | 00:04:32 left
[K3.21 GB/5.54 GB | ===================               57.83% | 8.6 MB/s | 00:04:32 left
[K3.21 GB/5.54 GB | ===================               57.84% | 8.6 MB/s | 00:04:32 left
[K3.21 GB/5.54 GB | ===================               57.85% | 8.6 MB/s | 00:04:32 left
[K3.21 GB/5.54 GB | ===================               57.85% | 8.6 MB/s | 00:04:32 left
[K3.21 GB/5.54 GB | ===================               57.87% | 8.6 MB/s | 00:04:32 left
[K3.21 GB/5.54 GB | ===================               57.88% | 7.0 MB/s | 00:05:32 left
[K3.21 GB/5.54 GB | ===================               57.89% | 7.0 MB/s | 00:05:32 left
[K3.21 GB/5.54 GB | ===================               57.90% | 7.0 MB/s | 00:05:32 left
[K3.21 GB/5.54 GB | ===================               57.92% | 7.0 MB/s | 00:05:32 left
[K3.21 GB/5.54 GB | ===================               57.93% | 7.0 MB/s | 00:05:32 left
[K3.21 GB/5.54 GB | ===================               57.94% | 7.0 MB/s | 00:05:32 left
[K3.21 GB/5.54 GB | ===================               57.95% | 7.0 MB/s | 00:05:32 left
[K3.21 GB/5.54 GB | ===================               57.97% | 7.0 MB/s | 00:05:32 left
[K3.22 GB/5.54 GB | ===================               57.98% | 7.0 MB/s | 00:05:32 left
[K3.22 GB/5.54 GB | ===================               58.00% | 7.0 MB/s | 00:05:32 left
[K3.22 GB/5.54 GB | ===================               58.01% | 7.0 MB/s | 00:05:32 left
[K3.22 GB/5.54 GB | ===================               58.03% | 7.8 MB/s | 00:04:58 left
[K3.22 GB/5.54 GB | ===================               58.04% | 7.8 MB/s | 00:04:58 left
[K3.22 GB/5.54 GB | ===================               58.05% | 7.8 MB/s | 00:04:58 left
[K3.22 GB/5.54 GB | ===================               58.06% | 7.8 MB/s | 00:04:58 left
[K3.22 GB/5.54 GB | ===================               58.08% | 7.8 MB/s | 00:04:58 left
[K3.22 GB/5.54 GB | ===================               58.09% | 7.8 MB/s | 00:04:58 left
[K3.22 GB/5.54 GB | ===================               58.10% | 7.8 MB/s | 00:04:58 left
[K3.22 GB/5.54 GB | ===================               58.12% | 7.8 MB/s | 00:04:58 left
[K3.22 GB/5.54 GB | ===================               58.13% | 7.8 MB/s | 00:04:58 left
[K3.22 GB/5.54 GB | ===================               58.15% | 7.8 MB/s | 00:04:58 left
[K3.22 GB/5.54 GB | ===================               58.16% | 7.8 MB/s | 00:04:58 left
[K3.23 GB/5.54 GB | ===================               58.17% | 8.3 MB/s | 00:04:39 left
[K3.23 GB/5.54 GB | ===================               58.19% | 8.3 MB/s | 00:04:39 left
[K3.23 GB/5.54 GB | ===================               58.20% | 8.3 MB/s | 00:04:39 left
[K3.23 GB/5.54 GB | ===================               58.21% | 8.3 MB/s | 00:04:39 left
[K3.23 GB/5.54 GB | ===================               58.23% | 8.3 MB/s | 00:04:39 left
[K3.23 GB/5.54 GB | ===================               58.24% | 8.3 MB/s | 00:04:39 left
[K3.23 GB/5.54 GB | ===================               58.26% | 8.3 MB/s | 00:04:39 left
[K3.23 GB/5.54 GB | ===================               58.27% | 8.3 MB/s | 00:04:39 left
[K3.23 GB/5.54 GB | ===================               58.29% | 8.3 MB/s | 00:04:39 left
[K3.23 GB/5.54 GB | ===================               58.30% | 8.3 MB/s | 00:04:39 left
[K3.23 GB/5.54 GB | ===================               58.32% | 8.7 MB/s | 00:04:26 left
[K3.23 GB/5.54 GB | ===================               58.33% | 8.7 MB/s | 00:04:26 left
[K3.24 GB/5.54 GB | ===================               58.34% | 8.7 MB/s | 00:04:26 left
[K3.24 GB/5.54 GB | ===================               58.36% | 8.7 MB/s | 00:04:26 left
[K3.24 GB/5.54 GB | ===================               58.36% | 8.7 MB/s | 00:04:26 left
[K3.24 GB/5.54 GB | ===================               58.37% | 8.7 MB/s | 00:04:26 left
[K3.24 GB/5.54 GB | ===================               58.38% | 8.7 MB/s | 00:04:26 left
[K3.24 GB/5.54 GB | ===================               58.40% | 8.7 MB/s | 00:04:26 left
[K3.24 GB/5.54 GB | ===================               58.41% | 8.7 MB/s | 00:04:26 left
[K3.24 GB/5.54 GB | ===================               58.42% | 8.7 MB/s | 00:04:26 left
[K3.24 GB/5.54 GB | ===================               58.44% | 7.5 MB/s | 00:05:09 left
[K3.24 GB/5.54 GB | ===================               58.45% | 7.5 MB/s | 00:05:09 left
[K3.24 GB/5.54 GB | ===================               58.46% | 7.5 MB/s | 00:05:09 left
[K3.24 GB/5.54 GB | ===================               58.47% | 7.5 MB/s | 00:05:09 left
[K3.24 GB/5.54 GB | ===================               58.49% | 7.5 MB/s | 00:05:09 left
[K3.24 GB/5.54 GB | ===================               58.50% | 7.5 MB/s | 00:05:09 left
[K3.24 GB/5.54 GB | ===================               58.51% | 7.5 MB/s | 00:05:09 left
[K3.25 GB/5.54 GB | ===================               58.53% | 7.5 MB/s | 00:05:09 left
[K3.25 GB/5.54 GB | ===================               58.54% | 7.5 MB/s | 00:05:09 left
[K3.25 GB/5.54 GB | ===================               58.55% | 7.5 MB/s | 00:05:09 left
[K3.25 GB/5.54 GB | ===================               58.56% | 8.0 MB/s | 00:04:46 left
[K3.25 GB/5.54 GB | ===================               58.58% | 8.0 MB/s | 00:04:46 left
[K3.25 GB/5.54 GB | ===================               58.59% | 8.0 MB/s | 00:04:46 left
[K3.25 GB/5.54 GB | ===================               58.60% | 8.0 MB/s | 00:04:46 left
[K3.25 GB/5.54 GB | ===================               58.62% | 8.0 MB/s | 00:04:46 left
[K3.25 GB/5.54 GB | ===================               58.63% | 8.0 MB/s | 00:04:46 left
[K3.25 GB/5.54 GB | ===================               58.64% | 8.0 MB/s | 00:04:46 left
[K3.25 GB/5.54 GB | ===================               58.66% | 8.0 MB/s | 00:04:46 left
[K3.25 GB/5.54 GB | ===================               58.67% | 8.0 MB/s | 00:04:46 left
[K3.25 GB/5.54 GB | ===================               58.68% | 8.0 MB/s | 00:04:46 left
[K3.25 GB/5.54 GB | ===================               58.69% | 7.9 MB/s | 00:04:48 left
[K3.26 GB/5.54 GB | ===================               58.70% | 7.9 MB/s | 00:04:48 left
[K3.26 GB/5.54 GB | ===================               58.72% | 7.9 MB/s | 00:04:48 left
[K3.26 GB/5.54 GB | ===================               58.73% | 7.9 MB/s | 00:04:48 left
[K3.26 GB/5.54 GB | ===================               58.74% | 7.9 MB/s | 00:04:48 left
[K3.26 GB/5.54 GB | ===================               58.76% | 7.9 MB/s | 00:04:48 left
[K3.26 GB/5.54 GB | ===================               58.77% | 7.9 MB/s | 00:04:48 left
[K3.26 GB/5.54 GB | ===================               58.78% | 7.9 MB/s | 00:04:48 left
[K3.26 GB/5.54 GB | ===================               58.79% | 7.9 MB/s | 00:04:48 left
[K3.26 GB/5.54 GB | ===================               58.81% | 7.9 MB/s | 00:04:48 left
[K3.26 GB/5.54 GB | ===================               58.82% | 7.8 MB/s | 00:04:52 left
[K3.26 GB/5.54 GB | ===================               58.83% | 7.8 MB/s | 00:04:52 left
[K3.26 GB/5.54 GB | ===================               58.85% | 7.8 MB/s | 00:04:52 left
[K3.26 GB/5.54 GB | ===================               58.86% | 7.8 MB/s | 00:04:52 left
[K3.26 GB/5.54 GB | ===================               58.87% | 7.8 MB/s | 00:04:52 left
[K3.27 GB/5.54 GB | ===================               58.88% | 7.8 MB/s | 00:04:52 left
[K3.27 GB/5.54 GB | ===================               58.90% | 7.8 MB/s | 00:04:52 left
[K3.27 GB/5.54 GB | ===================               58.91% | 7.8 MB/s | 00:04:52 left
[K3.27 GB/5.54 GB | ===================               58.92% | 7.8 MB/s | 00:04:52 left
[K3.27 GB/5.54 GB | ===================               58.94% | 7.8 MB/s | 00:04:52 left
[K3.27 GB/5.54 GB | ===================               58.95% | 8.1 MB/s | 00:04:43 left
[K3.27 GB/5.54 GB | ===================               58.97% | 8.1 MB/s | 00:04:43 left
[K3.27 GB/5.54 GB | ===================               58.98% | 8.1 MB/s | 00:04:43 left
[K3.27 GB/5.54 GB | ===================               59.00% | 8.1 MB/s | 00:04:43 left
[K3.27 GB/5.54 GB | ===================               59.01% | 8.1 MB/s | 00:04:43 left
[K3.27 GB/5.54 GB | ===================               59.02% | 8.1 MB/s | 00:04:43 left
[K3.27 GB/5.54 GB | ===================               59.03% | 8.1 MB/s | 00:04:43 left
[K3.27 GB/5.54 GB | ===================               59.05% | 8.1 MB/s | 00:04:43 left
[K3.27 GB/5.54 GB | ===================               59.06% | 8.1 MB/s | 00:04:43 left
[K3.28 GB/5.54 GB | ===================               59.08% | 8.1 MB/s | 00:04:43 left
[K3.28 GB/5.54 GB | ===================               59.09% | 8.4 MB/s | 00:04:30 left
[K3.28 GB/5.54 GB | ===================               59.11% | 8.4 MB/s | 00:04:30 left
[K3.28 GB/5.54 GB | ===================               59.12% | 8.4 MB/s | 00:04:30 left
[K3.28 GB/5.54 GB | ===================               59.14% | 8.4 MB/s | 00:04:30 left
[K3.28 GB/5.54 GB | ===================               59.15% | 8.4 MB/s | 00:04:30 left
[K3.28 GB/5.54 GB | ===================               59.16% | 8.4 MB/s | 00:04:30 left
[K3.28 GB/5.54 GB | ===================               59.18% | 8.4 MB/s | 00:04:30 left
[K3.28 GB/5.54 GB | ===================               59.20% | 8.4 MB/s | 00:04:30 left
[K3.28 GB/5.54 GB | ===================               59.22% | 8.4 MB/s | 00:04:30 left
[K3.28 GB/5.54 GB | ===================               59.24% | 8.4 MB/s | 00:04:30 left
[K3.29 GB/5.54 GB | ===================               59.26% | 10.2 MB/s | 00:03:42 left
[K3.29 GB/5.54 GB | ===================               59.27% | 10.2 MB/s | 00:03:42 left
[K3.29 GB/5.54 GB | ===================               59.29% | 10.2 MB/s | 00:03:42 left
[K3.29 GB/5.54 GB | ===================               59.30% | 10.2 MB/s | 00:03:42 left
[K3.29 GB/5.54 GB | ===================               59.32% | 10.2 MB/s | 00:03:42 left
[K3.29 GB/5.54 GB | ===================               59.33% | 10.2 MB/s | 00:03:42 left
[K3.29 GB/5.54 GB | ===================               59.34% | 10.2 MB/s | 00:03:42 left
[K3.29 GB/5.54 GB | ===================               59.36% | 10.2 MB/s | 00:03:42 left
[K3.29 GB/5.54 GB | ===================               59.37% | 10.2 MB/s | 00:03:42 left
[K3.29 GB/5.54 GB | ===================               59.39% | 10.2 MB/s | 00:03:42 left
[K3.29 GB/5.54 GB | ===================               59.40% | 8.8 MB/s | 00:04:15 left
[K3.29 GB/5.54 GB | ===================               59.42% | 8.8 MB/s | 00:04:15 left
[K3.30 GB/5.54 GB | ===================               59.43% | 8.8 MB/s | 00:04:15 left
[K3.30 GB/5.54 GB | ===================               59.44% | 8.8 MB/s | 00:04:15 left
[K3.30 GB/5.54 GB | ===================               59.46% | 8.8 MB/s | 00:04:15 left
[K3.30 GB/5.54 GB | ===================               59.47% | 8.8 MB/s | 00:04:15 left
[K3.30 GB/5.54 GB | ===================               59.49% | 8.8 MB/s | 00:04:15 left
[K3.30 GB/5.54 GB | ===================               59.50% | 8.8 MB/s | 00:04:15 left
[K3.30 GB/5.54 GB | ===================               59.52% | 8.8 MB/s | 00:04:15 left
[K3.30 GB/5.54 GB | ===================               59.53% | 8.8 MB/s | 00:04:15 left
[K3.30 GB/5.54 GB | ===================               59.54% | 8.8 MB/s | 00:04:15 left
[K3.30 GB/5.54 GB | ===================               59.56% | 8.5 MB/s | 00:04:22 left
[K3.30 GB/5.54 GB | ===================               59.57% | 8.5 MB/s | 00:04:22 left
[K3.30 GB/5.54 GB | ===================               59.59% | 8.5 MB/s | 00:04:22 left
[K3.30 GB/5.54 GB | ===================               59.60% | 8.5 MB/s | 00:04:22 left
[K3.31 GB/5.54 GB | ===================               59.62% | 8.5 MB/s | 00:04:22 left
[K3.31 GB/5.54 GB | ===================               59.63% | 8.5 MB/s | 00:04:22 left
[K3.31 GB/5.54 GB | ===================               59.64% | 8.5 MB/s | 00:04:22 left
[K3.31 GB/5.54 GB | ===================               59.66% | 8.5 MB/s | 00:04:22 left
[K3.31 GB/5.54 GB | ===================               59.67% | 8.5 MB/s | 00:04:22 left
[K3.31 GB/5.54 GB | ===================               59.69% | 8.5 MB/s | 00:04:22 left
[K3.31 GB/5.54 GB | ===================               59.70% | 8.8 MB/s | 00:04:15 left
[K3.31 GB/5.54 GB | ===================               59.72% | 8.8 MB/s | 00:04:15 left
[K3.31 GB/5.54 GB | ===================               59.73% | 8.8 MB/s | 00:04:15 left
[K3.31 GB/5.54 GB | ===================               59.75% | 8.8 MB/s | 00:04:15 left
[K3.31 GB/5.54 GB | ===================               59.76% | 8.8 MB/s | 00:04:15 left
[K3.31 GB/5.54 GB | ===================               59.77% | 8.8 MB/s | 00:04:15 left
[K3.32 GB/5.54 GB | ===================               59.79% | 8.8 MB/s | 00:04:15 left
[K3.32 GB/5.54 GB | ===================               59.80% | 8.8 MB/s | 00:04:15 left
[K3.32 GB/5.54 GB | ===================               59.81% | 8.8 MB/s | 00:04:15 left
[K3.32 GB/5.54 GB | ===================               59.82% | 8.8 MB/s | 00:04:15 left
[K3.32 GB/5.54 GB | ===================               59.84% | 8.1 MB/s | 00:04:36 left
[K3.32 GB/5.54 GB | ===================               59.85% | 8.1 MB/s | 00:04:36 left
[K3.32 GB/5.54 GB | ===================               59.87% | 8.1 MB/s | 00:04:36 left
[K3.32 GB/5.54 GB | ===================               59.88% | 8.1 MB/s | 00:04:36 left
[K3.32 GB/5.54 GB | ===================               59.90% | 8.1 MB/s | 00:04:36 left
[K3.32 GB/5.54 GB | ===================               59.91% | 8.1 MB/s | 00:04:36 left
[K3.32 GB/5.54 GB | ===================               59.93% | 8.1 MB/s | 00:04:36 left
[K3.32 GB/5.54 GB | ===================               59.94% | 8.1 MB/s | 00:04:36 left
[K3.32 GB/5.54 GB | ===================               59.95% | 8.1 MB/s | 00:04:36 left
[K3.33 GB/5.54 GB | ===================               59.97% | 8.1 MB/s | 00:04:36 left
[K3.33 GB/5.54 GB | ===================               59.98% | 8.9 MB/s | 00:04:09 left
[K3.33 GB/5.54 GB | ===================               60.00% | 8.9 MB/s | 00:04:09 left
[K3.33 GB/5.54 GB | ===================               60.01% | 8.9 MB/s | 00:04:09 left
[K3.33 GB/5.54 GB | ===================               60.03% | 8.9 MB/s | 00:04:09 left
[K3.33 GB/5.54 GB | ===================               60.04% | 8.9 MB/s | 00:04:09 left
[K3.33 GB/5.54 GB | ===================               60.05% | 8.9 MB/s | 00:04:09 left
[K3.33 GB/5.54 GB | ===================               60.07% | 8.9 MB/s | 00:04:09 left
[K3.33 GB/5.54 GB | ===================               60.08% | 8.9 MB/s | 00:04:09 left
[K3.33 GB/5.54 GB | ===================               60.10% | 8.9 MB/s | 00:04:09 left
[K3.33 GB/5.54 GB | ===================               60.11% | 8.9 MB/s | 00:04:09 left
[K3.33 GB/5.54 GB | ===================               60.12% | 8.6 MB/s | 00:04:18 left
[K3.33 GB/5.54 GB | ===================               60.14% | 8.6 MB/s | 00:04:18 left
[K3.34 GB/5.54 GB | ===================               60.15% | 8.6 MB/s | 00:04:18 left
[K3.34 GB/5.54 GB | ===================               60.16% | 8.6 MB/s | 00:04:18 left
[K3.34 GB/5.54 GB | ===================               60.18% | 8.6 MB/s | 00:04:18 left
[K3.34 GB/5.54 GB | ===================               60.19% | 8.6 MB/s | 00:04:18 left
[K3.34 GB/5.54 GB | ===================               60.21% | 8.6 MB/s | 00:04:18 left
[K3.34 GB/5.54 GB | ===================               60.22% | 8.6 MB/s | 00:04:18 left
[K3.34 GB/5.54 GB | ===================               60.23% | 8.6 MB/s | 00:04:18 left
[K3.34 GB/5.54 GB | ===================               60.25% | 8.6 MB/s | 00:04:18 left
[K3.34 GB/5.54 GB | ===================               60.26% | 8.6 MB/s | 00:04:15 left
[K3.34 GB/5.54 GB | ===================               60.28% | 8.6 MB/s | 00:04:15 left
[K3.34 GB/5.54 GB | ===================               60.30% | 8.6 MB/s | 00:04:15 left
[K3.34 GB/5.54 GB | ===================               60.31% | 8.6 MB/s | 00:04:15 left
[K3.35 GB/5.54 GB | ===================               60.33% | 8.6 MB/s | 00:04:15 left
[K3.35 GB/5.54 GB | ===================               60.34% | 8.6 MB/s | 00:04:15 left
[K3.35 GB/5.54 GB | ===================               60.36% | 8.6 MB/s | 00:04:15 left
[K3.35 GB/5.54 GB | ===================               60.37% | 8.6 MB/s | 00:04:15 left
[K3.35 GB/5.54 GB | ===================               60.39% | 8.6 MB/s | 00:04:15 left
[K3.35 GB/5.54 GB | ===================               60.40% | 8.6 MB/s | 00:04:15 left
[K3.35 GB/5.54 GB | ===================               60.42% | 9.2 MB/s | 00:03:58 left
[K3.35 GB/5.54 GB | ===================               60.43% | 9.2 MB/s | 00:03:58 left
[K3.35 GB/5.54 GB | ===================               60.45% | 9.2 MB/s | 00:03:58 left
[K3.35 GB/5.54 GB | ===================               60.46% | 9.2 MB/s | 00:03:58 left
[K3.35 GB/5.54 GB | ===================               60.48% | 9.2 MB/s | 00:03:58 left
[K3.35 GB/5.54 GB | ===================               60.49% | 9.2 MB/s | 00:03:58 left
[K3.35 GB/5.54 GB | ===================               60.51% | 9.2 MB/s | 00:03:58 left
[K3.36 GB/5.54 GB | ===================               60.52% | 9.2 MB/s | 00:03:58 left
[K3.36 GB/5.54 GB | ===================               60.54% | 9.2 MB/s | 00:03:58 left
[K3.36 GB/5.54 GB | ===================               60.55% | 9.2 MB/s | 00:03:58 left
[K3.36 GB/5.54 GB | ===================               60.57% | 9.0 MB/s | 00:04:03 left
[K3.36 GB/5.54 GB | ===================               60.58% | 9.0 MB/s | 00:04:03 left
[K3.36 GB/5.54 GB | ===================               60.59% | 9.0 MB/s | 00:04:03 left
[K3.36 GB/5.54 GB | ====================              60.61% | 9.0 MB/s | 00:04:03 left
[K3.36 GB/5.54 GB | ====================              60.63% | 9.0 MB/s | 00:04:03 left
[K3.36 GB/5.54 GB | ====================              60.64% | 9.0 MB/s | 00:04:03 left
[K3.36 GB/5.54 GB | ====================              60.66% | 9.0 MB/s | 00:04:03 left
[K3.36 GB/5.54 GB | ====================              60.67% | 9.0 MB/s | 00:04:03 left
[K3.36 GB/5.54 GB | ====================              60.69% | 9.0 MB/s | 00:04:03 left
[K3.37 GB/5.54 GB | ====================              60.70% | 9.0 MB/s | 00:04:03 left
[K3.37 GB/5.54 GB | ====================              60.72% | 9.3 MB/s | 00:03:53 left
[K3.37 GB/5.54 GB | ====================              60.73% | 9.3 MB/s | 00:03:53 left
[K3.37 GB/5.54 GB | ====================              60.75% | 9.3 MB/s | 00:03:53 left
[K3.37 GB/5.54 GB | ====================              60.76% | 9.3 MB/s | 00:03:53 left
[K3.37 GB/5.54 GB | ====================              60.78% | 9.3 MB/s | 00:03:53 left
[K3.37 GB/5.54 GB | ====================              60.79% | 9.3 MB/s | 00:03:53 left
[K3.37 GB/5.54 GB | ====================              60.81% | 9.3 MB/s | 00:03:53 left
[K3.37 GB/5.54 GB | ====================              60.82% | 9.3 MB/s | 00:03:53 left
[K3.37 GB/5.54 GB | ====================              60.84% | 9.3 MB/s | 00:03:53 left
[K3.37 GB/5.54 GB | ====================              60.85% | 9.3 MB/s | 00:03:53 left
[K3.38 GB/5.54 GB | ====================              60.87% | 9.0 MB/s | 00:04:00 left
[K3.38 GB/5.54 GB | ====================              60.88% | 9.0 MB/s | 00:04:00 left
[K3.38 GB/5.54 GB | ====================              60.90% | 9.0 MB/s | 00:04:00 left
[K3.38 GB/5.54 GB | ====================              60.91% | 9.0 MB/s | 00:04:00 left
[K3.38 GB/5.54 GB | ====================              60.93% | 9.0 MB/s | 00:04:00 left
[K3.38 GB/5.54 GB | ====================              60.95% | 9.0 MB/s | 00:04:00 left
[K3.38 GB/5.54 GB | ====================              60.96% | 9.0 MB/s | 00:04:00 left
[K3.38 GB/5.54 GB | ====================              60.98% | 9.0 MB/s | 00:04:00 left
[K3.38 GB/5.54 GB | ====================              60.99% | 9.0 MB/s | 00:04:00 left
[K3.38 GB/5.54 GB | ====================              61.00% | 9.0 MB/s | 00:04:00 left
[K3.38 GB/5.54 GB | ====================              61.02% | 8.6 MB/s | 00:04:10 left
[K3.38 GB/5.54 GB | ====================              61.03% | 8.6 MB/s | 00:04:10 left
[K3.38 GB/5.54 GB | ====================              61.04% | 8.6 MB/s | 00:04:10 left
[K3.39 GB/5.54 GB | ====================              61.06% | 8.6 MB/s | 00:04:10 left
[K3.39 GB/5.54 GB | ====================              61.07% | 8.6 MB/s | 00:04:10 left
[K3.39 GB/5.54 GB | ====================              61.09% | 8.6 MB/s | 00:04:10 left
[K3.39 GB/5.54 GB | ====================              61.10% | 8.6 MB/s | 00:04:10 left
[K3.39 GB/5.54 GB | ====================              61.12% | 8.6 MB/s | 00:04:10 left
[K3.39 GB/5.54 GB | ====================              61.13% | 8.6 MB/s | 00:04:10 left
[K3.39 GB/5.54 GB | ====================              61.15% | 8.6 MB/s | 00:04:10 left
[K3.39 GB/5.54 GB | ====================              61.16% | 8.7 MB/s | 00:04:06 left
[K3.39 GB/5.54 GB | ====================              61.17% | 8.7 MB/s | 00:04:06 left
[K3.39 GB/5.54 GB | ====================              61.19% | 8.7 MB/s | 00:04:06 left
[K3.39 GB/5.54 GB | ====================              61.20% | 8.7 MB/s | 00:04:06 left
[K3.39 GB/5.54 GB | ====================              61.22% | 8.7 MB/s | 00:04:06 left
[K3.40 GB/5.54 GB | ====================              61.23% | 8.7 MB/s | 00:04:06 left
[K3.40 GB/5.54 GB | ====================              61.24% | 8.7 MB/s | 00:04:06 left
[K3.40 GB/5.54 GB | ====================              61.26% | 8.7 MB/s | 00:04:06 left
[K3.40 GB/5.54 GB | ====================              61.27% | 8.7 MB/s | 00:04:06 left
[K3.40 GB/5.54 GB | ====================              61.29% | 8.7 MB/s | 00:04:06 left
[K3.40 GB/5.54 GB | ====================              61.30% | 8.5 MB/s | 00:04:12 left
[K3.40 GB/5.54 GB | ====================              61.31% | 8.5 MB/s | 00:04:12 left
[K3.40 GB/5.54 GB | ====================              61.33% | 8.5 MB/s | 00:04:12 left
[K3.40 GB/5.54 GB | ====================              61.34% | 8.5 MB/s | 00:04:12 left
[K3.40 GB/5.54 GB | ====================              61.35% | 8.5 MB/s | 00:04:12 left
[K3.40 GB/5.54 GB | ====================              61.37% | 8.5 MB/s | 00:04:12 left
[K3.40 GB/5.54 GB | ====================              61.38% | 8.5 MB/s | 00:04:12 left
[K3.40 GB/5.54 GB | ====================              61.40% | 8.5 MB/s | 00:04:12 left
[K3.40 GB/5.54 GB | ====================              61.41% | 8.5 MB/s | 00:04:12 left
[K3.41 GB/5.54 GB | ====================              61.42% | 8.5 MB/s | 00:04:12 left
[K3.41 GB/5.54 GB | ====================              61.43% | 8.1 MB/s | 00:04:24 left
[K3.41 GB/5.54 GB | ====================              61.45% | 8.1 MB/s | 00:04:24 left
[K3.41 GB/5.54 GB | ====================              61.46% | 8.1 MB/s | 00:04:24 left
[K3.41 GB/5.54 GB | ====================              61.47% | 8.1 MB/s | 00:04:24 left
[K3.41 GB/5.54 GB | ====================              61.49% | 8.1 MB/s | 00:04:24 left
[K3.41 GB/5.54 GB | ====================              61.50% | 8.1 MB/s | 00:04:24 left
[K3.41 GB/5.54 GB | ====================              61.51% | 8.1 MB/s | 00:04:24 left
[K3.41 GB/5.54 GB | ====================              61.52% | 8.1 MB/s | 00:04:24 left
[K3.41 GB/5.54 GB | ====================              61.54% | 8.1 MB/s | 00:04:24 left
[K3.41 GB/5.54 GB | ====================              61.55% | 8.1 MB/s | 00:04:24 left
[K3.41 GB/5.54 GB | ====================              61.56% | 7.9 MB/s | 00:04:31 left
[K3.41 GB/5.54 GB | ====================              61.58% | 7.9 MB/s | 00:04:31 left
[K3.42 GB/5.54 GB | ====================              61.59% | 7.9 MB/s | 00:04:31 left
[K3.42 GB/5.54 GB | ====================              61.60% | 7.9 MB/s | 00:04:31 left
[K3.42 GB/5.54 GB | ====================              61.62% | 7.9 MB/s | 00:04:31 left
[K3.42 GB/5.54 GB | ====================              61.63% | 7.9 MB/s | 00:04:31 left
[K3.42 GB/5.54 GB | ====================              61.64% | 7.9 MB/s | 00:04:31 left
[K3.42 GB/5.54 GB | ====================              61.65% | 7.9 MB/s | 00:04:31 left
[K3.42 GB/5.54 GB | ====================              61.67% | 7.9 MB/s | 00:04:31 left
[K3.42 GB/5.54 GB | ====================              61.68% | 7.9 MB/s | 00:04:31 left
[K3.42 GB/5.54 GB | ====================              61.69% | 8.0 MB/s | 00:04:26 left
[K3.42 GB/5.54 GB | ====================              61.71% | 8.0 MB/s | 00:04:26 left
[K3.42 GB/5.54 GB | ====================              61.72% | 8.0 MB/s | 00:04:26 left
[K3.42 GB/5.54 GB | ====================              61.74% | 8.0 MB/s | 00:04:26 left
[K3.42 GB/5.54 GB | ====================              61.75% | 8.0 MB/s | 00:04:26 left
[K3.42 GB/5.54 GB | ====================              61.76% | 8.0 MB/s | 00:04:26 left
[K3.43 GB/5.54 GB | ====================              61.78% | 8.0 MB/s | 00:04:26 left
[K3.43 GB/5.54 GB | ====================              61.79% | 8.0 MB/s | 00:04:26 left
[K3.43 GB/5.54 GB | ====================              61.81% | 8.0 MB/s | 00:04:26 left
[K3.43 GB/5.54 GB | ====================              61.82% | 8.0 MB/s | 00:04:26 left
[K3.43 GB/5.54 GB | ====================              61.84% | 8.7 MB/s | 00:04:03 left
[K3.43 GB/5.54 GB | ====================              61.85% | 8.7 MB/s | 00:04:03 left
[K3.43 GB/5.54 GB | ====================              61.87% | 8.7 MB/s | 00:04:03 left
[K3.43 GB/5.54 GB | ====================              61.88% | 8.7 MB/s | 00:04:03 left
[K3.43 GB/5.54 GB | ====================              61.89% | 8.7 MB/s | 00:04:03 left
[K3.43 GB/5.54 GB | ====================              61.91% | 8.7 MB/s | 00:04:03 left
[K3.43 GB/5.54 GB | ====================              61.92% | 8.7 MB/s | 00:04:03 left
[K3.43 GB/5.54 GB | ====================              61.94% | 8.7 MB/s | 00:04:03 left
[K3.44 GB/5.54 GB | ====================              61.95% | 8.7 MB/s | 00:04:03 left
[K3.44 GB/5.54 GB | ====================              61.97% | 8.7 MB/s | 00:04:03 left
[K3.44 GB/5.54 GB | ====================              61.98% | 8.9 MB/s | 00:03:56 left
[K3.44 GB/5.54 GB | ====================              62.00% | 8.9 MB/s | 00:03:56 left
[K3.44 GB/5.54 GB | ====================              62.01% | 8.9 MB/s | 00:03:56 left
[K3.44 GB/5.54 GB | ====================              62.03% | 8.9 MB/s | 00:03:56 left
[K3.44 GB/5.54 GB | ====================              62.04% | 8.9 MB/s | 00:03:56 left
[K3.44 GB/5.54 GB | ====================              62.06% | 8.9 MB/s | 00:03:56 left
[K3.44 GB/5.54 GB | ====================              62.07% | 8.9 MB/s | 00:03:56 left
[K3.44 GB/5.54 GB | ====================              62.08% | 8.9 MB/s | 00:03:56 left
[K3.44 GB/5.54 GB | ====================              62.10% | 8.9 MB/s | 00:03:56 left
[K3.44 GB/5.54 GB | ====================              62.11% | 8.9 MB/s | 00:03:56 left
[K3.44 GB/5.54 GB | ====================              62.13% | 9.0 MB/s | 00:03:53 left
[K3.45 GB/5.54 GB | ====================              62.14% | 9.0 MB/s | 00:03:53 left
[K3.45 GB/5.54 GB | ====================              62.16% | 9.0 MB/s | 00:03:53 left
[K3.45 GB/5.54 GB | ====================              62.17% | 9.0 MB/s | 00:03:53 left
[K3.45 GB/5.54 GB | ====================              62.19% | 9.0 MB/s | 00:03:53 left
[K3.45 GB/5.54 GB | ====================              62.20% | 9.0 MB/s | 00:03:53 left
[K3.45 GB/5.54 GB | ====================              62.22% | 9.0 MB/s | 00:03:53 left
[K3.45 GB/5.54 GB | ====================              62.23% | 9.0 MB/s | 00:03:53 left
[K3.45 GB/5.54 GB | ====================              62.25% | 9.0 MB/s | 00:03:53 left
[K3.45 GB/5.54 GB | ====================              62.26% | 9.0 MB/s | 00:03:53 left
[K3.45 GB/5.54 GB | ====================              62.28% | 9.1 MB/s | 00:03:50 left
[K3.45 GB/5.54 GB | ====================              62.29% | 9.1 MB/s | 00:03:50 left
[K3.45 GB/5.54 GB | ====================              62.31% | 9.1 MB/s | 00:03:50 left
[K3.46 GB/5.54 GB | ====================              62.32% | 9.1 MB/s | 00:03:50 left
[K3.46 GB/5.54 GB | ====================              62.33% | 9.1 MB/s | 00:03:50 left
[K3.46 GB/5.54 GB | ====================              62.35% | 9.1 MB/s | 00:03:50 left
[K3.46 GB/5.54 GB | ====================              62.36% | 9.1 MB/s | 00:03:50 left
[K3.46 GB/5.54 GB | ====================              62.38% | 9.1 MB/s | 00:03:50 left
[K3.46 GB/5.54 GB | ====================              62.40% | 9.1 MB/s | 00:03:50 left
[K3.46 GB/5.54 GB | ====================              62.41% | 9.1 MB/s | 00:03:50 left
[K3.46 GB/5.54 GB | ====================              62.43% | 9.1 MB/s | 00:03:50 left
[K3.46 GB/5.54 GB | ====================              62.45% | 9.4 MB/s | 00:03:42 left
[K3.46 GB/5.54 GB | ====================              62.46% | 9.4 MB/s | 00:03:42 left
[K3.46 GB/5.54 GB | ====================              62.48% | 9.4 MB/s | 00:03:42 left
[K3.47 GB/5.54 GB | ====================              62.49% | 9.4 MB/s | 00:03:42 left
[K3.47 GB/5.54 GB | ====================              62.51% | 9.4 MB/s | 00:03:42 left
[K3.47 GB/5.54 GB | ====================              62.53% | 9.4 MB/s | 00:03:42 left
[K3.47 GB/5.54 GB | ====================              62.54% | 9.4 MB/s | 00:03:42 left
[K3.47 GB/5.54 GB | ====================              62.56% | 9.4 MB/s | 00:03:42 left
[K3.47 GB/5.54 GB | ====================              62.57% | 9.4 MB/s | 00:03:42 left
[K3.47 GB/5.54 GB | ====================              62.59% | 9.4 MB/s | 00:03:42 left
[K3.47 GB/5.54 GB | ====================              62.61% | 9.9 MB/s | 00:03:30 left
[K3.47 GB/5.54 GB | ====================              62.62% | 9.9 MB/s | 00:03:30 left
[K3.47 GB/5.54 GB | ====================              62.64% | 9.9 MB/s | 00:03:30 left
[K3.47 GB/5.54 GB | ====================              62.66% | 9.9 MB/s | 00:03:30 left
[K3.48 GB/5.54 GB | ====================              62.67% | 9.9 MB/s | 00:03:30 left
[K3.48 GB/5.54 GB | ====================              62.69% | 9.9 MB/s | 00:03:30 left
[K3.48 GB/5.54 GB | ====================              62.70% | 9.9 MB/s | 00:03:30 left
[K3.48 GB/5.54 GB | ====================              62.72% | 9.9 MB/s | 00:03:30 left
[K3.48 GB/5.54 GB | ====================              62.74% | 9.9 MB/s | 00:03:30 left
[K3.48 GB/5.54 GB | ====================              62.75% | 9.9 MB/s | 00:03:30 left
[K3.48 GB/5.54 GB | ====================              62.77% | 9.8 MB/s | 00:03:31 left
[K3.48 GB/5.54 GB | ====================              62.78% | 9.8 MB/s | 00:03:31 left
[K3.48 GB/5.54 GB | ====================              62.80% | 9.8 MB/s | 00:03:31 left
[K3.48 GB/5.54 GB | ====================              62.82% | 9.8 MB/s | 00:03:31 left
[K3.48 GB/5.54 GB | ====================              62.83% | 9.8 MB/s | 00:03:31 left
[K3.48 GB/5.54 GB | ====================              62.85% | 9.8 MB/s | 00:03:31 left
[K3.49 GB/5.54 GB | ====================              62.86% | 9.8 MB/s | 00:03:31 left
[K3.49 GB/5.54 GB | ====================              62.88% | 9.8 MB/s | 00:03:31 left
[K3.49 GB/5.54 GB | ====================              62.90% | 9.8 MB/s | 00:03:31 left
[K3.49 GB/5.54 GB | ====================              62.91% | 9.8 MB/s | 00:03:31 left
[K3.49 GB/5.54 GB | ====================              62.93% | 9.8 MB/s | 00:03:31 left
[K3.49 GB/5.54 GB | ====================              62.95% | 9.7 MB/s | 00:03:32 left
[K3.49 GB/5.54 GB | ====================              62.96% | 9.7 MB/s | 00:03:32 left
[K3.49 GB/5.54 GB | ====================              62.98% | 9.7 MB/s | 00:03:32 left
[K3.49 GB/5.54 GB | ====================              62.99% | 9.7 MB/s | 00:03:32 left
[K3.49 GB/5.54 GB | ====================              63.01% | 9.7 MB/s | 00:03:32 left
[K3.49 GB/5.54 GB | ====================              63.03% | 9.7 MB/s | 00:03:32 left
[K3.50 GB/5.54 GB | ====================              63.04% | 9.7 MB/s | 00:03:32 left
[K3.50 GB/5.54 GB | ====================              63.06% | 9.7 MB/s | 00:03:32 left
[K3.50 GB/5.54 GB | ====================              63.07% | 9.7 MB/s | 00:03:32 left
[K3.50 GB/5.54 GB | ====================              63.09% | 9.7 MB/s | 00:03:32 left
[K3.50 GB/5.54 GB | ====================              63.11% | 9.7 MB/s | 00:03:32 left
[K3.50 GB/5.54 GB | ====================              63.13% | 10.2 MB/s | 00:03:20 left
[K3.50 GB/5.54 GB | ====================              63.15% | 10.2 MB/s | 00:03:20 left
[K3.50 GB/5.54 GB | ====================              63.17% | 10.2 MB/s | 00:03:20 left
[K3.50 GB/5.54 GB | ====================              63.18% | 10.2 MB/s | 00:03:20 left
[K3.50 GB/5.54 GB | ====================              63.20% | 10.2 MB/s | 00:03:20 left
[K3.51 GB/5.54 GB | ====================              63.22% | 10.2 MB/s | 00:03:20 left
[K3.51 GB/5.54 GB | ====================              63.23% | 10.2 MB/s | 00:03:20 left
[K3.51 GB/5.54 GB | ====================              63.25% | 10.2 MB/s | 00:03:20 left
[K3.51 GB/5.54 GB | ====================              63.27% | 10.2 MB/s | 00:03:20 left
[K3.51 GB/5.54 GB | ====================              63.28% | 10.2 MB/s | 00:03:20 left
[K3.51 GB/5.54 GB | ====================              63.30% | 10.0 MB/s | 00:03:24 left
[K3.51 GB/5.54 GB | ====================              63.31% | 10.0 MB/s | 00:03:24 left
[K3.51 GB/5.54 GB | ====================              63.33% | 10.0 MB/s | 00:03:24 left
[K3.51 GB/5.54 GB | ====================              63.34% | 10.0 MB/s | 00:03:24 left
[K3.51 GB/5.54 GB | ====================              63.36% | 10.0 MB/s | 00:03:24 left
[K3.51 GB/5.54 GB | ====================              63.37% | 10.0 MB/s | 00:03:24 left
[K3.51 GB/5.54 GB | ====================              63.39% | 10.0 MB/s | 00:03:24 left
[K3.52 GB/5.54 GB | ====================              63.40% | 10.0 MB/s | 00:03:24 left
[K3.52 GB/5.54 GB | ====================              63.42% | 10.0 MB/s | 00:03:24 left
[K3.52 GB/5.54 GB | ====================              63.44% | 10.0 MB/s | 00:03:24 left
[K3.52 GB/5.54 GB | ====================              63.45% | 10.0 MB/s | 00:03:24 left
[K3.52 GB/5.54 GB | ====================              63.47% | 9.5 MB/s | 00:03:33 left
[K3.52 GB/5.54 GB | ====================              63.49% | 9.5 MB/s | 00:03:33 left
[K3.52 GB/5.54 GB | ====================              63.50% | 9.5 MB/s | 00:03:33 left
[K3.52 GB/5.54 GB | ====================              63.52% | 9.5 MB/s | 00:03:33 left
[K3.52 GB/5.54 GB | ====================              63.53% | 9.5 MB/s | 00:03:33 left
[K3.52 GB/5.54 GB | ====================              63.55% | 9.5 MB/s | 00:03:33 left
[K3.52 GB/5.54 GB | ====================              63.56% | 9.5 MB/s | 00:03:33 left
[K3.53 GB/5.54 GB | ====================              63.58% | 9.5 MB/s | 00:03:33 left
[K3.53 GB/5.54 GB | ====================              63.60% | 9.5 MB/s | 00:03:33 left
[K3.53 GB/5.54 GB | ====================              63.61% | 9.5 MB/s | 00:03:33 left
[K3.53 GB/5.54 GB | ====================              63.63% | 9.7 MB/s | 00:03:29 left
[K3.53 GB/5.54 GB | =====================             63.64% | 9.7 MB/s | 00:03:29 left
[K3.53 GB/5.54 GB | =====================             63.66% | 9.7 MB/s | 00:03:29 left
[K3.53 GB/5.54 GB | =====================             63.67% | 9.7 MB/s | 00:03:29 left
[K3.53 GB/5.54 GB | =====================             63.69% | 9.7 MB/s | 00:03:29 left
[K3.53 GB/5.54 GB | =====================             63.70% | 9.7 MB/s | 00:03:29 left
[K3.53 GB/5.54 GB | =====================             63.72% | 9.7 MB/s | 00:03:29 left
[K3.53 GB/5.54 GB | =====================             63.73% | 9.7 MB/s | 00:03:29 left
[K3.53 GB/5.54 GB | =====================             63.75% | 9.7 MB/s | 00:03:29 left
[K3.54 GB/5.54 GB | =====================             63.76% | 9.7 MB/s | 00:03:29 left
[K3.54 GB/5.54 GB | =====================             63.78% | 8.9 MB/s | 00:03:47 left
[K3.54 GB/5.54 GB | =====================             63.79% | 8.9 MB/s | 00:03:47 left
[K3.54 GB/5.54 GB | =====================             63.81% | 8.9 MB/s | 00:03:47 left
[K3.54 GB/5.54 GB | =====================             63.82% | 8.9 MB/s | 00:03:47 left
[K3.54 GB/5.54 GB | =====================             63.84% | 8.9 MB/s | 00:03:47 left
[K3.54 GB/5.54 GB | =====================             63.85% | 8.9 MB/s | 00:03:47 left
[K3.54 GB/5.54 GB | =====================             63.86% | 8.9 MB/s | 00:03:47 left
[K3.54 GB/5.54 GB | =====================             63.88% | 8.9 MB/s | 00:03:47 left
[K3.54 GB/5.54 GB | =====================             63.89% | 8.9 MB/s | 00:03:47 left
[K3.54 GB/5.54 GB | =====================             63.90% | 8.9 MB/s | 00:03:47 left
[K3.54 GB/5.54 GB | =====================             63.92% | 7.5 MB/s | 00:04:28 left
[K3.54 GB/5.54 GB | =====================             63.92% | 7.5 MB/s | 00:04:28 left
[K3.54 GB/5.54 GB | =====================             63.93% | 7.5 MB/s | 00:04:28 left
[K3.55 GB/5.54 GB | =====================             63.94% | 7.5 MB/s | 00:04:28 left
[K3.55 GB/5.54 GB | =====================             63.95% | 7.5 MB/s | 00:04:28 left
[K3.55 GB/5.54 GB | =====================             63.97% | 7.5 MB/s | 00:04:28 left
[K3.55 GB/5.54 GB | =====================             63.98% | 7.5 MB/s | 00:04:28 left
[K3.55 GB/5.54 GB | =====================             64.00% | 7.5 MB/s | 00:04:28 left
[K3.55 GB/5.54 GB | =====================             64.01% | 7.5 MB/s | 00:04:28 left
[K3.55 GB/5.54 GB | =====================             64.02% | 7.5 MB/s | 00:04:28 left
[K3.55 GB/5.54 GB | =====================             64.04% | 7.5 MB/s | 00:04:28 left
[K3.55 GB/5.54 GB | =====================             64.05% | 7.7 MB/s | 00:04:20 left
[K3.55 GB/5.54 GB | =====================             64.07% | 7.7 MB/s | 00:04:20 left
[K3.55 GB/5.54 GB | =====================             64.08% | 7.7 MB/s | 00:04:20 left
[K3.55 GB/5.54 GB | =====================             64.10% | 7.7 MB/s | 00:04:20 left
[K3.55 GB/5.54 GB | =====================             64.11% | 7.7 MB/s | 00:04:20 left
[K3.56 GB/5.54 GB | =====================             64.13% | 7.7 MB/s | 00:04:20 left
[K3.56 GB/5.54 GB | =====================             64.14% | 7.7 MB/s | 00:04:20 left
[K3.56 GB/5.54 GB | =====================             64.16% | 7.7 MB/s | 00:04:20 left
[K3.56 GB/5.54 GB | =====================             64.17% | 7.7 MB/s | 00:04:20 left
[K3.56 GB/5.54 GB | =====================             64.18% | 7.7 MB/s | 00:04:20 left
[K3.56 GB/5.54 GB | =====================             64.20% | 8.7 MB/s | 00:03:48 left
[K3.56 GB/5.54 GB | =====================             64.21% | 8.7 MB/s | 00:03:48 left
[K3.56 GB/5.54 GB | =====================             64.23% | 8.7 MB/s | 00:03:48 left
[K3.56 GB/5.54 GB | =====================             64.24% | 8.7 MB/s | 00:03:48 left
[K3.56 GB/5.54 GB | =====================             64.26% | 8.7 MB/s | 00:03:48 left
[K3.56 GB/5.54 GB | =====================             64.27% | 8.7 MB/s | 00:03:48 left
[K3.56 GB/5.54 GB | =====================             64.29% | 8.7 MB/s | 00:03:48 left
[K3.57 GB/5.54 GB | =====================             64.30% | 8.7 MB/s | 00:03:48 left
[K3.57 GB/5.54 GB | =====================             64.32% | 8.7 MB/s | 00:03:48 left
[K3.57 GB/5.54 GB | =====================             64.34% | 8.7 MB/s | 00:03:48 left
[K3.57 GB/5.54 GB | =====================             64.35% | 9.0 MB/s | 00:03:39 left
[K3.57 GB/5.54 GB | =====================             64.36% | 9.0 MB/s | 00:03:39 left
[K3.57 GB/5.54 GB | =====================             64.38% | 9.0 MB/s | 00:03:39 left
[K3.57 GB/5.54 GB | =====================             64.39% | 9.0 MB/s | 00:03:39 left
[K3.57 GB/5.54 GB | =====================             64.41% | 9.0 MB/s | 00:03:39 left
[K3.57 GB/5.54 GB | =====================             64.43% | 9.0 MB/s | 00:03:39 left
[K3.57 GB/5.54 GB | =====================             64.44% | 9.0 MB/s | 00:03:39 left
[K3.57 GB/5.54 GB | =====================             64.46% | 9.0 MB/s | 00:03:39 left
[K3.57 GB/5.54 GB | =====================             64.47% | 9.0 MB/s | 00:03:39 left
[K3.58 GB/5.54 GB | =====================             64.49% | 9.0 MB/s | 00:03:39 left
[K3.58 GB/5.54 GB | =====================             64.50% | 9.6 MB/s | 00:03:25 left
[K3.58 GB/5.54 GB | =====================             64.52% | 9.6 MB/s | 00:03:25 left
[K3.58 GB/5.54 GB | =====================             64.54% | 9.6 MB/s | 00:03:25 left
[K3.58 GB/5.54 GB | =====================             64.55% | 9.6 MB/s | 00:03:25 left
[K3.58 GB/5.54 GB | =====================             64.57% | 9.6 MB/s | 00:03:25 left
[K3.58 GB/5.54 GB | =====================             64.58% | 9.6 MB/s | 00:03:25 left
[K3.58 GB/5.54 GB | =====================             64.60% | 9.6 MB/s | 00:03:25 left
[K3.58 GB/5.54 GB | =====================             64.62% | 9.6 MB/s | 00:03:25 left
[K3.58 GB/5.54 GB | =====================             64.63% | 9.6 MB/s | 00:03:25 left
[K3.58 GB/5.54 GB | =====================             64.65% | 9.6 MB/s | 00:03:25 left
[K3.59 GB/5.54 GB | =====================             64.66% | 9.6 MB/s | 00:03:25 left
[K3.59 GB/5.54 GB | =====================             64.68% | 9.6 MB/s | 00:03:25 left
[K3.59 GB/5.54 GB | =====================             64.69% | 9.6 MB/s | 00:03:25 left
[K3.59 GB/5.54 GB | =====================             64.71% | 9.6 MB/s | 00:03:25 left
[K3.59 GB/5.54 GB | =====================             64.72% | 9.6 MB/s | 00:03:25 left
[K3.59 GB/5.54 GB | =====================             64.74% | 9.6 MB/s | 00:03:25 left
[K3.59 GB/5.54 GB | =====================             64.76% | 9.6 MB/s | 00:03:25 left
[K3.59 GB/5.54 GB | =====================             64.77% | 9.6 MB/s | 00:03:25 left
[K3.59 GB/5.54 GB | =====================             64.79% | 9.6 MB/s | 00:03:25 left
[K3.59 GB/5.54 GB | =====================             64.80% | 9.6 MB/s | 00:03:25 left
[K3.59 GB/5.54 GB | =====================             64.82% | 9.7 MB/s | 00:03:22 left
[K3.60 GB/5.54 GB | =====================             64.84% | 9.7 MB/s | 00:03:22 left
[K3.60 GB/5.54 GB | =====================             64.85% | 9.7 MB/s | 00:03:22 left
[K3.60 GB/5.54 GB | =====================             64.87% | 9.7 MB/s | 00:03:22 left
[K3.60 GB/5.54 GB | =====================             64.88% | 9.7 MB/s | 00:03:22 left
[K3.60 GB/5.54 GB | =====================             64.90% | 9.7 MB/s | 00:03:22 left
[K3.60 GB/5.54 GB | =====================             64.91% | 9.7 MB/s | 00:03:22 left
[K3.60 GB/5.54 GB | =====================             64.93% | 9.7 MB/s | 00:03:22 left
[K3.60 GB/5.54 GB | =====================             64.95% | 9.7 MB/s | 00:03:22 left
[K3.60 GB/5.54 GB | =====================             64.96% | 9.7 MB/s | 00:03:22 left
[K3.60 GB/5.54 GB | =====================             64.98% | 9.8 MB/s | 00:03:19 left
[K3.60 GB/5.54 GB | =====================             64.99% | 9.8 MB/s | 00:03:19 left
[K3.60 GB/5.54 GB | =====================             65.01% | 9.8 MB/s | 00:03:19 left
[K3.61 GB/5.54 GB | =====================             65.03% | 9.8 MB/s | 00:03:19 left
[K3.61 GB/5.54 GB | =====================             65.04% | 9.8 MB/s | 00:03:19 left
[K3.61 GB/5.54 GB | =====================             65.06% | 9.8 MB/s | 00:03:19 left
[K3.61 GB/5.54 GB | =====================             65.07% | 9.8 MB/s | 00:03:19 left
[K3.61 GB/5.54 GB | =====================             65.09% | 9.8 MB/s | 00:03:19 left
[K3.61 GB/5.54 GB | =====================             65.11% | 9.8 MB/s | 00:03:19 left
[K3.61 GB/5.54 GB | =====================             65.12% | 9.8 MB/s | 00:03:19 left
[K3.61 GB/5.54 GB | =====================             65.13% | 9.2 MB/s | 00:03:31 left
[K3.61 GB/5.54 GB | =====================             65.15% | 9.2 MB/s | 00:03:31 left
[K3.61 GB/5.54 GB | =====================             65.16% | 9.2 MB/s | 00:03:31 left
[K3.61 GB/5.54 GB | =====================             65.17% | 9.2 MB/s | 00:03:31 left
[K3.61 GB/5.54 GB | =====================             65.19% | 9.2 MB/s | 00:03:31 left
[K3.62 GB/5.54 GB | =====================             65.21% | 9.2 MB/s | 00:03:31 left
[K3.62 GB/5.54 GB | =====================             65.22% | 9.2 MB/s | 00:03:31 left
[K3.62 GB/5.54 GB | =====================             65.24% | 9.2 MB/s | 00:03:31 left
[K3.62 GB/5.54 GB | =====================             65.25% | 9.2 MB/s | 00:03:31 left
[K3.62 GB/5.54 GB | =====================             65.27% | 9.2 MB/s | 00:03:31 left
[K3.62 GB/5.54 GB | =====================             65.28% | 9.2 MB/s | 00:03:31 left
[K3.62 GB/5.54 GB | =====================             65.30% | 9.1 MB/s | 00:03:31 left
[K3.62 GB/5.54 GB | =====================             65.31% | 9.1 MB/s | 00:03:31 left
[K3.62 GB/5.54 GB | =====================             65.33% | 9.1 MB/s | 00:03:31 left
[K3.62 GB/5.54 GB | =====================             65.34% | 9.1 MB/s | 00:03:31 left
[K3.62 GB/5.54 GB | =====================             65.36% | 9.1 MB/s | 00:03:31 left
[K3.62 GB/5.54 GB | =====================             65.37% | 9.1 MB/s | 00:03:31 left
[K3.63 GB/5.54 GB | =====================             65.39% | 9.1 MB/s | 00:03:31 left
[K3.63 GB/5.54 GB | =====================             65.40% | 9.1 MB/s | 00:03:31 left
[K3.63 GB/5.54 GB | =====================             65.41% | 9.1 MB/s | 00:03:31 left
[K3.63 GB/5.54 GB | =====================             65.42% | 9.1 MB/s | 00:03:31 left
[K3.63 GB/5.54 GB | =====================             65.44% | 8.5 MB/s | 00:03:44 left
[K3.63 GB/5.54 GB | =====================             65.46% | 8.5 MB/s | 00:03:44 left
[K3.63 GB/5.54 GB | =====================             65.47% | 8.5 MB/s | 00:03:44 left
[K3.63 GB/5.54 GB | =====================             65.49% | 8.5 MB/s | 00:03:44 left
[K3.63 GB/5.54 GB | =====================             65.51% | 8.5 MB/s | 00:03:44 left
[K3.63 GB/5.54 GB | =====================             65.53% | 8.5 MB/s | 00:03:44 left
[K3.63 GB/5.54 GB | =====================             65.55% | 8.5 MB/s | 00:03:44 left
[K3.64 GB/5.54 GB | =====================             65.57% | 8.5 MB/s | 00:03:44 left
[K3.64 GB/5.54 GB | =====================             65.58% | 8.5 MB/s | 00:03:44 left
[K3.64 GB/5.54 GB | =====================             65.60% | 8.5 MB/s | 00:03:44 left
[K3.64 GB/5.54 GB | =====================             65.61% | 10.0 MB/s | 00:03:10 left
[K3.64 GB/5.54 GB | =====================             65.62% | 10.0 MB/s | 00:03:10 left
[K3.64 GB/5.54 GB | =====================             65.64% | 10.0 MB/s | 00:03:10 left
[K3.64 GB/5.54 GB | =====================             65.65% | 10.0 MB/s | 00:03:10 left
[K3.64 GB/5.54 GB | =====================             65.67% | 10.0 MB/s | 00:03:10 left
[K3.64 GB/5.54 GB | =====================             65.68% | 10.0 MB/s | 00:03:10 left
[K3.64 GB/5.54 GB | =====================             65.70% | 10.0 MB/s | 00:03:10 left
[K3.64 GB/5.54 GB | =====================             65.71% | 10.0 MB/s | 00:03:10 left
[K3.64 GB/5.54 GB | =====================             65.72% | 10.0 MB/s | 00:03:10 left
[K3.65 GB/5.54 GB | =====================             65.74% | 10.0 MB/s | 00:03:10 left
[K3.65 GB/5.54 GB | =====================             65.75% | 8.4 MB/s | 00:03:45 left
[K3.65 GB/5.54 GB | =====================             65.77% | 8.4 MB/s | 00:03:45 left
[K3.65 GB/5.54 GB | =====================             65.78% | 8.4 MB/s | 00:03:45 left
[K3.65 GB/5.54 GB | =====================             65.79% | 8.4 MB/s | 00:03:45 left
[K3.65 GB/5.54 GB | =====================             65.81% | 8.4 MB/s | 00:03:45 left
[K3.65 GB/5.54 GB | =====================             65.82% | 8.4 MB/s | 00:03:45 left
[K3.65 GB/5.54 GB | =====================             65.84% | 8.4 MB/s | 00:03:45 left
[K3.65 GB/5.54 GB | =====================             65.85% | 8.4 MB/s | 00:03:45 left
[K3.65 GB/5.54 GB | =====================             65.86% | 8.4 MB/s | 00:03:45 left
[K3.65 GB/5.54 GB | =====================             65.88% | 8.4 MB/s | 00:03:45 left
[K3.65 GB/5.54 GB | =====================             65.89% | 8.3 MB/s | 00:03:49 left
[K3.65 GB/5.54 GB | =====================             65.90% | 8.3 MB/s | 00:03:49 left
[K3.66 GB/5.54 GB | =====================             65.92% | 8.3 MB/s | 00:03:49 left
[K3.66 GB/5.54 GB | =====================             65.93% | 8.3 MB/s | 00:03:49 left
[K3.66 GB/5.54 GB | =====================             65.94% | 8.3 MB/s | 00:03:49 left
[K3.66 GB/5.54 GB | =====================             65.96% | 8.3 MB/s | 00:03:49 left
[K3.66 GB/5.54 GB | =====================             65.97% | 8.3 MB/s | 00:03:49 left
[K3.66 GB/5.54 GB | =====================             65.98% | 8.3 MB/s | 00:03:49 left
[K3.66 GB/5.54 GB | =====================             65.99% | 8.3 MB/s | 00:03:49 left
[K3.66 GB/5.54 GB | =====================             66.00% | 8.3 MB/s | 00:03:49 left
[K3.66 GB/5.54 GB | =====================             66.00% | 6.3 MB/s | 00:04:58 left
[K3.66 GB/5.54 GB | =====================             66.01% | 6.3 MB/s | 00:04:58 left
[K3.66 GB/5.54 GB | =====================             66.02% | 6.3 MB/s | 00:04:58 left
[K3.66 GB/5.54 GB | =====================             66.03% | 6.3 MB/s | 00:04:58 left
[K3.66 GB/5.54 GB | =====================             66.03% | 6.3 MB/s | 00:04:58 left
[K3.66 GB/5.54 GB | =====================             66.04% | 6.3 MB/s | 00:04:58 left
[K3.66 GB/5.54 GB | =====================             66.05% | 6.3 MB/s | 00:04:58 left
[K3.66 GB/5.54 GB | =====================             66.07% | 6.3 MB/s | 00:04:58 left
[K3.66 GB/5.54 GB | =====================             66.08% | 6.3 MB/s | 00:04:58 left
[K3.66 GB/5.54 GB | =====================             66.09% | 6.3 MB/s | 00:04:58 left
[K3.67 GB/5.54 GB | =====================             66.11% | 6.3 MB/s | 00:04:58 left
[K3.67 GB/5.54 GB | =====================             66.12% | 6.6 MB/s | 00:04:45 left
[K3.67 GB/5.54 GB | =====================             66.13% | 6.6 MB/s | 00:04:45 left
[K3.67 GB/5.54 GB | =====================             66.15% | 6.6 MB/s | 00:04:45 left
[K3.67 GB/5.54 GB | =====================             66.16% | 6.6 MB/s | 00:04:45 left
[K3.67 GB/5.54 GB | =====================             66.18% | 6.6 MB/s | 00:04:45 left
[K3.67 GB/5.54 GB | =====================             66.19% | 6.6 MB/s | 00:04:45 left
[K3.67 GB/5.54 GB | =====================             66.21% | 6.6 MB/s | 00:04:45 left
[K3.67 GB/5.54 GB | =====================             66.22% | 6.6 MB/s | 00:04:45 left
[K3.67 GB/5.54 GB | =====================             66.23% | 6.6 MB/s | 00:04:45 left
[K3.67 GB/5.54 GB | =====================             66.25% | 6.6 MB/s | 00:04:45 left
[K3.67 GB/5.54 GB | =====================             66.26% | 6.6 MB/s | 00:04:45 left
[K3.67 GB/5.54 GB | =====================             66.28% | 8.7 MB/s | 00:03:35 left
[K3.68 GB/5.54 GB | =====================             66.29% | 8.7 MB/s | 00:03:35 left
[K3.68 GB/5.54 GB | =====================             66.31% | 8.7 MB/s | 00:03:35 left
[K3.68 GB/5.54 GB | =====================             66.32% | 8.7 MB/s | 00:03:35 left
[K3.68 GB/5.54 GB | =====================             66.33% | 8.7 MB/s | 00:03:35 left
[K3.68 GB/5.54 GB | =====================             66.35% | 8.7 MB/s | 00:03:35 left
[K3.68 GB/5.54 GB | =====================             66.36% | 8.7 MB/s | 00:03:35 left
[K3.68 GB/5.54 GB | =====================             66.38% | 8.7 MB/s | 00:03:35 left
[K3.68 GB/5.54 GB | =====================             66.39% | 8.7 MB/s | 00:03:35 left
[K3.68 GB/5.54 GB | =====================             66.41% | 8.7 MB/s | 00:03:35 left
[K3.68 GB/5.54 GB | =====================             66.42% | 8.8 MB/s | 00:03:31 left
[K3.68 GB/5.54 GB | =====================             66.44% | 8.8 MB/s | 00:03:31 left
[K3.68 GB/5.54 GB | =====================             66.45% | 8.8 MB/s | 00:03:31 left
[K3.69 GB/5.54 GB | =====================             66.46% | 8.8 MB/s | 00:03:31 left
[K3.69 GB/5.54 GB | =====================             66.48% | 8.8 MB/s | 00:03:31 left
[K3.69 GB/5.54 GB | =====================             66.49% | 8.8 MB/s | 00:03:31 left
[K3.69 GB/5.54 GB | =====================             66.51% | 8.8 MB/s | 00:03:31 left
[K3.69 GB/5.54 GB | =====================             66.52% | 8.8 MB/s | 00:03:31 left
[K3.69 GB/5.54 GB | =====================             66.54% | 8.8 MB/s | 00:03:31 left
[K3.69 GB/5.54 GB | =====================             66.55% | 8.8 MB/s | 00:03:31 left
[K3.69 GB/5.54 GB | =====================             66.57% | 8.9 MB/s | 00:03:28 left
[K3.69 GB/5.54 GB | =====================             66.58% | 8.9 MB/s | 00:03:28 left
[K3.69 GB/5.54 GB | =====================             66.60% | 8.9 MB/s | 00:03:28 left
[K3.69 GB/5.54 GB | =====================             66.61% | 8.9 MB/s | 00:03:28 left
[K3.69 GB/5.54 GB | =====================             66.62% | 8.9 MB/s | 00:03:28 left
[K3.69 GB/5.54 GB | =====================             66.64% | 8.9 MB/s | 00:03:28 left
[K3.70 GB/5.54 GB | =====================             66.65% | 8.9 MB/s | 00:03:28 left
[K3.70 GB/5.54 GB | ======================            66.67% | 8.9 MB/s | 00:03:28 left
[K3.70 GB/5.54 GB | ======================            66.68% | 8.9 MB/s | 00:03:28 left
[K3.70 GB/5.54 GB | ======================            66.69% | 8.9 MB/s | 00:03:28 left
[K3.70 GB/5.54 GB | ======================            66.71% | 8.6 MB/s | 00:03:34 left
[K3.70 GB/5.54 GB | ======================            66.72% | 8.6 MB/s | 00:03:34 left
[K3.70 GB/5.54 GB | ======================            66.74% | 8.6 MB/s | 00:03:34 left
[K3.70 GB/5.54 GB | ======================            66.75% | 8.6 MB/s | 00:03:34 left
[K3.70 GB/5.54 GB | ======================            66.77% | 8.6 MB/s | 00:03:34 left
[K3.70 GB/5.54 GB | ======================            66.78% | 8.6 MB/s | 00:03:34 left
[K3.70 GB/5.54 GB | ======================            66.80% | 8.6 MB/s | 00:03:34 left
[K3.70 GB/5.54 GB | ======================            66.81% | 8.6 MB/s | 00:03:34 left
[K3.71 GB/5.54 GB | ======================            66.83% | 8.6 MB/s | 00:03:34 left
[K3.71 GB/5.54 GB | ======================            66.84% | 8.6 MB/s | 00:03:34 left
[K3.71 GB/5.54 GB | ======================            66.86% | 9.1 MB/s | 00:03:23 left
[K3.71 GB/5.54 GB | ======================            66.87% | 9.1 MB/s | 00:03:23 left
[K3.71 GB/5.54 GB | ======================            66.89% | 9.1 MB/s | 00:03:23 left
[K3.71 GB/5.54 GB | ======================            66.90% | 9.1 MB/s | 00:03:23 left
[K3.71 GB/5.54 GB | ======================            66.91% | 9.1 MB/s | 00:03:23 left
[K3.71 GB/5.54 GB | ======================            66.93% | 9.1 MB/s | 00:03:23 left
[K3.71 GB/5.54 GB | ======================            66.94% | 9.1 MB/s | 00:03:23 left
[K3.71 GB/5.54 GB | ======================            66.96% | 9.1 MB/s | 00:03:23 left
[K3.71 GB/5.54 GB | ======================            66.97% | 9.1 MB/s | 00:03:23 left
[K3.71 GB/5.54 GB | ======================            66.98% | 9.1 MB/s | 00:03:23 left
[K3.71 GB/5.54 GB | ======================            67.00% | 8.7 MB/s | 00:03:30 left
[K3.72 GB/5.54 GB | ======================            67.01% | 8.7 MB/s | 00:03:30 left
[K3.72 GB/5.54 GB | ======================            67.03% | 8.7 MB/s | 00:03:30 left
[K3.72 GB/5.54 GB | ======================            67.04% | 8.7 MB/s | 00:03:30 left
[K3.72 GB/5.54 GB | ======================            67.06% | 8.7 MB/s | 00:03:30 left
[K3.72 GB/5.54 GB | ======================            67.07% | 8.7 MB/s | 00:03:30 left
[K3.72 GB/5.54 GB | ======================            67.08% | 8.7 MB/s | 00:03:30 left
[K3.72 GB/5.54 GB | ======================            67.10% | 8.7 MB/s | 00:03:30 left
[K3.72 GB/5.54 GB | ======================            67.11% | 8.7 MB/s | 00:03:30 left
[K3.72 GB/5.54 GB | ======================            67.13% | 8.7 MB/s | 00:03:30 left
[K3.72 GB/5.54 GB | ======================            67.14% | 8.6 MB/s | 00:03:31 left
[K3.72 GB/5.54 GB | ======================            67.15% | 8.6 MB/s | 00:03:31 left
[K3.72 GB/5.54 GB | ======================            67.17% | 8.6 MB/s | 00:03:31 left
[K3.73 GB/5.54 GB | ======================            67.18% | 8.6 MB/s | 00:03:31 left
[K3.73 GB/5.54 GB | ======================            67.20% | 8.6 MB/s | 00:03:31 left
[K3.73 GB/5.54 GB | ======================            67.21% | 8.6 MB/s | 00:03:31 left
[K3.73 GB/5.54 GB | ======================            67.22% | 8.6 MB/s | 00:03:31 left
[K3.73 GB/5.54 GB | ======================            67.24% | 8.6 MB/s | 00:03:31 left
[K3.73 GB/5.54 GB | ======================            67.25% | 8.6 MB/s | 00:03:31 left
[K3.73 GB/5.54 GB | ======================            67.26% | 8.6 MB/s | 00:03:31 left
[K3.73 GB/5.54 GB | ======================            67.28% | 8.4 MB/s | 00:03:36 left
[K3.73 GB/5.54 GB | ======================            67.29% | 8.4 MB/s | 00:03:36 left
[K3.73 GB/5.54 GB | ======================            67.30% | 8.4 MB/s | 00:03:36 left
[K3.73 GB/5.54 GB | ======================            67.32% | 8.4 MB/s | 00:03:36 left
[K3.73 GB/5.54 GB | ======================            67.33% | 8.4 MB/s | 00:03:36 left
[K3.73 GB/5.54 GB | ======================            67.34% | 8.4 MB/s | 00:03:36 left
[K3.73 GB/5.54 GB | ======================            67.36% | 8.4 MB/s | 00:03:36 left
[K3.74 GB/5.54 GB | ======================            67.37% | 8.4 MB/s | 00:03:36 left
[K3.74 GB/5.54 GB | ======================            67.38% | 8.4 MB/s | 00:03:36 left
[K3.74 GB/5.54 GB | ======================            67.39% | 8.4 MB/s | 00:03:36 left
[K3.74 GB/5.54 GB | ======================            67.41% | 8.0 MB/s | 00:03:47 left
[K3.74 GB/5.54 GB | ======================            67.42% | 8.0 MB/s | 00:03:47 left
[K3.74 GB/5.54 GB | ======================            67.43% | 8.0 MB/s | 00:03:47 left
[K3.74 GB/5.54 GB | ======================            67.44% | 8.0 MB/s | 00:03:47 left
[K3.74 GB/5.54 GB | ======================            67.46% | 8.0 MB/s | 00:03:47 left
[K3.74 GB/5.54 GB | ======================            67.47% | 8.0 MB/s | 00:03:47 left
[K3.74 GB/5.54 GB | ======================            67.48% | 8.0 MB/s | 00:03:47 left
[K3.74 GB/5.54 GB | ======================            67.50% | 8.0 MB/s | 00:03:47 left
[K3.74 GB/5.54 GB | ======================            67.51% | 8.0 MB/s | 00:03:47 left
[K3.74 GB/5.54 GB | ======================            67.53% | 8.0 MB/s | 00:03:47 left
[K3.75 GB/5.54 GB | ======================            67.54% | 8.0 MB/s | 00:03:47 left
[K3.75 GB/5.54 GB | ======================            67.56% | 8.4 MB/s | 00:03:35 left
[K3.75 GB/5.54 GB | ======================            67.57% | 8.4 MB/s | 00:03:35 left
[K3.75 GB/5.54 GB | ======================            67.59% | 8.4 MB/s | 00:03:35 left
[K3.75 GB/5.54 GB | ======================            67.60% | 8.4 MB/s | 00:03:35 left
[K3.75 GB/5.54 GB | ======================            67.62% | 8.4 MB/s | 00:03:35 left
[K3.75 GB/5.54 GB | ======================            67.63% | 8.4 MB/s | 00:03:35 left
[K3.75 GB/5.54 GB | ======================            67.65% | 8.4 MB/s | 00:03:35 left
[K3.75 GB/5.54 GB | ======================            67.66% | 8.4 MB/s | 00:03:35 left
[K3.75 GB/5.54 GB | ======================            67.68% | 8.4 MB/s | 00:03:35 left
[K3.75 GB/5.54 GB | ======================            67.69% | 8.4 MB/s | 00:03:35 left
[K3.75 GB/5.54 GB | ======================            67.71% | 8.9 MB/s | 00:03:20 left
[K3.76 GB/5.54 GB | ======================            67.72% | 8.9 MB/s | 00:03:20 left
[K3.76 GB/5.54 GB | ======================            67.74% | 8.9 MB/s | 00:03:20 left
[K3.76 GB/5.54 GB | ======================            67.75% | 8.9 MB/s | 00:03:20 left
[K3.76 GB/5.54 GB | ======================            67.77% | 8.9 MB/s | 00:03:20 left
[K3.76 GB/5.54 GB | ======================            67.78% | 8.9 MB/s | 00:03:20 left
[K3.76 GB/5.54 GB | ======================            67.80% | 8.9 MB/s | 00:03:20 left
[K3.76 GB/5.54 GB | ======================            67.81% | 8.9 MB/s | 00:03:20 left
[K3.76 GB/5.54 GB | ======================            67.83% | 8.9 MB/s | 00:03:20 left
[K3.76 GB/5.54 GB | ======================            67.84% | 8.9 MB/s | 00:03:20 left
[K3.76 GB/5.54 GB | ======================            67.85% | 9.0 MB/s | 00:03:17 left
[K3.76 GB/5.54 GB | ======================            67.87% | 9.0 MB/s | 00:03:17 left
[K3.76 GB/5.54 GB | ======================            67.88% | 9.0 MB/s | 00:03:17 left
[K3.76 GB/5.54 GB | ======================            67.90% | 9.0 MB/s | 00:03:17 left
[K3.77 GB/5.54 GB | ======================            67.91% | 9.0 MB/s | 00:03:17 left
[K3.77 GB/5.54 GB | ======================            67.93% | 9.0 MB/s | 00:03:17 left
[K3.77 GB/5.54 GB | ======================            67.94% | 9.0 MB/s | 00:03:17 left
[K3.77 GB/5.54 GB | ======================            67.96% | 9.0 MB/s | 00:03:17 left
[K3.77 GB/5.54 GB | ======================            67.97% | 9.0 MB/s | 00:03:17 left
[K3.77 GB/5.54 GB | ======================            67.99% | 9.0 MB/s | 00:03:17 left
[K3.77 GB/5.54 GB | ======================            68.00% | 9.0 MB/s | 00:03:16 left
[K3.77 GB/5.54 GB | ======================            68.02% | 9.0 MB/s | 00:03:16 left
[K3.77 GB/5.54 GB | ======================            68.03% | 9.0 MB/s | 00:03:16 left
[K3.77 GB/5.54 GB | ======================            68.05% | 9.0 MB/s | 00:03:16 left
[K3.77 GB/5.54 GB | ======================            68.06% | 9.0 MB/s | 00:03:16 left
[K3.77 GB/5.54 GB | ======================            68.08% | 9.0 MB/s | 00:03:16 left
[K3.78 GB/5.54 GB | ======================            68.09% | 9.0 MB/s | 00:03:16 left
[K3.78 GB/5.54 GB | ======================            68.11% | 9.0 MB/s | 00:03:16 left
[K3.78 GB/5.54 GB | ======================            68.12% | 9.0 MB/s | 00:03:16 left
[K3.78 GB/5.54 GB | ======================            68.14% | 9.0 MB/s | 00:03:16 left
[K3.78 GB/5.54 GB | ======================            68.16% | 9.0 MB/s | 00:03:16 left
[K3.78 GB/5.54 GB | ======================            68.18% | 9.7 MB/s | 00:03:01 left
[K3.78 GB/5.54 GB | ======================            68.20% | 9.7 MB/s | 00:03:01 left
[K3.78 GB/5.54 GB | ======================            68.21% | 9.7 MB/s | 00:03:01 left
[K3.78 GB/5.54 GB | ======================            68.23% | 9.7 MB/s | 00:03:01 left
[K3.78 GB/5.54 GB | ======================            68.24% | 9.7 MB/s | 00:03:01 left
[K3.78 GB/5.54 GB | ======================            68.26% | 9.7 MB/s | 00:03:01 left
[K3.79 GB/5.54 GB | ======================            68.27% | 9.7 MB/s | 00:03:01 left
[K3.79 GB/5.54 GB | ======================            68.29% | 9.7 MB/s | 00:03:01 left
[K3.79 GB/5.54 GB | ======================            68.30% | 9.7 MB/s | 00:03:01 left
[K3.79 GB/5.54 GB | ======================            68.32% | 9.7 MB/s | 00:03:01 left
[K3.79 GB/5.54 GB | ======================            68.33% | 9.4 MB/s | 00:03:07 left
[K3.79 GB/5.54 GB | ======================            68.35% | 9.4 MB/s | 00:03:07 left
[K3.79 GB/5.54 GB | ======================            68.36% | 9.4 MB/s | 00:03:07 left
[K3.79 GB/5.54 GB | ======================            68.38% | 9.4 MB/s | 00:03:07 left
[K3.79 GB/5.54 GB | ======================            68.39% | 9.4 MB/s | 00:03:07 left
[K3.79 GB/5.54 GB | ======================            68.41% | 9.4 MB/s | 00:03:07 left
[K3.79 GB/5.54 GB | ======================            68.42% | 9.4 MB/s | 00:03:07 left
[K3.79 GB/5.54 GB | ======================            68.43% | 9.4 MB/s | 00:03:07 left
[K3.79 GB/5.54 GB | ======================            68.44% | 9.4 MB/s | 00:03:07 left
[K3.80 GB/5.54 GB | ======================            68.46% | 9.4 MB/s | 00:03:07 left
[K3.80 GB/5.54 GB | ======================            68.47% | 8.4 MB/s | 00:03:29 left
[K3.80 GB/5.54 GB | ======================            68.49% | 8.4 MB/s | 00:03:29 left
[K3.80 GB/5.54 GB | ======================            68.50% | 8.4 MB/s | 00:03:29 left
[K3.80 GB/5.54 GB | ======================            68.52% | 8.4 MB/s | 00:03:29 left
[K3.80 GB/5.54 GB | ======================            68.53% | 8.4 MB/s | 00:03:29 left
[K3.80 GB/5.54 GB | ======================            68.55% | 8.4 MB/s | 00:03:29 left
[K3.80 GB/5.54 GB | ======================            68.56% | 8.4 MB/s | 00:03:29 left
[K3.80 GB/5.54 GB | ======================            68.58% | 8.4 MB/s | 00:03:29 left
[K3.80 GB/5.54 GB | ======================            68.59% | 8.4 MB/s | 00:03:29 left
[K3.80 GB/5.54 GB | ======================            68.61% | 8.4 MB/s | 00:03:29 left
[K3.80 GB/5.54 GB | ======================            68.62% | 9.1 MB/s | 00:03:12 left
[K3.81 GB/5.54 GB | ======================            68.63% | 9.1 MB/s | 00:03:12 left
[K3.81 GB/5.54 GB | ======================            68.65% | 9.1 MB/s | 00:03:12 left
[K3.81 GB/5.54 GB | ======================            68.66% | 9.1 MB/s | 00:03:12 left
[K3.81 GB/5.54 GB | ======================            68.68% | 9.1 MB/s | 00:03:12 left
[K3.81 GB/5.54 GB | ======================            68.69% | 9.1 MB/s | 00:03:12 left
[K3.81 GB/5.54 GB | ======================            68.71% | 9.1 MB/s | 00:03:12 left
[K3.81 GB/5.54 GB | ======================            68.72% | 9.1 MB/s | 00:03:12 left
[K3.81 GB/5.54 GB | ======================            68.74% | 9.1 MB/s | 00:03:12 left
[K3.81 GB/5.54 GB | ======================            68.75% | 9.1 MB/s | 00:03:12 left
[K3.81 GB/5.54 GB | ======================            68.77% | 8.8 MB/s | 00:03:17 left
[K3.81 GB/5.54 GB | ======================            68.78% | 8.8 MB/s | 00:03:17 left
[K3.81 GB/5.54 GB | ======================            68.79% | 8.8 MB/s | 00:03:17 left
[K3.82 GB/5.54 GB | ======================            68.81% | 8.8 MB/s | 00:03:17 left
[K3.82 GB/5.54 GB | ======================            68.82% | 8.8 MB/s | 00:03:17 left
[K3.82 GB/5.54 GB | ======================            68.84% | 8.8 MB/s | 00:03:17 left
[K3.82 GB/5.54 GB | ======================            68.85% | 8.8 MB/s | 00:03:17 left
[K3.82 GB/5.54 GB | ======================            68.86% | 8.8 MB/s | 00:03:17 left
[K3.82 GB/5.54 GB | ======================            68.88% | 8.8 MB/s | 00:03:17 left
[K3.82 GB/5.54 GB | ======================            68.89% | 8.8 MB/s | 00:03:17 left
[K3.82 GB/5.54 GB | ======================            68.91% | 8.5 MB/s | 00:03:22 left
[K3.82 GB/5.54 GB | ======================            68.92% | 8.5 MB/s | 00:03:22 left
[K3.82 GB/5.54 GB | ======================            68.93% | 8.5 MB/s | 00:03:22 left
[K3.82 GB/5.54 GB | ======================            68.95% | 8.5 MB/s | 00:03:22 left
[K3.82 GB/5.54 GB | ======================            68.96% | 8.5 MB/s | 00:03:22 left
[K3.82 GB/5.54 GB | ======================            68.98% | 8.5 MB/s | 00:03:22 left
[K3.83 GB/5.54 GB | ======================            68.99% | 8.5 MB/s | 00:03:22 left
[K3.83 GB/5.54 GB | ======================            69.00% | 8.5 MB/s | 00:03:22 left
[K3.83 GB/5.54 GB | ======================            69.02% | 8.5 MB/s | 00:03:22 left
[K3.83 GB/5.54 GB | ======================            69.03% | 8.5 MB/s | 00:03:22 left
[K3.83 GB/5.54 GB | ======================            69.04% | 8.5 MB/s | 00:03:22 left
[K3.83 GB/5.54 GB | ======================            69.06% | 8.2 MB/s | 00:03:30 left
[K3.83 GB/5.54 GB | ======================            69.07% | 8.2 MB/s | 00:03:30 left
[K3.83 GB/5.54 GB | ======================            69.09% | 8.2 MB/s | 00:03:30 left
[K3.83 GB/5.54 GB | ======================            69.10% | 8.2 MB/s | 00:03:30 left
[K3.83 GB/5.54 GB | ======================            69.11% | 8.2 MB/s | 00:03:30 left
[K3.83 GB/5.54 GB | ======================            69.13% | 8.2 MB/s | 00:03:30 left
[K3.83 GB/5.54 GB | ======================            69.14% | 8.2 MB/s | 00:03:30 left
[K3.83 GB/5.54 GB | ======================            69.15% | 8.2 MB/s | 00:03:30 left
[K3.84 GB/5.54 GB | ======================            69.17% | 8.2 MB/s | 00:03:30 left
[K3.84 GB/5.54 GB | ======================            69.18% | 8.2 MB/s | 00:03:30 left
[K3.84 GB/5.54 GB | ======================            69.19% | 8.0 MB/s | 00:03:33 left
[K3.84 GB/5.54 GB | ======================            69.21% | 8.0 MB/s | 00:03:33 left
[K3.84 GB/5.54 GB | ======================            69.22% | 8.0 MB/s | 00:03:33 left
[K3.84 GB/5.54 GB | ======================            69.23% | 8.0 MB/s | 00:03:33 left
[K3.84 GB/5.54 GB | ======================            69.25% | 8.0 MB/s | 00:03:33 left
[K3.84 GB/5.54 GB | ======================            69.26% | 8.0 MB/s | 00:03:33 left
[K3.84 GB/5.54 GB | ======================            69.27% | 8.0 MB/s | 00:03:33 left
[K3.84 GB/5.54 GB | ======================            69.28% | 8.0 MB/s | 00:03:33 left
[K3.84 GB/5.54 GB | ======================            69.30% | 8.0 MB/s | 00:03:33 left
[K3.84 GB/5.54 GB | ======================            69.31% | 8.0 MB/s | 00:03:33 left
[K3.84 GB/5.54 GB | ======================            69.32% | 8.1 MB/s | 00:03:30 left
[K3.84 GB/5.54 GB | ======================            69.34% | 8.1 MB/s | 00:03:30 left
[K3.85 GB/5.54 GB | ======================            69.35% | 8.1 MB/s | 00:03:30 left
[K3.85 GB/5.54 GB | ======================            69.37% | 8.1 MB/s | 00:03:30 left
[K3.85 GB/5.54 GB | ======================            69.38% | 8.1 MB/s | 00:03:30 left
[K3.85 GB/5.54 GB | ======================            69.39% | 8.1 MB/s | 00:03:30 left
[K3.85 GB/5.54 GB | ======================            69.41% | 8.1 MB/s | 00:03:30 left
[K3.85 GB/5.54 GB | ======================            69.42% | 8.1 MB/s | 00:03:30 left
[K3.85 GB/5.54 GB | ======================            69.43% | 8.1 MB/s | 00:03:30 left
[K3.85 GB/5.54 GB | ======================            69.45% | 8.1 MB/s | 00:03:30 left
[K3.85 GB/5.54 GB | ======================            69.46% | 8.2 MB/s | 00:03:27 left
[K3.85 GB/5.54 GB | ======================            69.47% | 8.2 MB/s | 00:03:27 left
[K3.85 GB/5.54 GB | ======================            69.49% | 8.2 MB/s | 00:03:27 left
[K3.85 GB/5.54 GB | ======================            69.50% | 8.2 MB/s | 00:03:27 left
[K3.85 GB/5.54 GB | ======================            69.51% | 8.2 MB/s | 00:03:27 left
[K3.86 GB/5.54 GB | ======================            69.53% | 8.2 MB/s | 00:03:27 left
[K3.86 GB/5.54 GB | ======================            69.54% | 8.2 MB/s | 00:03:27 left
[K3.86 GB/5.54 GB | ======================            69.55% | 8.2 MB/s | 00:03:27 left
[K3.86 GB/5.54 GB | ======================            69.57% | 8.2 MB/s | 00:03:27 left
[K3.86 GB/5.54 GB | ======================            69.58% | 8.2 MB/s | 00:03:27 left
[K3.86 GB/5.54 GB | ======================            69.60% | 8.0 MB/s | 00:03:31 left
[K3.86 GB/5.54 GB | ======================            69.61% | 8.0 MB/s | 00:03:31 left
[K3.86 GB/5.54 GB | ======================            69.62% | 8.0 MB/s | 00:03:31 left
[K3.86 GB/5.54 GB | ======================            69.63% | 8.0 MB/s | 00:03:31 left
[K3.86 GB/5.54 GB | ======================            69.64% | 8.0 MB/s | 00:03:31 left
[K3.86 GB/5.54 GB | ======================            69.66% | 8.0 MB/s | 00:03:31 left
[K3.86 GB/5.54 GB | ======================            69.67% | 8.0 MB/s | 00:03:31 left
[K3.86 GB/5.54 GB | ======================            69.69% | 8.0 MB/s | 00:03:31 left
[K3.86 GB/5.54 GB | =======================           69.70% | 8.0 MB/s | 00:03:31 left
[K3.87 GB/5.54 GB | =======================           69.71% | 8.0 MB/s | 00:03:31 left
[K3.87 GB/5.54 GB | =======================           69.72% | 8.0 MB/s | 00:03:31 left
[K3.87 GB/5.54 GB | =======================           69.74% | 8.2 MB/s | 00:03:25 left
[K3.87 GB/5.54 GB | =======================           69.75% | 8.2 MB/s | 00:03:25 left
[K3.87 GB/5.54 GB | =======================           69.77% | 8.2 MB/s | 00:03:25 left
[K3.87 GB/5.54 GB | =======================           69.78% | 8.2 MB/s | 00:03:25 left
[K3.87 GB/5.54 GB | =======================           69.79% | 8.2 MB/s | 00:03:25 left
[K3.87 GB/5.54 GB | =======================           69.81% | 8.2 MB/s | 00:03:25 left
[K3.87 GB/5.54 GB | =======================           69.82% | 8.2 MB/s | 00:03:25 left
[K3.87 GB/5.54 GB | =======================           69.84% | 8.2 MB/s | 00:03:25 left
[K3.87 GB/5.54 GB | =======================           69.85% | 8.2 MB/s | 00:03:25 left
[K3.87 GB/5.54 GB | =======================           69.86% | 8.2 MB/s | 00:03:25 left
[K3.87 GB/5.54 GB | =======================           69.88% | 8.3 MB/s | 00:03:22 left
[K3.88 GB/5.54 GB | =======================           69.89% | 8.3 MB/s | 00:03:22 left
[K3.88 GB/5.54 GB | =======================           69.90% | 8.3 MB/s | 00:03:22 left
[K3.88 GB/5.54 GB | =======================           69.92% | 8.3 MB/s | 00:03:22 left
[K3.88 GB/5.54 GB | =======================           69.93% | 8.3 MB/s | 00:03:22 left
[K3.88 GB/5.54 GB | =======================           69.94% | 8.3 MB/s | 00:03:22 left
[K3.88 GB/5.54 GB | =======================           69.95% | 8.3 MB/s | 00:03:22 left
[K3.88 GB/5.54 GB | =======================           69.97% | 8.3 MB/s | 00:03:22 left
[K3.88 GB/5.54 GB | =======================           69.98% | 8.3 MB/s | 00:03:22 left
[K3.88 GB/5.54 GB | =======================           69.99% | 8.3 MB/s | 00:03:22 left
[K3.88 GB/5.54 GB | =======================           70.00% | 7.8 MB/s | 00:03:34 left
[K3.88 GB/5.54 GB | =======================           70.01% | 7.8 MB/s | 00:03:34 left
[K3.88 GB/5.54 GB | =======================           70.03% | 7.8 MB/s | 00:03:34 left
[K3.88 GB/5.54 GB | =======================           70.04% | 7.8 MB/s | 00:03:34 left
[K3.88 GB/5.54 GB | =======================           70.05% | 7.8 MB/s | 00:03:34 left
[K3.89 GB/5.54 GB | =======================           70.07% | 7.8 MB/s | 00:03:34 left
[K3.89 GB/5.54 GB | =======================           70.08% | 7.8 MB/s | 00:03:34 left
[K3.89 GB/5.54 GB | =======================           70.09% | 7.8 MB/s | 00:03:34 left
[K3.89 GB/5.54 GB | =======================           70.10% | 7.8 MB/s | 00:03:34 left
[K3.89 GB/5.54 GB | =======================           70.11% | 7.8 MB/s | 00:03:34 left
[K3.89 GB/5.54 GB | =======================           70.13% | 7.8 MB/s | 00:03:34 left
[K3.89 GB/5.54 GB | =======================           70.14% | 7.5 MB/s | 00:03:40 left
[K3.89 GB/5.54 GB | =======================           70.15% | 7.5 MB/s | 00:03:40 left
[K3.89 GB/5.54 GB | =======================           70.17% | 7.5 MB/s | 00:03:40 left
[K3.89 GB/5.54 GB | =======================           70.18% | 7.5 MB/s | 00:03:40 left
[K3.89 GB/5.54 GB | =======================           70.19% | 7.5 MB/s | 00:03:40 left
[K3.89 GB/5.54 GB | =======================           70.21% | 7.5 MB/s | 00:03:40 left
[K3.89 GB/5.54 GB | =======================           70.22% | 7.5 MB/s | 00:03:40 left
[K3.89 GB/5.54 GB | =======================           70.23% | 7.5 MB/s | 00:03:40 left
[K3.89 GB/5.54 GB | =======================           70.24% | 7.5 MB/s | 00:03:40 left
[K3.90 GB/5.54 GB | =======================           70.26% | 7.5 MB/s | 00:03:40 left
[K3.90 GB/5.54 GB | =======================           70.27% | 7.5 MB/s | 00:03:40 left
[K3.90 GB/5.54 GB | =======================           70.29% | 8.0 MB/s | 00:03:26 left
[K3.90 GB/5.54 GB | =======================           70.30% | 8.0 MB/s | 00:03:26 left
[K3.90 GB/5.54 GB | =======================           70.31% | 8.0 MB/s | 00:03:26 left
[K3.90 GB/5.54 GB | =======================           70.32% | 8.0 MB/s | 00:03:26 left
[K3.90 GB/5.54 GB | =======================           70.34% | 8.0 MB/s | 00:03:26 left
[K3.90 GB/5.54 GB | =======================           70.35% | 8.0 MB/s | 00:03:26 left
[K3.90 GB/5.54 GB | =======================           70.36% | 8.0 MB/s | 00:03:26 left
[K3.90 GB/5.54 GB | =======================           70.38% | 8.0 MB/s | 00:03:26 left
[K3.90 GB/5.54 GB | =======================           70.39% | 8.0 MB/s | 00:03:26 left
[K3.90 GB/5.54 GB | =======================           70.40% | 8.0 MB/s | 00:03:26 left
[K3.90 GB/5.54 GB | =======================           70.42% | 8.2 MB/s | 00:03:20 left
[K3.91 GB/5.54 GB | =======================           70.43% | 8.2 MB/s | 00:03:20 left
[K3.91 GB/5.54 GB | =======================           70.45% | 8.2 MB/s | 00:03:20 left
[K3.91 GB/5.54 GB | =======================           70.46% | 8.2 MB/s | 00:03:20 left
[K3.91 GB/5.54 GB | =======================           70.47% | 8.2 MB/s | 00:03:20 left
[K3.91 GB/5.54 GB | =======================           70.49% | 8.2 MB/s | 00:03:20 left
[K3.91 GB/5.54 GB | =======================           70.50% | 8.2 MB/s | 00:03:20 left
[K3.91 GB/5.54 GB | =======================           70.51% | 8.2 MB/s | 00:03:20 left
[K3.91 GB/5.54 GB | =======================           70.53% | 8.2 MB/s | 00:03:20 left
[K3.91 GB/5.54 GB | =======================           70.54% | 8.2 MB/s | 00:03:20 left
[K3.91 GB/5.54 GB | =======================           70.55% | 8.0 MB/s | 00:03:24 left
[K3.91 GB/5.54 GB | =======================           70.56% | 8.0 MB/s | 00:03:24 left
[K3.91 GB/5.54 GB | =======================           70.58% | 8.0 MB/s | 00:03:24 left
[K3.91 GB/5.54 GB | =======================           70.59% | 8.0 MB/s | 00:03:24 left
[K3.91 GB/5.54 GB | =======================           70.60% | 8.0 MB/s | 00:03:24 left
[K3.92 GB/5.54 GB | =======================           70.61% | 8.0 MB/s | 00:03:24 left
[K3.92 GB/5.54 GB | =======================           70.63% | 8.0 MB/s | 00:03:24 left
[K3.92 GB/5.54 GB | =======================           70.64% | 8.0 MB/s | 00:03:24 left
[K3.92 GB/5.54 GB | =======================           70.65% | 8.0 MB/s | 00:03:24 left
[K3.92 GB/5.54 GB | =======================           70.67% | 8.0 MB/s | 00:03:24 left
[K3.92 GB/5.54 GB | =======================           70.68% | 7.8 MB/s | 00:03:28 left
[K3.92 GB/5.54 GB | =======================           70.69% | 7.8 MB/s | 00:03:28 left
[K3.92 GB/5.54 GB | =======================           70.70% | 7.8 MB/s | 00:03:28 left
[K3.92 GB/5.54 GB | =======================           70.72% | 7.8 MB/s | 00:03:28 left
[K3.92 GB/5.54 GB | =======================           70.73% | 7.8 MB/s | 00:03:28 left
[K3.92 GB/5.54 GB | =======================           70.75% | 7.8 MB/s | 00:03:28 left
[K3.92 GB/5.54 GB | =======================           70.76% | 7.8 MB/s | 00:03:28 left
[K3.92 GB/5.54 GB | =======================           70.77% | 7.8 MB/s | 00:03:28 left
[K3.93 GB/5.54 GB | =======================           70.79% | 7.8 MB/s | 00:03:28 left
[K3.93 GB/5.54 GB | =======================           70.80% | 7.8 MB/s | 00:03:28 left
[K3.93 GB/5.54 GB | =======================           70.82% | 7.8 MB/s | 00:03:28 left
[K3.93 GB/5.54 GB | =======================           70.83% | 8.7 MB/s | 00:03:06 left
[K3.93 GB/5.54 GB | =======================           70.85% | 8.7 MB/s | 00:03:06 left
[K3.93 GB/5.54 GB | =======================           70.86% | 8.7 MB/s | 00:03:06 left
[K3.93 GB/5.54 GB | =======================           70.88% | 8.7 MB/s | 00:03:06 left
[K3.93 GB/5.54 GB | =======================           70.89% | 8.7 MB/s | 00:03:06 left
[K3.93 GB/5.54 GB | =======================           70.91% | 8.7 MB/s | 00:03:06 left
[K3.93 GB/5.54 GB | =======================           70.92% | 8.7 MB/s | 00:03:06 left
[K3.93 GB/5.54 GB | =======================           70.94% | 8.7 MB/s | 00:03:06 left
[K3.93 GB/5.54 GB | =======================           70.95% | 8.7 MB/s | 00:03:06 left
[K3.93 GB/5.54 GB | =======================           70.97% | 8.7 MB/s | 00:03:06 left
[K3.94 GB/5.54 GB | =======================           70.98% | 8.7 MB/s | 00:03:06 left
[K3.94 GB/5.54 GB | =======================           71.00% | 9.5 MB/s | 00:02:49 left
[K3.94 GB/5.54 GB | =======================           71.02% | 9.5 MB/s | 00:02:49 left
[K3.94 GB/5.54 GB | =======================           71.04% | 9.5 MB/s | 00:02:49 left
[K3.94 GB/5.54 GB | =======================           71.06% | 9.5 MB/s | 00:02:49 left
[K3.94 GB/5.54 GB | =======================           71.08% | 9.5 MB/s | 00:02:49 left
[K3.94 GB/5.54 GB | =======================           71.09% | 9.5 MB/s | 00:02:49 left
[K3.94 GB/5.54 GB | =======================           71.11% | 9.5 MB/s | 00:02:49 left
[K3.94 GB/5.54 GB | =======================           71.12% | 9.5 MB/s | 00:02:49 left
[K3.94 GB/5.54 GB | =======================           71.14% | 9.5 MB/s | 00:02:49 left
[K3.95 GB/5.54 GB | =======================           71.15% | 9.5 MB/s | 00:02:49 left
[K3.95 GB/5.54 GB | =======================           71.17% | 9.9 MB/s | 00:02:41 left
[K3.95 GB/5.54 GB | =======================           71.19% | 9.9 MB/s | 00:02:41 left
[K3.95 GB/5.54 GB | =======================           71.20% | 9.9 MB/s | 00:02:41 left
[K3.95 GB/5.54 GB | =======================           71.23% | 9.9 MB/s | 00:02:41 left
[K3.95 GB/5.54 GB | =======================           71.24% | 9.9 MB/s | 00:02:41 left
[K3.95 GB/5.54 GB | =======================           71.26% | 9.9 MB/s | 00:02:41 left
[K3.95 GB/5.54 GB | =======================           71.27% | 9.9 MB/s | 00:02:41 left
[K3.95 GB/5.54 GB | =======================           71.29% | 9.9 MB/s | 00:02:41 left
[K3.95 GB/5.54 GB | =======================           71.31% | 9.9 MB/s | 00:02:41 left
[K3.96 GB/5.54 GB | =======================           71.33% | 9.9 MB/s | 00:02:41 left
[K3.96 GB/5.54 GB | =======================           71.35% | 11.3 MB/s | 00:02:21 left
[K3.96 GB/5.54 GB | =======================           71.37% | 11.3 MB/s | 00:02:21 left
[K3.96 GB/5.54 GB | =======================           71.39% | 11.3 MB/s | 00:02:21 left
[K3.96 GB/5.54 GB | =======================           71.41% | 11.3 MB/s | 00:02:21 left
[K3.96 GB/5.54 GB | =======================           71.43% | 11.3 MB/s | 00:02:21 left
[K3.96 GB/5.54 GB | =======================           71.45% | 11.3 MB/s | 00:02:21 left
[K3.96 GB/5.54 GB | =======================           71.47% | 11.3 MB/s | 00:02:21 left
[K3.96 GB/5.54 GB | =======================           71.49% | 11.3 MB/s | 00:02:21 left
[K3.96 GB/5.54 GB | =======================           71.51% | 11.3 MB/s | 00:02:21 left
[K3.97 GB/5.54 GB | =======================           71.53% | 11.3 MB/s | 00:02:21 left
[K3.97 GB/5.54 GB | =======================           71.55% | 12.2 MB/s | 00:02:10 left
[K3.97 GB/5.54 GB | =======================           71.57% | 12.2 MB/s | 00:02:10 left
[K3.97 GB/5.54 GB | =======================           71.59% | 12.2 MB/s | 00:02:10 left
[K3.97 GB/5.54 GB | =======================           71.61% | 12.2 MB/s | 00:02:10 left
[K3.97 GB/5.54 GB | =======================           71.63% | 12.2 MB/s | 00:02:10 left
[K3.97 GB/5.54 GB | =======================           71.65% | 12.2 MB/s | 00:02:10 left
[K3.97 GB/5.54 GB | =======================           71.67% | 12.2 MB/s | 00:02:10 left
[K3.97 GB/5.54 GB | =======================           71.69% | 12.2 MB/s | 00:02:10 left
[K3.98 GB/5.54 GB | =======================           71.71% | 12.2 MB/s | 00:02:10 left
[K3.98 GB/5.54 GB | =======================           71.73% | 12.2 MB/s | 00:02:10 left
[K3.98 GB/5.54 GB | =======================           71.75% | 12.2 MB/s | 00:02:08 left
[K3.98 GB/5.54 GB | =======================           71.77% | 12.2 MB/s | 00:02:08 left
[K3.98 GB/5.54 GB | =======================           71.79% | 12.2 MB/s | 00:02:08 left
[K3.98 GB/5.54 GB | =======================           71.81% | 12.2 MB/s | 00:02:08 left
[K3.98 GB/5.54 GB | =======================           71.83% | 12.2 MB/s | 00:02:08 left
[K3.98 GB/5.54 GB | =======================           71.85% | 12.2 MB/s | 00:02:08 left
[K3.98 GB/5.54 GB | =======================           71.86% | 12.2 MB/s | 00:02:08 left
[K3.99 GB/5.54 GB | =======================           71.88% | 12.2 MB/s | 00:02:08 left
[K3.99 GB/5.54 GB | =======================           71.90% | 12.2 MB/s | 00:02:08 left
[K3.99 GB/5.54 GB | =======================           71.92% | 12.2 MB/s | 00:02:08 left
[K3.99 GB/5.54 GB | =======================           71.94% | 11.7 MB/s | 00:02:13 left
[K3.99 GB/5.54 GB | =======================           71.96% | 11.7 MB/s | 00:02:13 left
[K3.99 GB/5.54 GB | =======================           71.98% | 11.7 MB/s | 00:02:13 left
[K3.99 GB/5.54 GB | =======================           72.00% | 11.7 MB/s | 00:02:13 left
[K3.99 GB/5.54 GB | =======================           72.02% | 11.7 MB/s | 00:02:13 left
[K3.99 GB/5.54 GB | =======================           72.04% | 11.7 MB/s | 00:02:13 left
[K4.00 GB/5.54 GB | =======================           72.06% | 11.7 MB/s | 00:02:13 left
[K4.00 GB/5.54 GB | =======================           72.08% | 11.7 MB/s | 00:02:13 left
[K4.00 GB/5.54 GB | =======================           72.10% | 11.7 MB/s | 00:02:13 left
[K4.00 GB/5.54 GB | =======================           72.12% | 11.7 MB/s | 00:02:13 left
[K4.00 GB/5.54 GB | =======================           72.14% | 11.7 MB/s | 00:02:13 left
[K4.00 GB/5.54 GB | =======================           72.16% | 11.8 MB/s | 00:02:11 left
[K4.00 GB/5.54 GB | =======================           72.18% | 11.8 MB/s | 00:02:11 left
[K4.00 GB/5.54 GB | =======================           72.20% | 11.8 MB/s | 00:02:11 left
[K4.00 GB/5.54 GB | =======================           72.22% | 11.8 MB/s | 00:02:11 left
[K4.01 GB/5.54 GB | =======================           72.24% | 11.8 MB/s | 00:02:11 left
[K4.01 GB/5.54 GB | =======================           72.25% | 11.8 MB/s | 00:02:11 left
[K4.01 GB/5.54 GB | =======================           72.27% | 11.8 MB/s | 00:02:11 left
[K4.01 GB/5.54 GB | =======================           72.29% | 11.8 MB/s | 00:02:11 left
[K4.01 GB/5.54 GB | =======================           72.31% | 11.8 MB/s | 00:02:11 left
[K4.01 GB/5.54 GB | =======================           72.33% | 11.8 MB/s | 00:02:11 left
[K4.01 GB/5.54 GB | =======================           72.35% | 11.8 MB/s | 00:02:10 left
[K4.01 GB/5.54 GB | =======================           72.37% | 11.8 MB/s | 00:02:10 left
[K4.01 GB/5.54 GB | =======================           72.39% | 11.8 MB/s | 00:02:10 left
[K4.02 GB/5.54 GB | =======================           72.41% | 11.8 MB/s | 00:02:10 left
[K4.02 GB/5.54 GB | =======================           72.43% | 11.8 MB/s | 00:02:10 left
[K4.02 GB/5.54 GB | =======================           72.45% | 11.8 MB/s | 00:02:10 left
[K4.02 GB/5.54 GB | =======================           72.47% | 11.8 MB/s | 00:02:10 left
[K4.02 GB/5.54 GB | =======================           72.49% | 11.8 MB/s | 00:02:10 left
[K4.02 GB/5.54 GB | =======================           72.51% | 11.8 MB/s | 00:02:10 left
[K4.02 GB/5.54 GB | =======================           72.52% | 11.8 MB/s | 00:02:10 left
[K4.02 GB/5.54 GB | =======================           72.54% | 10.9 MB/s | 00:02:20 left
[K4.02 GB/5.54 GB | =======================           72.56% | 10.9 MB/s | 00:02:20 left
[K4.02 GB/5.54 GB | =======================           72.57% | 10.9 MB/s | 00:02:20 left
[K4.03 GB/5.54 GB | =======================           72.59% | 10.9 MB/s | 00:02:20 left
[K4.03 GB/5.54 GB | =======================           72.61% | 10.9 MB/s | 00:02:20 left
[K4.03 GB/5.54 GB | =======================           72.63% | 10.9 MB/s | 00:02:20 left
[K4.03 GB/5.54 GB | =======================           72.65% | 10.9 MB/s | 00:02:20 left
[K4.03 GB/5.54 GB | =======================           72.67% | 10.9 MB/s | 00:02:20 left
[K4.03 GB/5.54 GB | =======================           72.68% | 10.9 MB/s | 00:02:20 left
[K4.03 GB/5.54 GB | =======================           72.70% | 10.9 MB/s | 00:02:20 left
[K4.03 GB/5.54 GB | =======================           72.72% | 11.0 MB/s | 00:02:17 left
[K4.03 GB/5.54 GB | ========================          72.74% | 11.0 MB/s | 00:02:17 left
[K4.03 GB/5.54 GB | ========================          72.75% | 11.0 MB/s | 00:02:17 left
[K4.04 GB/5.54 GB | ========================          72.78% | 11.0 MB/s | 00:02:17 left
[K4.04 GB/5.54 GB | ========================          72.79% | 11.0 MB/s | 00:02:17 left
[K4.04 GB/5.54 GB | ========================          72.81% | 11.0 MB/s | 00:02:17 left
[K4.04 GB/5.54 GB | ========================          72.83% | 11.0 MB/s | 00:02:17 left
[K4.04 GB/5.54 GB | ========================          72.85% | 11.0 MB/s | 00:02:17 left
[K4.04 GB/5.54 GB | ========================          72.87% | 11.0 MB/s | 00:02:17 left
[K4.04 GB/5.54 GB | ========================          72.89% | 11.0 MB/s | 00:02:17 left
[K4.04 GB/5.54 GB | ========================          72.91% | 12.0 MB/s | 00:02:06 left
[K4.04 GB/5.54 GB | ========================          72.93% | 12.0 MB/s | 00:02:06 left
[K4.04 GB/5.54 GB | ========================          72.95% | 12.0 MB/s | 00:02:06 left
[K4.05 GB/5.54 GB | ========================          72.97% | 12.0 MB/s | 00:02:06 left
[K4.05 GB/5.54 GB | ========================          72.99% | 12.0 MB/s | 00:02:06 left
[K4.05 GB/5.54 GB | ========================          73.00% | 12.0 MB/s | 00:02:06 left
[K4.05 GB/5.54 GB | ========================          73.02% | 12.0 MB/s | 00:02:06 left
[K4.05 GB/5.54 GB | ========================          73.04% | 12.0 MB/s | 00:02:06 left
[K4.05 GB/5.54 GB | ========================          73.06% | 12.0 MB/s | 00:02:06 left
[K4.05 GB/5.54 GB | ========================          73.08% | 12.0 MB/s | 00:02:06 left
[K4.05 GB/5.54 GB | ========================          73.10% | 11.8 MB/s | 00:02:06 left
[K4.05 GB/5.54 GB | ========================          73.12% | 11.8 MB/s | 00:02:06 left
[K4.06 GB/5.54 GB | ========================          73.14% | 11.8 MB/s | 00:02:06 left
[K4.06 GB/5.54 GB | ========================          73.16% | 11.8 MB/s | 00:02:06 left
[K4.06 GB/5.54 GB | ========================          73.18% | 11.8 MB/s | 00:02:06 left
[K4.06 GB/5.54 GB | ========================          73.20% | 11.8 MB/s | 00:02:06 left
[K4.06 GB/5.54 GB | ========================          73.22% | 11.8 MB/s | 00:02:06 left
[K4.06 GB/5.54 GB | ========================          73.24% | 11.8 MB/s | 00:02:06 left
[K4.06 GB/5.54 GB | ========================          73.26% | 11.8 MB/s | 00:02:06 left
[K4.06 GB/5.54 GB | ========================          73.28% | 11.8 MB/s | 00:02:06 left
[K4.06 GB/5.54 GB | ========================          73.30% | 11.8 MB/s | 00:02:06 left
[K4.07 GB/5.54 GB | ========================          73.32% | 11.8 MB/s | 00:02:06 left
[K4.07 GB/5.54 GB | ========================          73.34% | 11.8 MB/s | 00:02:06 left
[K4.07 GB/5.54 GB | ========================          73.36% | 11.8 MB/s | 00:02:06 left
[K4.07 GB/5.54 GB | ========================          73.38% | 11.8 MB/s | 00:02:06 left
[K4.07 GB/5.54 GB | ========================          73.40% | 11.8 MB/s | 00:02:06 left
[K4.07 GB/5.54 GB | ========================          73.42% | 11.8 MB/s | 00:02:06 left
[K4.07 GB/5.54 GB | ========================          73.44% | 11.8 MB/s | 00:02:06 left
[K4.07 GB/5.54 GB | ========================          73.46% | 11.8 MB/s | 00:02:06 left
[K4.07 GB/5.54 GB | ========================          73.47% | 11.8 MB/s | 00:02:06 left
[K4.07 GB/5.54 GB | ========================          73.49% | 11.8 MB/s | 00:02:04 left
[K4.08 GB/5.54 GB | ========================          73.51% | 11.8 MB/s | 00:02:04 left
[K4.08 GB/5.54 GB | ========================          73.53% | 11.8 MB/s | 00:02:04 left
[K4.08 GB/5.54 GB | ========================          73.55% | 11.8 MB/s | 00:02:04 left
[K4.08 GB/5.54 GB | ========================          73.57% | 11.8 MB/s | 00:02:04 left
[K4.08 GB/5.54 GB | ========================          73.59% | 11.8 MB/s | 00:02:04 left
[K4.08 GB/5.54 GB | ========================          73.60% | 11.8 MB/s | 00:02:04 left
[K4.08 GB/5.54 GB | ========================          73.62% | 11.8 MB/s | 00:02:04 left
[K4.08 GB/5.54 GB | ========================          73.64% | 11.8 MB/s | 00:02:04 left
[K4.08 GB/5.54 GB | ========================          73.66% | 11.8 MB/s | 00:02:04 left
[K4.09 GB/5.54 GB | ========================          73.68% | 11.4 MB/s | 00:02:09 left
[K4.09 GB/5.54 GB | ========================          73.69% | 11.4 MB/s | 00:02:09 left
[K4.09 GB/5.54 GB | ========================          73.71% | 11.4 MB/s | 00:02:09 left
[K4.09 GB/5.54 GB | ========================          73.73% | 11.4 MB/s | 00:02:09 left
[K4.09 GB/5.54 GB | ========================          73.75% | 11.4 MB/s | 00:02:09 left
[K4.09 GB/5.54 GB | ========================          73.77% | 11.4 MB/s | 00:02:09 left
[K4.09 GB/5.54 GB | ========================          73.79% | 11.4 MB/s | 00:02:09 left
[K4.09 GB/5.54 GB | ========================          73.81% | 11.4 MB/s | 00:02:09 left
[K4.09 GB/5.54 GB | ========================          73.83% | 11.4 MB/s | 00:02:09 left
[K4.09 GB/5.54 GB | ========================          73.85% | 11.4 MB/s | 00:02:09 left
[K4.10 GB/5.54 GB | ========================          73.87% | 11.6 MB/s | 00:02:05 left
[K4.10 GB/5.54 GB | ========================          73.89% | 11.6 MB/s | 00:02:05 left
[K4.10 GB/5.54 GB | ========================          73.90% | 11.6 MB/s | 00:02:05 left
[K4.10 GB/5.54 GB | ========================          73.92% | 11.6 MB/s | 00:02:05 left
[K4.10 GB/5.54 GB | ========================          73.94% | 11.6 MB/s | 00:02:05 left
[K4.10 GB/5.54 GB | ========================          73.96% | 11.6 MB/s | 00:02:05 left
[K4.10 GB/5.54 GB | ========================          73.98% | 11.6 MB/s | 00:02:05 left
[K4.10 GB/5.54 GB | ========================          74.00% | 11.6 MB/s | 00:02:05 left
[K4.10 GB/5.54 GB | ========================          74.02% | 11.6 MB/s | 00:02:05 left
[K4.11 GB/5.54 GB | ========================          74.04% | 11.6 MB/s | 00:02:05 left
[K4.11 GB/5.54 GB | ========================          74.05% | 11.5 MB/s | 00:02:05 left
[K4.11 GB/5.54 GB | ========================          74.07% | 11.5 MB/s | 00:02:05 left
[K4.11 GB/5.54 GB | ========================          74.09% | 11.5 MB/s | 00:02:05 left
[K4.11 GB/5.54 GB | ========================          74.11% | 11.5 MB/s | 00:02:05 left
[K4.11 GB/5.54 GB | ========================          74.13% | 11.5 MB/s | 00:02:05 left
[K4.11 GB/5.54 GB | ========================          74.15% | 11.5 MB/s | 00:02:05 left
[K4.11 GB/5.54 GB | ========================          74.17% | 11.5 MB/s | 00:02:05 left
[K4.11 GB/5.54 GB | ========================          74.19% | 11.5 MB/s | 00:02:05 left
[K4.11 GB/5.54 GB | ========================          74.20% | 11.5 MB/s | 00:02:05 left
[K4.12 GB/5.54 GB | ========================          74.23% | 11.5 MB/s | 00:02:05 left
[K4.12 GB/5.54 GB | ========================          74.24% | 11.4 MB/s | 00:02:05 left
[K4.12 GB/5.54 GB | ========================          74.26% | 11.4 MB/s | 00:02:05 left
[K4.12 GB/5.54 GB | ========================          74.28% | 11.4 MB/s | 00:02:05 left
[K4.12 GB/5.54 GB | ========================          74.30% | 11.4 MB/s | 00:02:05 left
[K4.12 GB/5.54 GB | ========================          74.32% | 11.4 MB/s | 00:02:05 left
[K4.12 GB/5.54 GB | ========================          74.33% | 11.4 MB/s | 00:02:05 left
[K4.12 GB/5.54 GB | ========================          74.35% | 11.4 MB/s | 00:02:05 left
[K4.12 GB/5.54 GB | ========================          74.37% | 11.4 MB/s | 00:02:05 left
[K4.12 GB/5.54 GB | ========================          74.39% | 11.4 MB/s | 00:02:05 left
[K4.13 GB/5.54 GB | ========================          74.41% | 11.4 MB/s | 00:02:05 left
[K4.13 GB/5.54 GB | ========================          74.42% | 10.7 MB/s | 00:02:12 left
[K4.13 GB/5.54 GB | ========================          74.44% | 10.7 MB/s | 00:02:12 left
[K4.13 GB/5.54 GB | ========================          74.46% | 10.7 MB/s | 00:02:12 left
[K4.13 GB/5.54 GB | ========================          74.48% | 10.7 MB/s | 00:02:12 left
[K4.13 GB/5.54 GB | ========================          74.50% | 10.7 MB/s | 00:02:12 left
[K4.13 GB/5.54 GB | ========================          74.52% | 10.7 MB/s | 00:02:12 left
[K4.13 GB/5.54 GB | ========================          74.53% | 10.7 MB/s | 00:02:12 left
[K4.13 GB/5.54 GB | ========================          74.56% | 10.7 MB/s | 00:02:12 left
[K4.13 GB/5.54 GB | ========================          74.57% | 10.7 MB/s | 00:02:12 left
[K4.14 GB/5.54 GB | ========================          74.58% | 10.7 MB/s | 00:02:12 left
[K4.14 GB/5.54 GB | ========================          74.59% | 9.8 MB/s | 00:02:24 left
[K4.14 GB/5.54 GB | ========================          74.61% | 9.8 MB/s | 00:02:24 left
[K4.14 GB/5.54 GB | ========================          74.63% | 9.8 MB/s | 00:02:24 left
[K4.14 GB/5.54 GB | ========================          74.64% | 9.8 MB/s | 00:02:24 left
[K4.14 GB/5.54 GB | ========================          74.66% | 9.8 MB/s | 00:02:24 left
[K4.14 GB/5.54 GB | ========================          74.68% | 9.8 MB/s | 00:02:24 left
[K4.14 GB/5.54 GB | ========================          74.70% | 9.8 MB/s | 00:02:24 left
[K4.14 GB/5.54 GB | ========================          74.72% | 9.8 MB/s | 00:02:24 left
[K4.14 GB/5.54 GB | ========================          74.74% | 9.8 MB/s | 00:02:24 left
[K4.15 GB/5.54 GB | ========================          74.76% | 9.8 MB/s | 00:02:24 left
[K4.15 GB/5.54 GB | ========================          74.78% | 11.3 MB/s | 00:02:04 left
[K4.15 GB/5.54 GB | ========================          74.79% | 11.3 MB/s | 00:02:04 left
[K4.15 GB/5.54 GB | ========================          74.81% | 11.3 MB/s | 00:02:04 left
[K4.15 GB/5.54 GB | ========================          74.83% | 11.3 MB/s | 00:02:04 left
[K4.15 GB/5.54 GB | ========================          74.85% | 11.3 MB/s | 00:02:04 left
[K4.15 GB/5.54 GB | ========================          74.87% | 11.3 MB/s | 00:02:04 left
[K4.15 GB/5.54 GB | ========================          74.89% | 11.3 MB/s | 00:02:04 left
[K4.15 GB/5.54 GB | ========================          74.91% | 11.3 MB/s | 00:02:04 left
[K4.15 GB/5.54 GB | ========================          74.93% | 11.3 MB/s | 00:02:04 left
[K4.16 GB/5.54 GB | ========================          74.95% | 11.3 MB/s | 00:02:04 left
[K4.16 GB/5.54 GB | ========================          74.97% | 11.6 MB/s | 00:01:60 left
[K4.16 GB/5.54 GB | ========================          74.99% | 11.6 MB/s | 00:01:60 left
[K4.16 GB/5.54 GB | ========================          75.00% | 11.6 MB/s | 00:01:60 left
[K4.16 GB/5.54 GB | ========================          75.03% | 11.6 MB/s | 00:01:60 left
[K4.16 GB/5.54 GB | ========================          75.04% | 11.6 MB/s | 00:01:60 left
[K4.16 GB/5.54 GB | ========================          75.06% | 11.6 MB/s | 00:01:60 left
[K4.16 GB/5.54 GB | ========================          75.08% | 11.6 MB/s | 00:01:60 left
[K4.16 GB/5.54 GB | ========================          75.10% | 11.6 MB/s | 00:01:60 left
[K4.17 GB/5.54 GB | ========================          75.12% | 11.6 MB/s | 00:01:60 left
[K4.17 GB/5.54 GB | ========================          75.14% | 11.6 MB/s | 00:01:60 left
[K4.17 GB/5.54 GB | ========================          75.16% | 11.7 MB/s | 00:01:57 left
[K4.17 GB/5.54 GB | ========================          75.18% | 11.7 MB/s | 00:01:57 left
[K4.17 GB/5.54 GB | ========================          75.19% | 11.7 MB/s | 00:01:57 left
[K4.17 GB/5.54 GB | ========================          75.19% | 11.7 MB/s | 00:01:57 left
[K4.17 GB/5.54 GB | ========================          75.21% | 11.7 MB/s | 00:01:57 left
[K4.17 GB/5.54 GB | ========================          75.23% | 11.7 MB/s | 00:01:57 left
[K4.17 GB/5.54 GB | ========================          75.25% | 11.7 MB/s | 00:01:57 left
[K4.17 GB/5.54 GB | ========================          75.26% | 11.7 MB/s | 00:01:57 left
[K4.17 GB/5.54 GB | ========================          75.28% | 11.7 MB/s | 00:01:57 left
[K4.18 GB/5.54 GB | ========================          75.30% | 11.7 MB/s | 00:01:57 left
[K4.18 GB/5.54 GB | ========================          75.32% | 12.6 MB/s | 00:01:48 left
[K4.18 GB/5.54 GB | ========================          75.34% | 12.6 MB/s | 00:01:48 left
[K4.18 GB/5.54 GB | ========================          75.36% | 12.6 MB/s | 00:01:48 left
[K4.18 GB/5.54 GB | ========================          75.37% | 12.6 MB/s | 00:01:48 left
[K4.18 GB/5.54 GB | ========================          75.39% | 12.6 MB/s | 00:01:48 left
[K4.18 GB/5.54 GB | ========================          75.41% | 12.6 MB/s | 00:01:48 left
[K4.18 GB/5.54 GB | ========================          75.43% | 12.6 MB/s | 00:01:48 left
[K4.18 GB/5.54 GB | ========================          75.45% | 12.6 MB/s | 00:01:48 left
[K4.18 GB/5.54 GB | ========================          75.47% | 12.6 MB/s | 00:01:48 left
[K4.19 GB/5.54 GB | ========================          75.48% | 12.6 MB/s | 00:01:48 left
[K4.19 GB/5.54 GB | ========================          75.50% | 11.0 MB/s | 00:02:04 left
[K4.19 GB/5.54 GB | ========================          75.52% | 11.0 MB/s | 00:02:04 left
[K4.19 GB/5.54 GB | ========================          75.53% | 11.0 MB/s | 00:02:04 left
[K4.19 GB/5.54 GB | ========================          75.55% | 11.0 MB/s | 00:02:04 left
[K4.19 GB/5.54 GB | ========================          75.57% | 11.0 MB/s | 00:02:04 left
[K4.19 GB/5.54 GB | ========================          75.59% | 11.0 MB/s | 00:02:04 left
[K4.19 GB/5.54 GB | ========================          75.61% | 11.0 MB/s | 00:02:04 left
[K4.19 GB/5.54 GB | ========================          75.63% | 11.0 MB/s | 00:02:04 left
[K4.19 GB/5.54 GB | ========================          75.65% | 11.0 MB/s | 00:02:04 left
[K4.20 GB/5.54 GB | ========================          75.67% | 11.0 MB/s | 00:02:04 left
[K4.20 GB/5.54 GB | ========================          75.69% | 11.0 MB/s | 00:02:04 left
[K4.20 GB/5.54 GB | ========================          75.71% | 11.3 MB/s | 00:01:59 left
[K4.20 GB/5.54 GB | ========================          75.73% | 11.3 MB/s | 00:01:59 left
[K4.20 GB/5.54 GB | ========================          75.74% | 11.3 MB/s | 00:01:59 left
[K4.20 GB/5.54 GB | =========================         75.76% | 11.3 MB/s | 00:01:59 left
[K4.20 GB/5.54 GB | =========================         75.78% | 11.3 MB/s | 00:01:59 left
[K4.20 GB/5.54 GB | =========================         75.80% | 11.3 MB/s | 00:01:59 left
[K4.20 GB/5.54 GB | =========================         75.82% | 11.3 MB/s | 00:01:59 left
[K4.20 GB/5.54 GB | =========================         75.84% | 11.3 MB/s | 00:01:59 left
[K4.21 GB/5.54 GB | =========================         75.85% | 11.3 MB/s | 00:01:59 left
[K4.21 GB/5.54 GB | =========================         75.87% | 11.3 MB/s | 00:01:59 left
[K4.21 GB/5.54 GB | =========================         75.89% | 11.1 MB/s | 00:02:00 left
[K4.21 GB/5.54 GB | =========================         75.91% | 11.1 MB/s | 00:02:00 left
[K4.21 GB/5.54 GB | =========================         75.92% | 11.1 MB/s | 00:02:00 left
[K4.21 GB/5.54 GB | =========================         75.94% | 11.1 MB/s | 00:02:00 left
[K4.21 GB/5.54 GB | =========================         75.96% | 11.1 MB/s | 00:02:00 left
[K4.21 GB/5.54 GB | =========================         75.98% | 11.1 MB/s | 00:02:00 left
[K4.21 GB/5.54 GB | =========================         76.00% | 11.1 MB/s | 00:02:00 left
[K4.22 GB/5.54 GB | =========================         76.02% | 11.1 MB/s | 00:02:00 left
[K4.22 GB/5.54 GB | =========================         76.04% | 11.1 MB/s | 00:02:00 left
[K4.22 GB/5.54 GB | =========================         76.06% | 11.1 MB/s | 00:02:00 left
[K4.22 GB/5.54 GB | =========================         76.07% | 11.5 MB/s | 00:01:56 left
[K4.22 GB/5.54 GB | =========================         76.09% | 11.5 MB/s | 00:01:56 left
[K4.22 GB/5.54 GB | =========================         76.11% | 11.5 MB/s | 00:01:56 left
[K4.22 GB/5.54 GB | =========================         76.13% | 11.5 MB/s | 00:01:56 left
[K4.22 GB/5.54 GB | =========================         76.15% | 11.5 MB/s | 00:01:56 left
[K4.22 GB/5.54 GB | =========================         76.17% | 11.5 MB/s | 00:01:56 left
[K4.22 GB/5.54 GB | =========================         76.19% | 11.5 MB/s | 00:01:56 left
[K4.23 GB/5.54 GB | =========================         76.21% | 11.5 MB/s | 00:01:56 left
[K4.23 GB/5.54 GB | =========================         76.23% | 11.5 MB/s | 00:01:56 left
[K4.23 GB/5.54 GB | =========================         76.24% | 11.5 MB/s | 00:01:56 left
[K4.23 GB/5.54 GB | =========================         76.26% | 10.5 MB/s | 00:02:06 left
[K4.23 GB/5.54 GB | =========================         76.27% | 10.5 MB/s | 00:02:06 left
[K4.23 GB/5.54 GB | =========================         76.29% | 10.5 MB/s | 00:02:06 left
[K4.23 GB/5.54 GB | =========================         76.30% | 10.5 MB/s | 00:02:06 left
[K4.23 GB/5.54 GB | =========================         76.31% | 10.5 MB/s | 00:02:06 left
[K4.23 GB/5.54 GB | =========================         76.33% | 10.5 MB/s | 00:02:06 left
[K4.23 GB/5.54 GB | =========================         76.34% | 10.5 MB/s | 00:02:06 left
[K4.23 GB/5.54 GB | =========================         76.35% | 10.5 MB/s | 00:02:06 left
[K4.23 GB/5.54 GB | =========================         76.36% | 10.5 MB/s | 00:02:06 left
[K4.24 GB/5.54 GB | =========================         76.38% | 10.5 MB/s | 00:02:06 left
[K4.24 GB/5.54 GB | =========================         76.40% | 10.5 MB/s | 00:02:06 left
[K4.24 GB/5.54 GB | =========================         76.42% | 8.8 MB/s | 00:02:29 left
[K4.24 GB/5.54 GB | =========================         76.44% | 8.8 MB/s | 00:02:29 left
[K4.24 GB/5.54 GB | =========================         76.46% | 8.8 MB/s | 00:02:29 left
[K4.24 GB/5.54 GB | =========================         76.48% | 8.8 MB/s | 00:02:29 left
[K4.24 GB/5.54 GB | =========================         76.49% | 8.8 MB/s | 00:02:29 left
[K4.24 GB/5.54 GB | =========================         76.51% | 8.8 MB/s | 00:02:29 left
[K4.24 GB/5.54 GB | =========================         76.52% | 8.8 MB/s | 00:02:29 left
[K4.24 GB/5.54 GB | =========================         76.54% | 8.8 MB/s | 00:02:29 left
[K4.25 GB/5.54 GB | =========================         76.56% | 8.8 MB/s | 00:02:29 left
[K4.25 GB/5.54 GB | =========================         76.58% | 8.8 MB/s | 00:02:29 left
[K4.25 GB/5.54 GB | =========================         76.60% | 11.1 MB/s | 00:01:57 left
[K4.25 GB/5.54 GB | =========================         76.62% | 11.1 MB/s | 00:01:57 left
[K4.25 GB/5.54 GB | =========================         76.64% | 11.1 MB/s | 00:01:57 left
[K4.25 GB/5.54 GB | =========================         76.66% | 11.1 MB/s | 00:01:57 left
[K4.25 GB/5.54 GB | =========================         76.68% | 11.1 MB/s | 00:01:57 left
[K4.25 GB/5.54 GB | =========================         76.70% | 11.1 MB/s | 00:01:57 left
[K4.25 GB/5.54 GB | =========================         76.72% | 11.1 MB/s | 00:01:57 left
[K4.25 GB/5.54 GB | =========================         76.74% | 11.1 MB/s | 00:01:57 left
[K4.26 GB/5.54 GB | =========================         76.76% | 11.1 MB/s | 00:01:57 left
[K4.26 GB/5.54 GB | =========================         76.77% | 11.1 MB/s | 00:01:57 left
[K4.26 GB/5.54 GB | =========================         76.79% | 11.7 MB/s | 00:01:50 left
[K4.26 GB/5.54 GB | =========================         76.81% | 11.7 MB/s | 00:01:50 left
[K4.26 GB/5.54 GB | =========================         76.83% | 11.7 MB/s | 00:01:50 left
[K4.26 GB/5.54 GB | =========================         76.85% | 11.7 MB/s | 00:01:50 left
[K4.26 GB/5.54 GB | =========================         76.87% | 11.7 MB/s | 00:01:50 left
[K4.26 GB/5.54 GB | =========================         76.89% | 11.7 MB/s | 00:01:50 left
[K4.26 GB/5.54 GB | =========================         76.91% | 11.7 MB/s | 00:01:50 left
[K4.27 GB/5.54 GB | =========================         76.93% | 11.7 MB/s | 00:01:50 left
[K4.27 GB/5.54 GB | =========================         76.94% | 11.7 MB/s | 00:01:50 left
[K4.27 GB/5.54 GB | =========================         76.96% | 11.7 MB/s | 00:01:50 left
[K4.27 GB/5.54 GB | =========================         76.98% | 11.3 MB/s | 00:01:53 left
[K4.27 GB/5.54 GB | =========================         77.00% | 11.3 MB/s | 00:01:53 left
[K4.27 GB/5.54 GB | =========================         77.02% | 11.3 MB/s | 00:01:53 left
[K4.27 GB/5.54 GB | =========================         77.04% | 11.3 MB/s | 00:01:53 left
[K4.27 GB/5.54 GB | =========================         77.06% | 11.3 MB/s | 00:01:53 left
[K4.27 GB/5.54 GB | =========================         77.08% | 11.3 MB/s | 00:01:53 left
[K4.27 GB/5.54 GB | =========================         77.09% | 11.3 MB/s | 00:01:53 left
[K4.28 GB/5.54 GB | =========================         77.11% | 11.3 MB/s | 00:01:53 left
[K4.28 GB/5.54 GB | =========================         77.13% | 11.3 MB/s | 00:01:53 left
[K4.28 GB/5.54 GB | =========================         77.15% | 11.3 MB/s | 00:01:53 left
[K4.28 GB/5.54 GB | =========================         77.17% | 11.5 MB/s | 00:01:50 left
[K4.28 GB/5.54 GB | =========================         77.19% | 11.5 MB/s | 00:01:50 left
[K4.28 GB/5.54 GB | =========================         77.21% | 11.5 MB/s | 00:01:50 left
[K4.28 GB/5.54 GB | =========================         77.23% | 11.5 MB/s | 00:01:50 left
[K4.28 GB/5.54 GB | =========================         77.25% | 11.5 MB/s | 00:01:50 left
[K4.28 GB/5.54 GB | =========================         77.27% | 11.5 MB/s | 00:01:50 left
[K4.29 GB/5.54 GB | =========================         77.29% | 11.5 MB/s | 00:01:50 left
[K4.29 GB/5.54 GB | =========================         77.31% | 11.5 MB/s | 00:01:50 left
[K4.29 GB/5.54 GB | =========================         77.33% | 11.5 MB/s | 00:01:50 left
[K4.29 GB/5.54 GB | =========================         77.34% | 11.5 MB/s | 00:01:50 left
[K4.29 GB/5.54 GB | =========================         77.36% | 11.8 MB/s | 00:01:46 left
[K4.29 GB/5.54 GB | =========================         77.38% | 11.8 MB/s | 00:01:46 left
[K4.29 GB/5.54 GB | =========================         77.40% | 11.8 MB/s | 00:01:46 left
[K4.29 GB/5.54 GB | =========================         77.42% | 11.8 MB/s | 00:01:46 left
[K4.29 GB/5.54 GB | =========================         77.44% | 11.8 MB/s | 00:01:46 left
[K4.29 GB/5.54 GB | =========================         77.46% | 11.8 MB/s | 00:01:46 left
[K4.30 GB/5.54 GB | =========================         77.48% | 11.8 MB/s | 00:01:46 left
[K4.30 GB/5.54 GB | =========================         77.50% | 11.8 MB/s | 00:01:46 left
[K4.30 GB/5.54 GB | =========================         77.52% | 11.8 MB/s | 00:01:46 left
[K4.30 GB/5.54 GB | =========================         77.54% | 11.8 MB/s | 00:01:46 left
[K4.30 GB/5.54 GB | =========================         77.55% | 11.4 MB/s | 00:01:49 left
[K4.30 GB/5.54 GB | =========================         77.57% | 11.4 MB/s | 00:01:49 left
[K4.30 GB/5.54 GB | =========================         77.59% | 11.4 MB/s | 00:01:49 left
[K4.30 GB/5.54 GB | =========================         77.61% | 11.4 MB/s | 00:01:49 left
[K4.30 GB/5.54 GB | =========================         77.63% | 11.4 MB/s | 00:01:49 left
[K4.31 GB/5.54 GB | =========================         77.65% | 11.4 MB/s | 00:01:49 left
[K4.31 GB/5.54 GB | =========================         77.67% | 11.4 MB/s | 00:01:49 left
[K4.31 GB/5.54 GB | =========================         77.69% | 11.4 MB/s | 00:01:49 left
[K4.31 GB/5.54 GB | =========================         77.71% | 11.4 MB/s | 00:01:49 left
[K4.31 GB/5.54 GB | =========================         77.73% | 11.4 MB/s | 00:01:49 left
[K4.31 GB/5.54 GB | =========================         77.75% | 12.0 MB/s | 00:01:43 left
[K4.31 GB/5.54 GB | =========================         77.77% | 12.0 MB/s | 00:01:43 left
[K4.31 GB/5.54 GB | =========================         77.79% | 12.0 MB/s | 00:01:43 left
[K4.31 GB/5.54 GB | =========================         77.81% | 12.0 MB/s | 00:01:43 left
[K4.32 GB/5.54 GB | =========================         77.82% | 12.0 MB/s | 00:01:43 left
[K4.32 GB/5.54 GB | =========================         77.84% | 12.0 MB/s | 00:01:43 left
[K4.32 GB/5.54 GB | =========================         77.86% | 12.0 MB/s | 00:01:43 left
[K4.32 GB/5.54 GB | =========================         77.88% | 12.0 MB/s | 00:01:43 left
[K4.32 GB/5.54 GB | =========================         77.90% | 12.0 MB/s | 00:01:43 left
[K4.32 GB/5.54 GB | =========================         77.92% | 12.0 MB/s | 00:01:43 left
[K4.32 GB/5.54 GB | =========================         77.94% | 11.1 MB/s | 00:01:50 left
[K4.32 GB/5.54 GB | =========================         77.96% | 11.1 MB/s | 00:01:50 left
[K4.32 GB/5.54 GB | =========================         77.98% | 11.1 MB/s | 00:01:50 left
[K4.32 GB/5.54 GB | =========================         77.99% | 11.1 MB/s | 00:01:50 left
[K4.33 GB/5.54 GB | =========================         78.01% | 11.1 MB/s | 00:01:50 left
[K4.33 GB/5.54 GB | =========================         78.03% | 11.1 MB/s | 00:01:50 left
[K4.33 GB/5.54 GB | =========================         78.05% | 11.1 MB/s | 00:01:50 left
[K4.33 GB/5.54 GB | =========================         78.07% | 11.1 MB/s | 00:01:50 left
[K4.33 GB/5.54 GB | =========================         78.09% | 11.1 MB/s | 00:01:50 left
[K4.33 GB/5.54 GB | =========================         78.11% | 11.1 MB/s | 00:01:50 left
[K4.33 GB/5.54 GB | =========================         78.13% | 11.3 MB/s | 00:01:48 left
[K4.33 GB/5.54 GB | =========================         78.14% | 11.3 MB/s | 00:01:48 left
[K4.33 GB/5.54 GB | =========================         78.16% | 11.3 MB/s | 00:01:48 left
[K4.34 GB/5.54 GB | =========================         78.18% | 11.3 MB/s | 00:01:48 left
[K4.34 GB/5.54 GB | =========================         78.20% | 11.3 MB/s | 00:01:48 left
[K4.34 GB/5.54 GB | =========================         78.22% | 11.3 MB/s | 00:01:48 left
[K4.34 GB/5.54 GB | =========================         78.24% | 11.3 MB/s | 00:01:48 left
[K4.34 GB/5.54 GB | =========================         78.26% | 11.3 MB/s | 00:01:48 left
[K4.34 GB/5.54 GB | =========================         78.28% | 11.3 MB/s | 00:01:48 left
[K4.34 GB/5.54 GB | =========================         78.30% | 11.3 MB/s | 00:01:48 left
[K4.34 GB/5.54 GB | =========================         78.32% | 11.3 MB/s | 00:01:48 left
[K4.34 GB/5.54 GB | =========================         78.34% | 11.8 MB/s | 00:01:42 left
[K4.34 GB/5.54 GB | =========================         78.36% | 11.8 MB/s | 00:01:42 left
[K4.35 GB/5.54 GB | =========================         78.38% | 11.8 MB/s | 00:01:42 left
[K4.35 GB/5.54 GB | =========================         78.40% | 11.8 MB/s | 00:01:42 left
[K4.35 GB/5.54 GB | =========================         78.42% | 11.8 MB/s | 00:01:42 left
[K4.35 GB/5.54 GB | =========================         78.44% | 11.8 MB/s | 00:01:42 left
[K4.35 GB/5.54 GB | =========================         78.46% | 11.8 MB/s | 00:01:42 left
[K4.35 GB/5.54 GB | =========================         78.47% | 11.8 MB/s | 00:01:42 left
[K4.35 GB/5.54 GB | =========================         78.49% | 11.8 MB/s | 00:01:42 left
[K4.35 GB/5.54 GB | =========================         78.51% | 10.4 MB/s | 00:01:54 left
[K4.35 GB/5.54 GB | =========================         78.52% | 10.4 MB/s | 00:01:54 left
[K4.35 GB/5.54 GB | =========================         78.53% | 10.4 MB/s | 00:01:54 left
[K4.36 GB/5.54 GB | =========================         78.55% | 10.4 MB/s | 00:01:54 left
[K4.36 GB/5.54 GB | =========================         78.57% | 10.4 MB/s | 00:01:54 left
[K4.36 GB/5.54 GB | =========================         78.59% | 10.4 MB/s | 00:01:54 left
[K4.36 GB/5.54 GB | =========================         78.61% | 10.4 MB/s | 00:01:54 left
[K4.36 GB/5.54 GB | =========================         78.63% | 10.4 MB/s | 00:01:54 left
[K4.36 GB/5.54 GB | =========================         78.65% | 10.4 MB/s | 00:01:54 left
[K4.36 GB/5.54 GB | =========================         78.67% | 10.4 MB/s | 00:01:54 left
[K4.36 GB/5.54 GB | =========================         78.68% | 10.4 MB/s | 00:01:54 left
[K4.36 GB/5.54 GB | =========================         78.70% | 11.0 MB/s | 00:01:47 left
[K4.37 GB/5.54 GB | =========================         78.72% | 11.0 MB/s | 00:01:47 left
[K4.37 GB/5.54 GB | =========================         78.74% | 11.0 MB/s | 00:01:47 left
[K4.37 GB/5.54 GB | =========================         78.76% | 11.0 MB/s | 00:01:47 left
[K4.37 GB/5.54 GB | ==========================        78.79% | 11.0 MB/s | 00:01:47 left
[K4.37 GB/5.54 GB | ==========================        78.81% | 11.0 MB/s | 00:01:47 left
[K4.37 GB/5.54 GB | ==========================        78.82% | 11.0 MB/s | 00:01:47 left
[K4.37 GB/5.54 GB | ==========================        78.84% | 11.0 MB/s | 00:01:47 left
[K4.37 GB/5.54 GB | ==========================        78.86% | 11.0 MB/s | 00:01:47 left
[K4.37 GB/5.54 GB | ==========================        78.88% | 11.0 MB/s | 00:01:47 left
[K4.37 GB/5.54 GB | ==========================        78.90% | 11.9 MB/s | 00:01:39 left
[K4.38 GB/5.54 GB | ==========================        78.92% | 11.9 MB/s | 00:01:39 left
[K4.38 GB/5.54 GB | ==========================        78.94% | 11.9 MB/s | 00:01:39 left
[K4.38 GB/5.54 GB | ==========================        78.96% | 11.9 MB/s | 00:01:39 left
[K4.38 GB/5.54 GB | ==========================        78.98% | 11.9 MB/s | 00:01:39 left
[K4.38 GB/5.54 GB | ==========================        79.00% | 11.9 MB/s | 00:01:39 left
[K4.38 GB/5.54 GB | ==========================        79.02% | 11.9 MB/s | 00:01:39 left
[K4.38 GB/5.54 GB | ==========================        79.04% | 11.9 MB/s | 00:01:39 left
[K4.38 GB/5.54 GB | ==========================        79.06% | 11.9 MB/s | 00:01:39 left
[K4.38 GB/5.54 GB | ==========================        79.08% | 11.9 MB/s | 00:01:39 left
[K4.39 GB/5.54 GB | ==========================        79.10% | 12.4 MB/s | 00:01:34 left
[K4.39 GB/5.54 GB | ==========================        79.12% | 12.4 MB/s | 00:01:34 left
[K4.39 GB/5.54 GB | ==========================        79.14% | 12.4 MB/s | 00:01:34 left
[K4.39 GB/5.54 GB | ==========================        79.16% | 12.4 MB/s | 00:01:34 left
[K4.39 GB/5.54 GB | ==========================        79.17% | 12.4 MB/s | 00:01:34 left
[K4.39 GB/5.54 GB | ==========================        79.19% | 12.4 MB/s | 00:01:34 left
[K4.39 GB/5.54 GB | ==========================        79.21% | 12.4 MB/s | 00:01:34 left
[K4.39 GB/5.54 GB | ==========================        79.23% | 12.4 MB/s | 00:01:34 left
[K4.39 GB/5.54 GB | ==========================        79.25% | 12.4 MB/s | 00:01:34 left
[K4.40 GB/5.54 GB | ==========================        79.27% | 12.4 MB/s | 00:01:34 left
[K4.40 GB/5.54 GB | ==========================        79.29% | 11.2 MB/s | 00:01:43 left
[K4.40 GB/5.54 GB | ==========================        79.31% | 11.2 MB/s | 00:01:43 left
[K4.40 GB/5.54 GB | ==========================        79.32% | 11.2 MB/s | 00:01:43 left
[K4.40 GB/5.54 GB | ==========================        79.34% | 11.2 MB/s | 00:01:43 left
[K4.40 GB/5.54 GB | ==========================        79.36% | 11.2 MB/s | 00:01:43 left
[K4.40 GB/5.54 GB | ==========================        79.38% | 11.2 MB/s | 00:01:43 left
[K4.40 GB/5.54 GB | ==========================        79.40% | 11.2 MB/s | 00:01:43 left
[K4.40 GB/5.54 GB | ==========================        79.42% | 11.2 MB/s | 00:01:43 left
[K4.40 GB/5.54 GB | ==========================        79.44% | 11.2 MB/s | 00:01:43 left
[K4.41 GB/5.54 GB | ==========================        79.46% | 11.2 MB/s | 00:01:43 left
[K4.41 GB/5.54 GB | ==========================        79.47% | 11.5 MB/s | 00:01:39 left
[K4.41 GB/5.54 GB | ==========================        79.49% | 11.5 MB/s | 00:01:39 left
[K4.41 GB/5.54 GB | ==========================        79.51% | 11.5 MB/s | 00:01:39 left
[K4.41 GB/5.54 GB | ==========================        79.53% | 11.5 MB/s | 00:01:39 left
[K4.41 GB/5.54 GB | ==========================        79.55% | 11.5 MB/s | 00:01:39 left
[K4.41 GB/5.54 GB | ==========================        79.56% | 11.5 MB/s | 00:01:39 left
[K4.41 GB/5.54 GB | ==========================        79.58% | 11.5 MB/s | 00:01:39 left
[K4.41 GB/5.54 GB | ==========================        79.60% | 11.5 MB/s | 00:01:39 left
[K4.41 GB/5.54 GB | ==========================        79.62% | 11.5 MB/s | 00:01:39 left
[K4.42 GB/5.54 GB | ==========================        79.64% | 11.5 MB/s | 00:01:39 left
[K4.42 GB/5.54 GB | ==========================        79.66% | 11.2 MB/s | 00:01:41 left
[K4.42 GB/5.54 GB | ==========================        79.68% | 11.2 MB/s | 00:01:41 left
[K4.42 GB/5.54 GB | ==========================        79.69% | 11.2 MB/s | 00:01:41 left
[K4.42 GB/5.54 GB | ==========================        79.71% | 11.2 MB/s | 00:01:41 left
[K4.42 GB/5.54 GB | ==========================        79.73% | 11.2 MB/s | 00:01:41 left
[K4.42 GB/5.54 GB | ==========================        79.75% | 11.2 MB/s | 00:01:41 left
[K4.42 GB/5.54 GB | ==========================        79.77% | 11.2 MB/s | 00:01:41 left
[K4.42 GB/5.54 GB | ==========================        79.78% | 11.2 MB/s | 00:01:41 left
[K4.42 GB/5.54 GB | ==========================        79.80% | 11.2 MB/s | 00:01:41 left
[K4.43 GB/5.54 GB | ==========================        79.82% | 11.2 MB/s | 00:01:41 left
[K4.43 GB/5.54 GB | ==========================        79.84% | 10.5 MB/s | 00:01:47 left
[K4.43 GB/5.54 GB | ==========================        79.85% | 10.5 MB/s | 00:01:47 left
[K4.43 GB/5.54 GB | ==========================        79.87% | 10.5 MB/s | 00:01:47 left
[K4.43 GB/5.54 GB | ==========================        79.89% | 10.5 MB/s | 00:01:47 left
[K4.43 GB/5.54 GB | ==========================        79.90% | 10.5 MB/s | 00:01:47 left
[K4.43 GB/5.54 GB | ==========================        79.92% | 10.5 MB/s | 00:01:47 left
[K4.43 GB/5.54 GB | ==========================        79.94% | 10.5 MB/s | 00:01:47 left
[K4.43 GB/5.54 GB | ==========================        79.96% | 10.5 MB/s | 00:01:47 left
[K4.43 GB/5.54 GB | ==========================        79.98% | 10.5 MB/s | 00:01:47 left
[K4.44 GB/5.54 GB | ==========================        79.99% | 10.5 MB/s | 00:01:47 left
[K4.44 GB/5.54 GB | ==========================        80.01% | 9.9 MB/s | 00:01:52 left
[K4.44 GB/5.54 GB | ==========================        80.02% | 9.9 MB/s | 00:01:52 left
[K4.44 GB/5.54 GB | ==========================        80.04% | 9.9 MB/s | 00:01:52 left
[K4.44 GB/5.54 GB | ==========================        80.06% | 9.9 MB/s | 00:01:52 left
[K4.44 GB/5.54 GB | ==========================        80.08% | 9.9 MB/s | 00:01:52 left
[K4.44 GB/5.54 GB | ==========================        80.09% | 9.9 MB/s | 00:01:52 left
[K4.44 GB/5.54 GB | ==========================        80.11% | 9.9 MB/s | 00:01:52 left
[K4.44 GB/5.54 GB | ==========================        80.12% | 9.9 MB/s | 00:01:52 left
[K4.44 GB/5.54 GB | ==========================        80.14% | 9.9 MB/s | 00:01:52 left
[K4.44 GB/5.54 GB | ==========================        80.16% | 9.9 MB/s | 00:01:52 left
[K4.45 GB/5.54 GB | ==========================        80.18% | 9.9 MB/s | 00:01:52 left
[K4.45 GB/5.54 GB | ==========================        80.19% | 9.9 MB/s | 00:01:50 left
[K4.45 GB/5.54 GB | ==========================        80.21% | 9.9 MB/s | 00:01:50 left
[K4.45 GB/5.54 GB | ==========================        80.23% | 9.9 MB/s | 00:01:50 left
[K4.45 GB/5.54 GB | ==========================        80.25% | 9.9 MB/s | 00:01:50 left
[K4.45 GB/5.54 GB | ==========================        80.26% | 9.9 MB/s | 00:01:50 left
[K4.45 GB/5.54 GB | ==========================        80.27% | 9.9 MB/s | 00:01:50 left
[K4.45 GB/5.54 GB | ==========================        80.28% | 9.9 MB/s | 00:01:50 left
[K4.45 GB/5.54 GB | ==========================        80.30% | 9.9 MB/s | 00:01:50 left
[K4.45 GB/5.54 GB | ==========================        80.32% | 9.9 MB/s | 00:01:50 left
[K4.45 GB/5.54 GB | ==========================        80.34% | 9.9 MB/s | 00:01:50 left
[K4.46 GB/5.54 GB | ==========================        80.35% | 9.7 MB/s | 00:01:53 left
[K4.46 GB/5.54 GB | ==========================        80.37% | 9.7 MB/s | 00:01:53 left
[K4.46 GB/5.54 GB | ==========================        80.39% | 9.7 MB/s | 00:01:53 left
[K4.46 GB/5.54 GB | ==========================        80.41% | 9.7 MB/s | 00:01:53 left
[K4.46 GB/5.54 GB | ==========================        80.43% | 9.7 MB/s | 00:01:53 left
[K4.46 GB/5.54 GB | ==========================        80.44% | 9.7 MB/s | 00:01:53 left
[K4.46 GB/5.54 GB | ==========================        80.47% | 9.7 MB/s | 00:01:53 left
[K4.46 GB/5.54 GB | ==========================        80.48% | 9.7 MB/s | 00:01:53 left
[K4.46 GB/5.54 GB | ==========================        80.50% | 9.7 MB/s | 00:01:53 left
[K4.46 GB/5.54 GB | ==========================        80.52% | 9.7 MB/s | 00:01:53 left
[K4.47 GB/5.54 GB | ==========================        80.54% | 11.2 MB/s | 00:01:37 left
[K4.47 GB/5.54 GB | ==========================        80.55% | 11.2 MB/s | 00:01:37 left
[K4.47 GB/5.54 GB | ==========================        80.57% | 11.2 MB/s | 00:01:37 left
[K4.47 GB/5.54 GB | ==========================        80.59% | 11.2 MB/s | 00:01:37 left
[K4.47 GB/5.54 GB | ==========================        80.60% | 11.2 MB/s | 00:01:37 left
[K4.47 GB/5.54 GB | ==========================        80.62% | 11.2 MB/s | 00:01:37 left
[K4.47 GB/5.54 GB | ==========================        80.64% | 11.2 MB/s | 00:01:37 left
[K4.47 GB/5.54 GB | ==========================        80.65% | 11.2 MB/s | 00:01:37 left
[K4.47 GB/5.54 GB | ==========================        80.67% | 11.2 MB/s | 00:01:37 left
[K4.47 GB/5.54 GB | ==========================        80.69% | 11.2 MB/s | 00:01:37 left
[K4.47 GB/5.54 GB | ==========================        80.70% | 9.6 MB/s | 00:01:51 left
[K4.48 GB/5.54 GB | ==========================        80.72% | 9.6 MB/s | 00:01:51 left
[K4.48 GB/5.54 GB | ==========================        80.73% | 9.6 MB/s | 00:01:51 left
[K4.48 GB/5.54 GB | ==========================        80.74% | 9.6 MB/s | 00:01:51 left
[K4.48 GB/5.54 GB | ==========================        80.75% | 9.6 MB/s | 00:01:51 left
[K4.48 GB/5.54 GB | ==========================        80.77% | 9.6 MB/s | 00:01:51 left
[K4.48 GB/5.54 GB | ==========================        80.79% | 9.6 MB/s | 00:01:51 left
[K4.48 GB/5.54 GB | ==========================        80.81% | 9.6 MB/s | 00:01:51 left
[K4.48 GB/5.54 GB | ==========================        80.83% | 9.6 MB/s | 00:01:51 left
[K4.48 GB/5.54 GB | ==========================        80.84% | 9.6 MB/s | 00:01:51 left
[K4.48 GB/5.54 GB | ==========================        80.86% | 9.6 MB/s | 00:01:51 left
[K4.48 GB/5.54 GB | ==========================        80.88% | 9.7 MB/s | 00:01:49 left
[K4.49 GB/5.54 GB | ==========================        80.89% | 9.7 MB/s | 00:01:49 left
[K4.49 GB/5.54 GB | ==========================        80.91% | 9.7 MB/s | 00:01:49 left
[K4.49 GB/5.54 GB | ==========================        80.93% | 9.7 MB/s | 00:01:49 left
[K4.49 GB/5.54 GB | ==========================        80.95% | 9.7 MB/s | 00:01:49 left
[K4.49 GB/5.54 GB | ==========================        80.97% | 9.7 MB/s | 00:01:49 left
[K4.49 GB/5.54 GB | ==========================        80.98% | 9.7 MB/s | 00:01:49 left
[K4.49 GB/5.54 GB | ==========================        81.00% | 9.7 MB/s | 00:01:49 left
[K4.49 GB/5.54 GB | ==========================        81.01% | 9.7 MB/s | 00:01:49 left
[K4.49 GB/5.54 GB | ==========================        81.03% | 9.7 MB/s | 00:01:49 left
[K4.49 GB/5.54 GB | ==========================        81.04% | 9.3 MB/s | 00:01:53 left
[K4.49 GB/5.54 GB | ==========================        81.05% | 9.3 MB/s | 00:01:53 left
[K4.49 GB/5.54 GB | ==========================        81.06% | 9.3 MB/s | 00:01:53 left
[K4.50 GB/5.54 GB | ==========================        81.07% | 9.3 MB/s | 00:01:53 left
[K4.50 GB/5.54 GB | ==========================        81.09% | 9.3 MB/s | 00:01:53 left
[K4.50 GB/5.54 GB | ==========================        81.10% | 9.3 MB/s | 00:01:53 left
[K4.50 GB/5.54 GB | ==========================        81.12% | 9.3 MB/s | 00:01:53 left
[K4.50 GB/5.54 GB | ==========================        81.13% | 9.3 MB/s | 00:01:53 left
[K4.50 GB/5.54 GB | ==========================        81.14% | 6.8 MB/s | 00:02:35 left
[K4.50 GB/5.54 GB | ==========================        81.15% | 6.8 MB/s | 00:02:35 left
[K4.50 GB/5.54 GB | ==========================        81.16% | 6.8 MB/s | 00:02:35 left
[K4.50 GB/5.54 GB | ==========================        81.16% | 6.8 MB/s | 00:02:35 left
[K4.50 GB/5.54 GB | ==========================        81.17% | 6.8 MB/s | 00:02:35 left
[K4.50 GB/5.54 GB | ==========================        81.18% | 6.8 MB/s | 00:02:35 left
[K4.50 GB/5.54 GB | ==========================        81.18% | 6.8 MB/s | 00:02:35 left
[K4.50 GB/5.54 GB | ==========================        81.20% | 6.8 MB/s | 00:02:35 left
[K4.50 GB/5.54 GB | ==========================        81.21% | 6.8 MB/s | 00:02:35 left
[K4.50 GB/5.54 GB | ==========================        81.22% | 6.8 MB/s | 00:02:35 left
[K4.50 GB/5.54 GB | ==========================        81.23% | 6.8 MB/s | 00:02:35 left
[K4.50 GB/5.54 GB | ==========================        81.24% | 5.2 MB/s | 00:03:21 left
[K4.51 GB/5.54 GB | ==========================        81.25% | 5.2 MB/s | 00:03:21 left
[K4.51 GB/5.54 GB | ==========================        81.26% | 5.2 MB/s | 00:03:21 left
[K4.51 GB/5.54 GB | ==========================        81.28% | 5.2 MB/s | 00:03:21 left
[K4.51 GB/5.54 GB | ==========================        81.29% | 5.2 MB/s | 00:03:21 left
[K4.51 GB/5.54 GB | ==========================        81.30% | 5.2 MB/s | 00:03:21 left
[K4.51 GB/5.54 GB | ==========================        81.32% | 5.2 MB/s | 00:03:21 left
[K4.51 GB/5.54 GB | ==========================        81.34% | 5.2 MB/s | 00:03:21 left
[K4.51 GB/5.54 GB | ==========================        81.36% | 5.2 MB/s | 00:03:21 left
[K4.51 GB/5.54 GB | ==========================        81.36% | 5.2 MB/s | 00:03:21 left
[K4.51 GB/5.54 GB | ==========================        81.37% | 8.0 MB/s | 00:02:10 left
[K4.51 GB/5.54 GB | ==========================        81.39% | 8.0 MB/s | 00:02:10 left
[K4.51 GB/5.54 GB | ==========================        81.40% | 8.0 MB/s | 00:02:10 left
[K4.51 GB/5.54 GB | ==========================        81.41% | 8.0 MB/s | 00:02:10 left
[K4.51 GB/5.54 GB | ==========================        81.42% | 8.0 MB/s | 00:02:10 left
[K4.51 GB/5.54 GB | ==========================        81.43% | 8.0 MB/s | 00:02:10 left
[K4.52 GB/5.54 GB | ==========================        81.44% | 8.0 MB/s | 00:02:10 left
[K4.52 GB/5.54 GB | ==========================        81.45% | 8.0 MB/s | 00:02:10 left
[K4.52 GB/5.54 GB | ==========================        81.48% | 8.0 MB/s | 00:02:10 left
[K4.52 GB/5.54 GB | ==========================        81.49% | 8.0 MB/s | 00:02:10 left
[K4.52 GB/5.54 GB | ==========================        81.51% | 8.0 MB/s | 00:02:10 left
[K4.52 GB/5.54 GB | ==========================        81.52% | 7.4 MB/s | 00:02:19 left
[K4.52 GB/5.54 GB | ==========================        81.53% | 7.4 MB/s | 00:02:19 left
[K4.52 GB/5.54 GB | ==========================        81.54% | 7.4 MB/s | 00:02:19 left
[K4.52 GB/5.54 GB | ==========================        81.56% | 7.4 MB/s | 00:02:19 left
[K4.52 GB/5.54 GB | ==========================        81.57% | 7.4 MB/s | 00:02:19 left
[K4.52 GB/5.54 GB | ==========================        81.59% | 7.4 MB/s | 00:02:19 left
[K4.52 GB/5.54 GB | ==========================        81.61% | 7.4 MB/s | 00:02:19 left
[K4.53 GB/5.54 GB | ==========================        81.63% | 7.4 MB/s | 00:02:19 left
[K4.53 GB/5.54 GB | ==========================        81.65% | 7.4 MB/s | 00:02:19 left
[K4.53 GB/5.54 GB | ==========================        81.66% | 7.4 MB/s | 00:02:19 left
[K4.53 GB/5.54 GB | ==========================        81.67% | 9.0 MB/s | 00:01:53 left
[K4.53 GB/5.54 GB | ==========================        81.68% | 9.0 MB/s | 00:01:53 left
[K4.53 GB/5.54 GB | ==========================        81.69% | 9.0 MB/s | 00:01:53 left
[K4.53 GB/5.54 GB | ==========================        81.71% | 9.0 MB/s | 00:01:53 left
[K4.53 GB/5.54 GB | ==========================        81.74% | 9.0 MB/s | 00:01:53 left
[K4.53 GB/5.54 GB | ==========================        81.78% | 9.0 MB/s | 00:01:53 left
[K4.54 GB/5.54 GB | ==========================        81.80% | 9.0 MB/s | 00:01:53 left
[K4.54 GB/5.54 GB | ===========================       81.82% | 9.0 MB/s | 00:01:53 left
[K4.54 GB/5.54 GB | ===========================       81.84% | 8.5 MB/s | 00:01:59 left
[K4.54 GB/5.54 GB | ===========================       81.86% | 8.5 MB/s | 00:01:59 left
[K4.54 GB/5.54 GB | ===========================       81.87% | 8.5 MB/s | 00:01:59 left
[K4.54 GB/5.54 GB | ===========================       81.89% | 8.5 MB/s | 00:01:59 left
[K4.54 GB/5.54 GB | ===========================       81.91% | 8.5 MB/s | 00:01:59 left
[K4.54 GB/5.54 GB | ===========================       81.93% | 8.5 MB/s | 00:01:59 left
[K4.54 GB/5.54 GB | ===========================       81.95% | 8.5 MB/s | 00:01:59 left
[K4.55 GB/5.54 GB | ===========================       81.97% | 8.5 MB/s | 00:01:59 left
[K4.55 GB/5.54 GB | ===========================       81.99% | 8.5 MB/s | 00:01:59 left
[K4.55 GB/5.54 GB | ===========================       82.00% | 8.5 MB/s | 00:01:59 left
[K4.55 GB/5.54 GB | ===========================       82.02% | 11.4 MB/s | 00:01:27 left
[K4.55 GB/5.54 GB | ===========================       82.04% | 11.4 MB/s | 00:01:27 left
[K4.55 GB/5.54 GB | ===========================       82.06% | 11.4 MB/s | 00:01:27 left
[K4.55 GB/5.54 GB | ===========================       82.08% | 11.4 MB/s | 00:01:27 left
[K4.55 GB/5.54 GB | ===========================       82.10% | 11.4 MB/s | 00:01:27 left
[K4.55 GB/5.54 GB | ===========================       82.11% | 11.4 MB/s | 00:01:27 left
[K4.55 GB/5.54 GB | ===========================       82.13% | 11.4 MB/s | 00:01:27 left
[K4.56 GB/5.54 GB | ===========================       82.15% | 11.4 MB/s | 00:01:27 left
[K4.56 GB/5.54 GB | ===========================       82.17% | 11.4 MB/s | 00:01:27 left
[K4.56 GB/5.54 GB | ===========================       82.19% | 11.4 MB/s | 00:01:27 left
[K4.56 GB/5.54 GB | ===========================       82.21% | 11.4 MB/s | 00:01:27 left
[K4.56 GB/5.54 GB | ===========================       82.23% | 11.4 MB/s | 00:01:27 left
[K4.56 GB/5.54 GB | ===========================       82.25% | 11.4 MB/s | 00:01:27 left
[K4.56 GB/5.54 GB | ===========================       82.27% | 11.4 MB/s | 00:01:27 left
[K4.56 GB/5.54 GB | ===========================       82.28% | 11.4 MB/s | 00:01:27 left
[K4.56 GB/5.54 GB | ===========================       82.30% | 11.4 MB/s | 00:01:27 left
[K4.56 GB/5.54 GB | ===========================       82.32% | 11.4 MB/s | 00:01:27 left
[K4.57 GB/5.54 GB | ===========================       82.34% | 11.4 MB/s | 00:01:27 left
[K4.57 GB/5.54 GB | ===========================       82.36% | 11.4 MB/s | 00:01:27 left
[K4.57 GB/5.54 GB | ===========================       82.37% | 11.4 MB/s | 00:01:27 left
[K4.57 GB/5.54 GB | ===========================       82.39% | 11.2 MB/s | 00:01:27 left
[K4.57 GB/5.54 GB | ===========================       82.41% | 11.2 MB/s | 00:01:27 left
[K4.57 GB/5.54 GB | ===========================       82.43% | 11.2 MB/s | 00:01:27 left
[K4.57 GB/5.54 GB | ===========================       82.45% | 11.2 MB/s | 00:01:27 left
[K4.57 GB/5.54 GB | ===========================       82.47% | 11.2 MB/s | 00:01:27 left
[K4.57 GB/5.54 GB | ===========================       82.49% | 11.2 MB/s | 00:01:27 left
[K4.57 GB/5.54 GB | ===========================       82.51% | 11.2 MB/s | 00:01:27 left
[K4.58 GB/5.54 GB | ===========================       82.52% | 11.2 MB/s | 00:01:27 left
[K4.58 GB/5.54 GB | ===========================       82.54% | 11.2 MB/s | 00:01:27 left
[K4.58 GB/5.54 GB | ===========================       82.57% | 11.2 MB/s | 00:01:27 left
[K4.58 GB/5.54 GB | ===========================       82.58% | 11.6 MB/s | 00:01:23 left
[K4.58 GB/5.54 GB | ===========================       82.60% | 11.6 MB/s | 00:01:23 left
[K4.58 GB/5.54 GB | ===========================       82.62% | 11.6 MB/s | 00:01:23 left
[K4.58 GB/5.54 GB | ===========================       82.64% | 11.6 MB/s | 00:01:23 left
[K4.58 GB/5.54 GB | ===========================       82.66% | 11.6 MB/s | 00:01:23 left
[K4.58 GB/5.54 GB | ===========================       82.68% | 11.6 MB/s | 00:01:23 left
[K4.59 GB/5.54 GB | ===========================       82.70% | 11.6 MB/s | 00:01:23 left
[K4.59 GB/5.54 GB | ===========================       82.72% | 11.6 MB/s | 00:01:23 left
[K4.59 GB/5.54 GB | ===========================       82.73% | 11.6 MB/s | 00:01:23 left
[K4.59 GB/5.54 GB | ===========================       82.75% | 11.6 MB/s | 00:01:23 left
[K4.59 GB/5.54 GB | ===========================       82.77% | 11.3 MB/s | 00:01:24 left
[K4.59 GB/5.54 GB | ===========================       82.79% | 11.3 MB/s | 00:01:24 left
[K4.59 GB/5.54 GB | ===========================       82.81% | 11.3 MB/s | 00:01:24 left
[K4.59 GB/5.54 GB | ===========================       82.83% | 11.3 MB/s | 00:01:24 left
[K4.59 GB/5.54 GB | ===========================       82.85% | 11.3 MB/s | 00:01:24 left
[K4.59 GB/5.54 GB | ===========================       82.87% | 11.3 MB/s | 00:01:24 left
[K4.60 GB/5.54 GB | ===========================       82.89% | 11.3 MB/s | 00:01:24 left
[K4.60 GB/5.54 GB | ===========================       82.90% | 11.3 MB/s | 00:01:24 left
[K4.60 GB/5.54 GB | ===========================       82.92% | 11.3 MB/s | 00:01:24 left
[K4.60 GB/5.54 GB | ===========================       82.94% | 11.3 MB/s | 00:01:24 left
[K4.60 GB/5.54 GB | ===========================       82.96% | 11.1 MB/s | 00:01:25 left
[K4.60 GB/5.54 GB | ===========================       82.98% | 11.1 MB/s | 00:01:25 left
[K4.60 GB/5.54 GB | ===========================       83.00% | 11.1 MB/s | 00:01:25 left
[K4.60 GB/5.54 GB | ===========================       83.01% | 11.1 MB/s | 00:01:25 left
[K4.60 GB/5.54 GB | ===========================       83.03% | 11.1 MB/s | 00:01:25 left
[K4.61 GB/5.54 GB | ===========================       83.05% | 11.1 MB/s | 00:01:25 left
[K4.61 GB/5.54 GB | ===========================       83.07% | 11.1 MB/s | 00:01:25 left
[K4.61 GB/5.54 GB | ===========================       83.09% | 11.1 MB/s | 00:01:25 left
[K4.61 GB/5.54 GB | ===========================       83.10% | 11.1 MB/s | 00:01:25 left
[K4.61 GB/5.54 GB | ===========================       83.12% | 11.1 MB/s | 00:01:25 left
[K4.61 GB/5.54 GB | ===========================       83.14% | 10.9 MB/s | 00:01:25 left
[K4.61 GB/5.54 GB | ===========================       83.16% | 10.9 MB/s | 00:01:25 left
[K4.61 GB/5.54 GB | ===========================       83.18% | 10.9 MB/s | 00:01:25 left
[K4.61 GB/5.54 GB | ===========================       83.20% | 10.9 MB/s | 00:01:25 left
[K4.61 GB/5.54 GB | ===========================       83.22% | 10.9 MB/s | 00:01:25 left
[K4.62 GB/5.54 GB | ===========================       83.23% | 10.9 MB/s | 00:01:25 left
[K4.62 GB/5.54 GB | ===========================       83.25% | 10.9 MB/s | 00:01:25 left
[K4.62 GB/5.54 GB | ===========================       83.27% | 10.9 MB/s | 00:01:25 left
[K4.62 GB/5.54 GB | ===========================       83.29% | 10.9 MB/s | 00:01:25 left
[K4.62 GB/5.54 GB | ===========================       83.31% | 10.9 MB/s | 00:01:25 left
[K4.62 GB/5.54 GB | ===========================       83.33% | 11.2 MB/s | 00:01:22 left
[K4.62 GB/5.54 GB | ===========================       83.35% | 11.2 MB/s | 00:01:22 left
[K4.62 GB/5.54 GB | ===========================       83.37% | 11.2 MB/s | 00:01:22 left
[K4.62 GB/5.54 GB | ===========================       83.39% | 11.2 MB/s | 00:01:22 left
[K4.62 GB/5.54 GB | ===========================       83.41% | 11.2 MB/s | 00:01:22 left
[K4.63 GB/5.54 GB | ===========================       83.42% | 11.2 MB/s | 00:01:22 left
[K4.63 GB/5.54 GB | ===========================       83.44% | 11.2 MB/s | 00:01:22 left
[K4.63 GB/5.54 GB | ===========================       83.46% | 11.2 MB/s | 00:01:22 left
[K4.63 GB/5.54 GB | ===========================       83.48% | 11.2 MB/s | 00:01:22 left
[K4.63 GB/5.54 GB | ===========================       83.50% | 11.2 MB/s | 00:01:22 left
[K4.63 GB/5.54 GB | ===========================       83.52% | 11.6 MB/s | 00:01:19 left
[K4.63 GB/5.54 GB | ===========================       83.54% | 11.6 MB/s | 00:01:19 left
[K4.63 GB/5.54 GB | ===========================       83.56% | 11.6 MB/s | 00:01:19 left
[K4.63 GB/5.54 GB | ===========================       83.58% | 11.6 MB/s | 00:01:19 left
[K4.64 GB/5.54 GB | ===========================       83.60% | 11.6 MB/s | 00:01:19 left
[K4.64 GB/5.54 GB | ===========================       83.61% | 11.6 MB/s | 00:01:19 left
[K4.64 GB/5.54 GB | ===========================       83.63% | 11.6 MB/s | 00:01:19 left
[K4.64 GB/5.54 GB | ===========================       83.65% | 11.6 MB/s | 00:01:19 left
[K4.64 GB/5.54 GB | ===========================       83.67% | 11.6 MB/s | 00:01:19 left
[K4.64 GB/5.54 GB | ===========================       83.69% | 11.6 MB/s | 00:01:19 left
[K4.64 GB/5.54 GB | ===========================       83.71% | 11.3 MB/s | 00:01:20 left
[K4.64 GB/5.54 GB | ===========================       83.73% | 11.3 MB/s | 00:01:20 left
[K4.64 GB/5.54 GB | ===========================       83.74% | 11.3 MB/s | 00:01:20 left
[K4.64 GB/5.54 GB | ===========================       83.76% | 11.3 MB/s | 00:01:20 left
[K4.65 GB/5.54 GB | ===========================       83.77% | 11.3 MB/s | 00:01:20 left
[K4.65 GB/5.54 GB | ===========================       83.79% | 11.3 MB/s | 00:01:20 left
[K4.65 GB/5.54 GB | ===========================       83.81% | 11.3 MB/s | 00:01:20 left
[K4.65 GB/5.54 GB | ===========================       83.83% | 11.3 MB/s | 00:01:20 left
[K4.65 GB/5.54 GB | ===========================       83.85% | 11.3 MB/s | 00:01:20 left
[K4.65 GB/5.54 GB | ===========================       83.87% | 11.3 MB/s | 00:01:20 left
[K4.65 GB/5.54 GB | ===========================       83.88% | 10.3 MB/s | 00:01:26 left
[K4.65 GB/5.54 GB | ===========================       83.90% | 10.3 MB/s | 00:01:26 left
[K4.65 GB/5.54 GB | ===========================       83.92% | 10.3 MB/s | 00:01:26 left
[K4.65 GB/5.54 GB | ===========================       83.93% | 10.3 MB/s | 00:01:26 left
[K4.65 GB/5.54 GB | ===========================       83.95% | 10.3 MB/s | 00:01:26 left
[K4.66 GB/5.54 GB | ===========================       83.97% | 10.3 MB/s | 00:01:26 left
[K4.66 GB/5.54 GB | ===========================       83.99% | 10.3 MB/s | 00:01:26 left
[K4.66 GB/5.54 GB | ===========================       84.00% | 10.3 MB/s | 00:01:26 left
[K4.66 GB/5.54 GB | ===========================       84.01% | 10.3 MB/s | 00:01:26 left
[K4.66 GB/5.54 GB | ===========================       84.03% | 10.3 MB/s | 00:01:26 left
[K4.66 GB/5.54 GB | ===========================       84.05% | 10.3 MB/s | 00:01:26 left
[K4.66 GB/5.54 GB | ===========================       84.07% | 10.1 MB/s | 00:01:27 left
[K4.66 GB/5.54 GB | ===========================       84.09% | 10.1 MB/s | 00:01:27 left
[K4.66 GB/5.54 GB | ===========================       84.11% | 10.1 MB/s | 00:01:27 left
[K4.66 GB/5.54 GB | ===========================       84.13% | 10.1 MB/s | 00:01:27 left
[K4.67 GB/5.54 GB | ===========================       84.14% | 10.1 MB/s | 00:01:27 left
[K4.67 GB/5.54 GB | ===========================       84.17% | 10.1 MB/s | 00:01:27 left
[K4.67 GB/5.54 GB | ===========================       84.18% | 10.1 MB/s | 00:01:27 left
[K4.67 GB/5.54 GB | ===========================       84.21% | 10.1 MB/s | 00:01:27 left
[K4.67 GB/5.54 GB | ===========================       84.22% | 10.1 MB/s | 00:01:27 left
[K4.67 GB/5.54 GB | ===========================       84.24% | 10.1 MB/s | 00:01:27 left
[K4.67 GB/5.54 GB | ===========================       84.26% | 11.8 MB/s | 00:01:14 left
[K4.67 GB/5.54 GB | ===========================       84.28% | 11.8 MB/s | 00:01:14 left
[K4.67 GB/5.54 GB | ===========================       84.30% | 11.8 MB/s | 00:01:14 left
[K4.68 GB/5.54 GB | ===========================       84.32% | 11.8 MB/s | 00:01:14 left
[K4.68 GB/5.54 GB | ===========================       84.34% | 11.8 MB/s | 00:01:14 left
[K4.68 GB/5.54 GB | ===========================       84.35% | 11.8 MB/s | 00:01:14 left
[K4.68 GB/5.54 GB | ===========================       84.37% | 11.8 MB/s | 00:01:14 left
[K4.68 GB/5.54 GB | ===========================       84.39% | 11.8 MB/s | 00:01:14 left
[K4.68 GB/5.54 GB | ===========================       84.41% | 11.8 MB/s | 00:01:14 left
[K4.68 GB/5.54 GB | ===========================       84.43% | 11.8 MB/s | 00:01:14 left
[K4.68 GB/5.54 GB | ===========================       84.45% | 11.4 MB/s | 00:01:16 left
[K4.68 GB/5.54 GB | ===========================       84.47% | 11.4 MB/s | 00:01:16 left
[K4.68 GB/5.54 GB | ===========================       84.49% | 11.4 MB/s | 00:01:16 left
[K4.69 GB/5.54 GB | ===========================       84.50% | 11.4 MB/s | 00:01:16 left
[K4.69 GB/5.54 GB | ===========================       84.52% | 11.4 MB/s | 00:01:16 left
[K4.69 GB/5.54 GB | ===========================       84.54% | 11.4 MB/s | 00:01:16 left
[K4.69 GB/5.54 GB | ===========================       84.56% | 11.4 MB/s | 00:01:16 left
[K4.69 GB/5.54 GB | ===========================       84.58% | 11.4 MB/s | 00:01:16 left
[K4.69 GB/5.54 GB | ===========================       84.60% | 11.4 MB/s | 00:01:16 left
[K4.69 GB/5.54 GB | ===========================       84.62% | 11.4 MB/s | 00:01:16 left
[K4.69 GB/5.54 GB | ===========================       84.63% | 11.1 MB/s | 00:01:17 left
[K4.69 GB/5.54 GB | ===========================       84.65% | 11.1 MB/s | 00:01:17 left
[K4.69 GB/5.54 GB | ===========================       84.67% | 11.1 MB/s | 00:01:17 left
[K4.70 GB/5.54 GB | ===========================       84.69% | 11.1 MB/s | 00:01:17 left
[K4.70 GB/5.54 GB | ===========================       84.71% | 11.1 MB/s | 00:01:17 left
[K4.70 GB/5.54 GB | ===========================       84.73% | 11.1 MB/s | 00:01:17 left
[K4.70 GB/5.54 GB | ===========================       84.74% | 11.1 MB/s | 00:01:17 left
[K4.70 GB/5.54 GB | ===========================       84.76% | 11.1 MB/s | 00:01:17 left
[K4.70 GB/5.54 GB | ===========================       84.78% | 11.1 MB/s | 00:01:17 left
[K4.70 GB/5.54 GB | ===========================       84.80% | 11.1 MB/s | 00:01:17 left
[K4.70 GB/5.54 GB | ===========================       84.82% | 11.1 MB/s | 00:01:17 left
[K4.70 GB/5.54 GB | ===========================       84.83% | 10.9 MB/s | 00:01:17 left
[K4.70 GB/5.54 GB | ============================      84.85% | 10.9 MB/s | 00:01:17 left
[K4.71 GB/5.54 GB | ============================      84.87% | 10.9 MB/s | 00:01:17 left
[K4.71 GB/5.54 GB | ============================      84.89% | 10.9 MB/s | 00:01:17 left
[K4.71 GB/5.54 GB | ============================      84.90% | 10.9 MB/s | 00:01:17 left
[K4.71 GB/5.54 GB | ============================      84.92% | 10.9 MB/s | 00:01:17 left
[K4.71 GB/5.54 GB | ============================      84.94% | 10.9 MB/s | 00:01:17 left
[K4.71 GB/5.54 GB | ============================      84.96% | 10.9 MB/s | 00:01:17 left
[K4.71 GB/5.54 GB | ============================      84.98% | 10.9 MB/s | 00:01:17 left
[K4.71 GB/5.54 GB | ============================      84.99% | 10.9 MB/s | 00:01:17 left
[K4.71 GB/5.54 GB | ============================      85.01% | 10.5 MB/s | 00:01:19 left
[K4.71 GB/5.54 GB | ============================      85.02% | 10.5 MB/s | 00:01:19 left
[K4.72 GB/5.54 GB | ============================      85.04% | 10.5 MB/s | 00:01:19 left
[K4.72 GB/5.54 GB | ============================      85.06% | 10.5 MB/s | 00:01:19 left
[K4.72 GB/5.54 GB | ============================      85.08% | 10.5 MB/s | 00:01:19 left
[K4.72 GB/5.54 GB | ============================      85.10% | 10.5 MB/s | 00:01:19 left
[K4.72 GB/5.54 GB | ============================      85.12% | 10.5 MB/s | 00:01:19 left
[K4.72 GB/5.54 GB | ============================      85.14% | 10.5 MB/s | 00:01:19 left
[K4.72 GB/5.54 GB | ============================      85.16% | 10.5 MB/s | 00:01:19 left
[K4.72 GB/5.54 GB | ============================      85.17% | 10.5 MB/s | 00:01:19 left
[K4.72 GB/5.54 GB | ============================      85.19% | 10.5 MB/s | 00:01:19 left
[K4.72 GB/5.54 GB | ============================      85.21% | 11.3 MB/s | 00:01:13 left
[K4.73 GB/5.54 GB | ============================      85.23% | 11.3 MB/s | 00:01:13 left
[K4.73 GB/5.54 GB | ============================      85.25% | 11.3 MB/s | 00:01:13 left
[K4.73 GB/5.54 GB | ============================      85.27% | 11.3 MB/s | 00:01:13 left
[K4.73 GB/5.54 GB | ============================      85.29% | 11.3 MB/s | 00:01:13 left
[K4.73 GB/5.54 GB | ============================      85.31% | 11.3 MB/s | 00:01:13 left
[K4.73 GB/5.54 GB | ============================      85.33% | 11.3 MB/s | 00:01:13 left
[K4.73 GB/5.54 GB | ============================      85.34% | 11.3 MB/s | 00:01:13 left
[K4.73 GB/5.54 GB | ============================      85.36% | 11.3 MB/s | 00:01:13 left
[K4.73 GB/5.54 GB | ============================      85.38% | 11.3 MB/s | 00:01:13 left
[K4.74 GB/5.54 GB | ============================      85.40% | 11.3 MB/s | 00:01:12 left
[K4.74 GB/5.54 GB | ============================      85.42% | 11.3 MB/s | 00:01:12 left
[K4.74 GB/5.54 GB | ============================      85.44% | 11.3 MB/s | 00:01:12 left
[K4.74 GB/5.54 GB | ============================      85.46% | 11.3 MB/s | 00:01:12 left
[K4.74 GB/5.54 GB | ============================      85.47% | 11.3 MB/s | 00:01:12 left
[K4.74 GB/5.54 GB | ============================      85.49% | 11.3 MB/s | 00:01:12 left
[K4.74 GB/5.54 GB | ============================      85.51% | 11.3 MB/s | 00:01:12 left
[K4.74 GB/5.54 GB | ============================      85.53% | 11.3 MB/s | 00:01:12 left
[K4.74 GB/5.54 GB | ============================      85.55% | 11.3 MB/s | 00:01:12 left
[K4.74 GB/5.54 GB | ============================      85.57% | 11.3 MB/s | 00:01:12 left
[K4.75 GB/5.54 GB | ============================      85.59% | 11.5 MB/s | 00:01:09 left
[K4.75 GB/5.54 GB | ============================      85.61% | 11.5 MB/s | 00:01:09 left
[K4.75 GB/5.54 GB | ============================      85.63% | 11.5 MB/s | 00:01:09 left
[K4.75 GB/5.54 GB | ============================      85.65% | 11.5 MB/s | 00:01:09 left
[K4.75 GB/5.54 GB | ============================      85.66% | 11.5 MB/s | 00:01:09 left
[K4.75 GB/5.54 GB | ============================      85.68% | 11.5 MB/s | 00:01:09 left
[K4.75 GB/5.54 GB | ============================      85.70% | 11.5 MB/s | 00:01:09 left
[K4.75 GB/5.54 GB | ============================      85.72% | 11.5 MB/s | 00:01:09 left
[K4.75 GB/5.54 GB | ============================      85.74% | 11.5 MB/s | 00:01:09 left
[K4.75 GB/5.54 GB | ============================      85.75% | 11.5 MB/s | 00:01:09 left
[K4.76 GB/5.54 GB | ============================      85.77% | 10.8 MB/s | 00:01:13 left
[K4.76 GB/5.54 GB | ============================      85.78% | 10.8 MB/s | 00:01:13 left
[K4.76 GB/5.54 GB | ============================      85.80% | 10.8 MB/s | 00:01:13 left
[K4.76 GB/5.54 GB | ============================      85.82% | 10.8 MB/s | 00:01:13 left
[K4.76 GB/5.54 GB | ============================      85.84% | 10.8 MB/s | 00:01:13 left
[K4.76 GB/5.54 GB | ============================      85.86% | 10.8 MB/s | 00:01:13 left
[K4.76 GB/5.54 GB | ============================      85.88% | 10.8 MB/s | 00:01:13 left
[K4.76 GB/5.54 GB | ============================      85.90% | 10.8 MB/s | 00:01:13 left
[K4.76 GB/5.54 GB | ============================      85.92% | 10.8 MB/s | 00:01:13 left
[K4.76 GB/5.54 GB | ============================      85.94% | 10.8 MB/s | 00:01:13 left
[K4.77 GB/5.54 GB | ============================      85.95% | 11.0 MB/s | 00:01:11 left
[K4.77 GB/5.54 GB | ============================      85.97% | 11.0 MB/s | 00:01:11 left
[K4.77 GB/5.54 GB | ============================      85.99% | 11.0 MB/s | 00:01:11 left
[K4.77 GB/5.54 GB | ============================      86.01% | 11.0 MB/s | 00:01:11 left
[K4.77 GB/5.54 GB | ============================      86.03% | 11.0 MB/s | 00:01:11 left
[K4.77 GB/5.54 GB | ============================      86.04% | 11.0 MB/s | 00:01:11 left
[K4.77 GB/5.54 GB | ============================      86.06% | 11.0 MB/s | 00:01:11 left
[K4.77 GB/5.54 GB | ============================      86.08% | 11.0 MB/s | 00:01:11 left
[K4.77 GB/5.54 GB | ============================      86.09% | 11.0 MB/s | 00:01:11 left
[K4.77 GB/5.54 GB | ============================      86.11% | 11.0 MB/s | 00:01:11 left
[K4.78 GB/5.54 GB | ============================      86.12% | 10.3 MB/s | 00:01:15 left
[K4.78 GB/5.54 GB | ============================      86.14% | 10.3 MB/s | 00:01:15 left
[K4.78 GB/5.54 GB | ============================      86.16% | 10.3 MB/s | 00:01:15 left
[K4.78 GB/5.54 GB | ============================      86.18% | 10.3 MB/s | 00:01:15 left
[K4.78 GB/5.54 GB | ============================      86.20% | 10.3 MB/s | 00:01:15 left
[K4.78 GB/5.54 GB | ============================      86.22% | 10.3 MB/s | 00:01:15 left
[K4.78 GB/5.54 GB | ============================      86.24% | 10.3 MB/s | 00:01:15 left
[K4.78 GB/5.54 GB | ============================      86.25% | 10.3 MB/s | 00:01:15 left
[K4.78 GB/5.54 GB | ============================      86.27% | 10.3 MB/s | 00:01:15 left
[K4.78 GB/5.54 GB | ============================      86.29% | 10.3 MB/s | 00:01:15 left
[K4.79 GB/5.54 GB | ============================      86.31% | 11.4 MB/s | 00:01:07 left
[K4.79 GB/5.54 GB | ============================      86.33% | 11.4 MB/s | 00:01:07 left
[K4.79 GB/5.54 GB | ============================      86.34% | 11.4 MB/s | 00:01:07 left
[K4.79 GB/5.54 GB | ============================      86.36% | 11.4 MB/s | 00:01:07 left
[K4.79 GB/5.54 GB | ============================      86.38% | 11.4 MB/s | 00:01:07 left
[K4.79 GB/5.54 GB | ============================      86.39% | 11.4 MB/s | 00:01:07 left
[K4.79 GB/5.54 GB | ============================      86.41% | 11.4 MB/s | 00:01:07 left
[K4.79 GB/5.54 GB | ============================      86.43% | 11.4 MB/s | 00:01:07 left
[K4.79 GB/5.54 GB | ============================      86.45% | 11.4 MB/s | 00:01:07 left
[K4.79 GB/5.54 GB | ============================      86.47% | 11.4 MB/s | 00:01:07 left
[K4.80 GB/5.54 GB | ============================      86.49% | 11.1 MB/s | 00:01:08 left
[K4.80 GB/5.54 GB | ============================      86.50% | 11.1 MB/s | 00:01:08 left
[K4.80 GB/5.54 GB | ============================      86.52% | 11.1 MB/s | 00:01:08 left
[K4.80 GB/5.54 GB | ============================      86.54% | 11.1 MB/s | 00:01:08 left
[K4.80 GB/5.54 GB | ============================      86.56% | 11.1 MB/s | 00:01:08 left
[K4.80 GB/5.54 GB | ============================      86.58% | 11.1 MB/s | 00:01:08 left
[K4.80 GB/5.54 GB | ============================      86.60% | 11.1 MB/s | 00:01:08 left
[K4.80 GB/5.54 GB | ============================      86.62% | 11.1 MB/s | 00:01:08 left
[K4.80 GB/5.54 GB | ============================      86.63% | 11.1 MB/s | 00:01:08 left
[K4.80 GB/5.54 GB | ============================      86.65% | 11.1 MB/s | 00:01:08 left
[K4.81 GB/5.54 GB | ============================      86.67% | 11.1 MB/s | 00:01:08 left
[K4.81 GB/5.54 GB | ============================      86.69% | 11.2 MB/s | 00:01:06 left
[K4.81 GB/5.54 GB | ============================      86.71% | 11.2 MB/s | 00:01:06 left
[K4.81 GB/5.54 GB | ============================      86.73% | 11.2 MB/s | 00:01:06 left
[K4.81 GB/5.54 GB | ============================      86.75% | 11.2 MB/s | 00:01:06 left
[K4.81 GB/5.54 GB | ============================      86.76% | 11.2 MB/s | 00:01:06 left
[K4.81 GB/5.54 GB | ============================      86.77% | 11.2 MB/s | 00:01:06 left
[K4.81 GB/5.54 GB | ============================      86.78% | 11.2 MB/s | 00:01:06 left
[K4.81 GB/5.54 GB | ============================      86.80% | 11.2 MB/s | 00:01:06 left
[K4.81 GB/5.54 GB | ============================      86.81% | 11.2 MB/s | 00:01:06 left
[K4.81 GB/5.54 GB | ============================      86.82% | 11.2 MB/s | 00:01:06 left
[K4.82 GB/5.54 GB | ============================      86.84% | 8.7 MB/s | 00:01:24 left
[K4.82 GB/5.54 GB | ============================      86.86% | 8.7 MB/s | 00:01:24 left
[K4.82 GB/5.54 GB | ============================      86.88% | 8.7 MB/s | 00:01:24 left
[K4.82 GB/5.54 GB | ============================      86.89% | 8.7 MB/s | 00:01:24 left
[K4.82 GB/5.54 GB | ============================      86.91% | 8.7 MB/s | 00:01:24 left
[K4.82 GB/5.54 GB | ============================      86.92% | 8.7 MB/s | 00:01:24 left
[K4.82 GB/5.54 GB | ============================      86.93% | 8.7 MB/s | 00:01:24 left
[K4.82 GB/5.54 GB | ============================      86.95% | 8.7 MB/s | 00:01:24 left
[K4.82 GB/5.54 GB | ============================      86.97% | 8.7 MB/s | 00:01:24 left
[K4.82 GB/5.54 GB | ============================      86.99% | 8.7 MB/s | 00:01:24 left
[K4.82 GB/5.54 GB | ============================      87.01% | 8.7 MB/s | 00:01:24 left
[K4.83 GB/5.54 GB | ============================      87.03% | 10.2 MB/s | 00:01:11 left
[K4.83 GB/5.54 GB | ============================      87.05% | 10.2 MB/s | 00:01:11 left
[K4.83 GB/5.54 GB | ============================      87.07% | 10.2 MB/s | 00:01:11 left
[K4.83 GB/5.54 GB | ============================      87.09% | 10.2 MB/s | 00:01:11 left
[K4.83 GB/5.54 GB | ============================      87.11% | 10.2 MB/s | 00:01:11 left
[K4.83 GB/5.54 GB | ============================      87.13% | 10.2 MB/s | 00:01:11 left
[K4.83 GB/5.54 GB | ============================      87.15% | 10.2 MB/s | 00:01:11 left
[K4.83 GB/5.54 GB | ============================      87.16% | 10.2 MB/s | 00:01:11 left
[K4.83 GB/5.54 GB | ============================      87.19% | 10.2 MB/s | 00:01:11 left
[K4.84 GB/5.54 GB | ============================      87.20% | 10.2 MB/s | 00:01:11 left
[K4.84 GB/5.54 GB | ============================      87.22% | 11.5 MB/s | 00:01:01 left
[K4.84 GB/5.54 GB | ============================      87.24% | 11.5 MB/s | 00:01:01 left
[K4.84 GB/5.54 GB | ============================      87.26% | 11.5 MB/s | 00:01:01 left
[K4.84 GB/5.54 GB | ============================      87.28% | 11.5 MB/s | 00:01:01 left
[K4.84 GB/5.54 GB | ============================      87.30% | 11.5 MB/s | 00:01:01 left
[K4.84 GB/5.54 GB | ============================      87.32% | 11.5 MB/s | 00:01:01 left
[K4.84 GB/5.54 GB | ============================      87.34% | 11.5 MB/s | 00:01:01 left
[K4.84 GB/5.54 GB | ============================      87.36% | 11.5 MB/s | 00:01:01 left
[K4.85 GB/5.54 GB | ============================      87.38% | 11.5 MB/s | 00:01:01 left
[K4.85 GB/5.54 GB | ============================      87.40% | 11.5 MB/s | 00:01:01 left
[K4.85 GB/5.54 GB | ============================      87.42% | 11.5 MB/s | 00:01:01 left
[K4.85 GB/5.54 GB | ============================      87.44% | 12.3 MB/s | 00:00:57 left
[K4.85 GB/5.54 GB | ============================      87.47% | 12.3 MB/s | 00:00:57 left
[K4.85 GB/5.54 GB | ============================      87.49% | 12.3 MB/s | 00:00:57 left
[K4.85 GB/5.54 GB | ============================      87.51% | 12.3 MB/s | 00:00:57 left
[K4.85 GB/5.54 GB | ============================      87.53% | 12.3 MB/s | 00:00:57 left
[K4.85 GB/5.54 GB | ============================      87.55% | 12.3 MB/s | 00:00:57 left
[K4.86 GB/5.54 GB | ============================      87.57% | 12.3 MB/s | 00:00:57 left
[K4.86 GB/5.54 GB | ============================      87.59% | 12.3 MB/s | 00:00:57 left
[K4.86 GB/5.54 GB | ============================      87.61% | 12.3 MB/s | 00:00:57 left
[K4.86 GB/5.54 GB | ============================      87.62% | 12.3 MB/s | 00:00:57 left
[K4.86 GB/5.54 GB | ============================      87.64% | 12.2 MB/s | 00:00:56 left
[K4.86 GB/5.54 GB | ============================      87.66% | 12.2 MB/s | 00:00:56 left
[K4.86 GB/5.54 GB | ============================      87.68% | 12.2 MB/s | 00:00:56 left
[K4.86 GB/5.54 GB | ============================      87.70% | 12.2 MB/s | 00:00:56 left
[K4.86 GB/5.54 GB | ============================      87.72% | 12.2 MB/s | 00:00:56 left
[K4.87 GB/5.54 GB | ============================      87.74% | 12.2 MB/s | 00:00:56 left
[K4.87 GB/5.54 GB | ============================      87.77% | 12.2 MB/s | 00:00:56 left
[K4.87 GB/5.54 GB | ============================      87.78% | 12.2 MB/s | 00:00:56 left
[K4.87 GB/5.54 GB | ============================      87.81% | 12.2 MB/s | 00:00:56 left
[K4.87 GB/5.54 GB | ============================      87.83% | 12.2 MB/s | 00:00:56 left
[K4.87 GB/5.54 GB | ============================      87.85% | 12.4 MB/s | 00:00:55 left
[K4.87 GB/5.54 GB | ============================      87.86% | 12.4 MB/s | 00:00:55 left
[K4.87 GB/5.54 GB | =============================     87.88% | 12.4 MB/s | 00:00:55 left
[K4.87 GB/5.54 GB | =============================     87.90% | 12.4 MB/s | 00:00:55 left
[K4.87 GB/5.54 GB | =============================     87.92% | 12.4 MB/s | 00:00:55 left
[K4.88 GB/5.54 GB | =============================     87.93% | 12.4 MB/s | 00:00:55 left
[K4.88 GB/5.54 GB | =============================     87.95% | 12.4 MB/s | 00:00:55 left
[K4.88 GB/5.54 GB | =============================     87.97% | 12.4 MB/s | 00:00:55 left
[K4.88 GB/5.54 GB | =============================     87.99% | 12.4 MB/s | 00:00:55 left
[K4.88 GB/5.54 GB | =============================     88.01% | 12.4 MB/s | 00:00:55 left
[K4.88 GB/5.54 GB | =============================     88.02% | 11.1 MB/s | 00:00:60 left
[K4.88 GB/5.54 GB | =============================     88.04% | 11.1 MB/s | 00:00:60 left
[K4.88 GB/5.54 GB | =============================     88.06% | 11.1 MB/s | 00:00:60 left
[K4.88 GB/5.54 GB | =============================     88.08% | 11.1 MB/s | 00:00:60 left
[K4.89 GB/5.54 GB | =============================     88.10% | 11.1 MB/s | 00:00:60 left
[K4.89 GB/5.54 GB | =============================     88.12% | 11.1 MB/s | 00:00:60 left
[K4.89 GB/5.54 GB | =============================     88.14% | 11.1 MB/s | 00:00:60 left
[K4.89 GB/5.54 GB | =============================     88.16% | 11.1 MB/s | 00:00:60 left
[K4.89 GB/5.54 GB | =============================     88.18% | 11.1 MB/s | 00:00:60 left
[K4.89 GB/5.54 GB | =============================     88.20% | 11.1 MB/s | 00:00:60 left
[K4.89 GB/5.54 GB | =============================     88.22% | 11.7 MB/s | 00:00:56 left
[K4.89 GB/5.54 GB | =============================     88.24% | 11.7 MB/s | 00:00:56 left
[K4.89 GB/5.54 GB | =============================     88.26% | 11.7 MB/s | 00:00:56 left
[K4.89 GB/5.54 GB | =============================     88.28% | 11.7 MB/s | 00:00:56 left
[K4.90 GB/5.54 GB | =============================     88.30% | 11.7 MB/s | 00:00:56 left
[K4.90 GB/5.54 GB | =============================     88.32% | 11.7 MB/s | 00:00:56 left
[K4.90 GB/5.54 GB | =============================     88.34% | 11.7 MB/s | 00:00:56 left
[K4.90 GB/5.54 GB | =============================     88.36% | 11.7 MB/s | 00:00:56 left
[K4.90 GB/5.54 GB | =============================     88.38% | 11.7 MB/s | 00:00:56 left
[K4.90 GB/5.54 GB | =============================     88.40% | 11.7 MB/s | 00:00:56 left
[K4.90 GB/5.54 GB | =============================     88.42% | 12.1 MB/s | 00:00:53 left
[K4.90 GB/5.54 GB | =============================     88.44% | 12.1 MB/s | 00:00:53 left
[K4.90 GB/5.54 GB | =============================     88.46% | 12.1 MB/s | 00:00:53 left
[K4.91 GB/5.54 GB | =============================     88.47% | 12.1 MB/s | 00:00:53 left
[K4.91 GB/5.54 GB | =============================     88.49% | 12.1 MB/s | 00:00:53 left
[K4.91 GB/5.54 GB | =============================     88.51% | 12.1 MB/s | 00:00:53 left
[K4.91 GB/5.54 GB | =============================     88.53% | 12.1 MB/s | 00:00:53 left
[K4.91 GB/5.54 GB | =============================     88.55% | 12.1 MB/s | 00:00:53 left
[K4.91 GB/5.54 GB | =============================     88.57% | 12.1 MB/s | 00:00:53 left
[K4.91 GB/5.54 GB | =============================     88.59% | 12.1 MB/s | 00:00:53 left
[K4.91 GB/5.54 GB | =============================     88.61% | 12.1 MB/s | 00:00:52 left
[K4.91 GB/5.54 GB | =============================     88.63% | 12.1 MB/s | 00:00:52 left
[K4.92 GB/5.54 GB | =============================     88.65% | 12.1 MB/s | 00:00:52 left
[K4.92 GB/5.54 GB | =============================     88.67% | 12.1 MB/s | 00:00:52 left
[K4.92 GB/5.54 GB | =============================     88.69% | 12.1 MB/s | 00:00:52 left
[K4.92 GB/5.54 GB | =============================     88.71% | 12.1 MB/s | 00:00:52 left
[K4.92 GB/5.54 GB | =============================     88.73% | 12.1 MB/s | 00:00:52 left
[K4.92 GB/5.54 GB | =============================     88.75% | 12.1 MB/s | 00:00:52 left
[K4.92 GB/5.54 GB | =============================     88.78% | 12.1 MB/s | 00:00:52 left
[K4.92 GB/5.54 GB | =============================     88.80% | 12.1 MB/s | 00:00:52 left
[K4.92 GB/5.54 GB | =============================     88.81% | 12.3 MB/s | 00:00:50 left
[K4.93 GB/5.54 GB | =============================     88.84% | 12.3 MB/s | 00:00:50 left
[K4.93 GB/5.54 GB | =============================     88.86% | 12.3 MB/s | 00:00:50 left
[K4.93 GB/5.54 GB | =============================     88.87% | 12.3 MB/s | 00:00:50 left
[K4.93 GB/5.54 GB | =============================     88.89% | 12.3 MB/s | 00:00:50 left
[K4.93 GB/5.54 GB | =============================     88.91% | 12.3 MB/s | 00:00:50 left
[K4.93 GB/5.54 GB | =============================     88.92% | 12.3 MB/s | 00:00:50 left
[K4.93 GB/5.54 GB | =============================     88.93% | 12.3 MB/s | 00:00:50 left
[K4.93 GB/5.54 GB | =============================     88.95% | 12.3 MB/s | 00:00:50 left
[K4.93 GB/5.54 GB | =============================     88.97% | 12.3 MB/s | 00:00:50 left
[K4.93 GB/5.54 GB | =============================     88.99% | 10.1 MB/s | 00:01:01 left
[K4.94 GB/5.54 GB | =============================     89.00% | 10.1 MB/s | 00:01:01 left
[K4.94 GB/5.54 GB | =============================     89.02% | 10.1 MB/s | 00:01:01 left
[K4.94 GB/5.54 GB | =============================     89.04% | 10.1 MB/s | 00:01:01 left
[K4.94 GB/5.54 GB | =============================     89.06% | 10.1 MB/s | 00:01:01 left
[K4.94 GB/5.54 GB | =============================     89.08% | 10.1 MB/s | 00:01:01 left
[K4.94 GB/5.54 GB | =============================     89.10% | 10.1 MB/s | 00:01:01 left
[K4.94 GB/5.54 GB | =============================     89.12% | 10.1 MB/s | 00:01:01 left
[K4.94 GB/5.54 GB | =============================     89.14% | 10.1 MB/s | 00:01:01 left
[K4.94 GB/5.54 GB | =============================     89.16% | 10.1 MB/s | 00:01:01 left
[K4.94 GB/5.54 GB | =============================     89.18% | 11.4 MB/s | 00:00:53 left
[K4.95 GB/5.54 GB | =============================     89.20% | 11.4 MB/s | 00:00:53 left
[K4.95 GB/5.54 GB | =============================     89.22% | 11.4 MB/s | 00:00:53 left
[K4.95 GB/5.54 GB | =============================     89.24% | 11.4 MB/s | 00:00:53 left
[K4.95 GB/5.54 GB | =============================     89.26% | 11.4 MB/s | 00:00:53 left
[K4.95 GB/5.54 GB | =============================     89.27% | 11.4 MB/s | 00:00:53 left
[K4.95 GB/5.54 GB | =============================     89.29% | 11.4 MB/s | 00:00:53 left
[K4.95 GB/5.54 GB | =============================     89.31% | 11.4 MB/s | 00:00:53 left
[K4.95 GB/5.54 GB | =============================     89.33% | 11.4 MB/s | 00:00:53 left
[K4.95 GB/5.54 GB | =============================     89.35% | 11.4 MB/s | 00:00:53 left
[K4.96 GB/5.54 GB | =============================     89.37% | 11.4 MB/s | 00:00:52 left
[K4.96 GB/5.54 GB | =============================     89.39% | 11.4 MB/s | 00:00:52 left
[K4.96 GB/5.54 GB | =============================     89.41% | 11.4 MB/s | 00:00:52 left
[K4.96 GB/5.54 GB | =============================     89.43% | 11.4 MB/s | 00:00:52 left
[K4.96 GB/5.54 GB | =============================     89.45% | 11.4 MB/s | 00:00:52 left
[K4.96 GB/5.54 GB | =============================     89.47% | 11.4 MB/s | 00:00:52 left
[K4.96 GB/5.54 GB | =============================     89.49% | 11.4 MB/s | 00:00:52 left
[K4.96 GB/5.54 GB | =============================     89.51% | 11.4 MB/s | 00:00:52 left
[K4.96 GB/5.54 GB | =============================     89.53% | 11.4 MB/s | 00:00:52 left
[K4.97 GB/5.54 GB | =============================     89.54% | 11.4 MB/s | 00:00:52 left
[K4.97 GB/5.54 GB | =============================     89.56% | 11.4 MB/s | 00:00:52 left
[K4.97 GB/5.54 GB | =============================     89.58% | 11.6 MB/s | 00:00:50 left
[K4.97 GB/5.54 GB | =============================     89.60% | 11.6 MB/s | 00:00:50 left
[K4.97 GB/5.54 GB | =============================     89.62% | 11.6 MB/s | 00:00:50 left
[K4.97 GB/5.54 GB | =============================     89.64% | 11.6 MB/s | 00:00:50 left
[K4.97 GB/5.54 GB | =============================     89.66% | 11.6 MB/s | 00:00:50 left
[K4.97 GB/5.54 GB | =============================     89.68% | 11.6 MB/s | 00:00:50 left
[K4.97 GB/5.54 GB | =============================     89.70% | 11.6 MB/s | 00:00:50 left
[K4.98 GB/5.54 GB | =============================     89.72% | 11.6 MB/s | 00:00:50 left
[K4.98 GB/5.54 GB | =============================     89.74% | 11.6 MB/s | 00:00:50 left
[K4.98 GB/5.54 GB | =============================     89.76% | 11.6 MB/s | 00:00:50 left
[K4.98 GB/5.54 GB | =============================     89.78% | 12.2 MB/s | 00:00:47 left
[K4.98 GB/5.54 GB | =============================     89.80% | 12.2 MB/s | 00:00:47 left
[K4.98 GB/5.54 GB | =============================     89.82% | 12.2 MB/s | 00:00:47 left
[K4.98 GB/5.54 GB | =============================     89.84% | 12.2 MB/s | 00:00:47 left
[K4.98 GB/5.54 GB | =============================     89.87% | 12.2 MB/s | 00:00:47 left
[K4.98 GB/5.54 GB | =============================     89.88% | 12.2 MB/s | 00:00:47 left
[K4.98 GB/5.54 GB | =============================     89.90% | 12.2 MB/s | 00:00:47 left
[K4.99 GB/5.54 GB | =============================     89.92% | 12.2 MB/s | 00:00:47 left
[K4.99 GB/5.54 GB | =============================     89.94% | 12.2 MB/s | 00:00:47 left
[K4.99 GB/5.54 GB | =============================     89.96% | 12.2 MB/s | 00:00:47 left
[K4.99 GB/5.54 GB | =============================     89.98% | 12.0 MB/s | 00:00:46 left
[K4.99 GB/5.54 GB | =============================     90.00% | 12.0 MB/s | 00:00:46 left
[K4.99 GB/5.54 GB | =============================     90.02% | 12.0 MB/s | 00:00:46 left
[K4.99 GB/5.54 GB | =============================     90.03% | 12.0 MB/s | 00:00:46 left
[K4.99 GB/5.54 GB | =============================     90.05% | 12.0 MB/s | 00:00:46 left
[K4.99 GB/5.54 GB | =============================     90.07% | 12.0 MB/s | 00:00:46 left
[K5.00 GB/5.54 GB | =============================     90.09% | 12.0 MB/s | 00:00:46 left
[K5.00 GB/5.54 GB | =============================     90.11% | 12.0 MB/s | 00:00:46 left
[K5.00 GB/5.54 GB | =============================     90.13% | 12.0 MB/s | 00:00:46 left
[K5.00 GB/5.54 GB | =============================     90.15% | 12.0 MB/s | 00:00:46 left
[K5.00 GB/5.54 GB | =============================     90.17% | 11.7 MB/s | 00:00:47 left
[K5.00 GB/5.54 GB | =============================     90.19% | 11.7 MB/s | 00:00:47 left
[K5.00 GB/5.54 GB | =============================     90.21% | 11.7 MB/s | 00:00:47 left
[K5.00 GB/5.54 GB | =============================     90.23% | 11.7 MB/s | 00:00:47 left
[K5.00 GB/5.54 GB | =============================     90.25% | 11.7 MB/s | 00:00:47 left
[K5.01 GB/5.54 GB | =============================     90.27% | 11.7 MB/s | 00:00:47 left
[K5.01 GB/5.54 GB | =============================     90.29% | 11.7 MB/s | 00:00:47 left
[K5.01 GB/5.54 GB | =============================     90.31% | 11.7 MB/s | 00:00:47 left
[K5.01 GB/5.54 GB | =============================     90.33% | 11.7 MB/s | 00:00:47 left
[K5.01 GB/5.54 GB | =============================     90.35% | 11.7 MB/s | 00:00:47 left
[K5.01 GB/5.54 GB | =============================     90.37% | 12.0 MB/s | 00:00:45 left
[K5.01 GB/5.54 GB | =============================     90.39% | 12.0 MB/s | 00:00:45 left
[K5.01 GB/5.54 GB | =============================     90.41% | 12.0 MB/s | 00:00:45 left
[K5.01 GB/5.54 GB | =============================     90.43% | 12.0 MB/s | 00:00:45 left
[K5.02 GB/5.54 GB | =============================     90.45% | 12.0 MB/s | 00:00:45 left
[K5.02 GB/5.54 GB | =============================     90.47% | 12.0 MB/s | 00:00:45 left
[K5.02 GB/5.54 GB | =============================     90.48% | 12.0 MB/s | 00:00:45 left
[K5.02 GB/5.54 GB | =============================     90.51% | 12.0 MB/s | 00:00:45 left
[K5.02 GB/5.54 GB | =============================     90.53% | 12.0 MB/s | 00:00:45 left
[K5.02 GB/5.54 GB | =============================     90.55% | 12.0 MB/s | 00:00:45 left
[K5.02 GB/5.54 GB | =============================     90.57% | 11.9 MB/s | 00:00:44 left
[K5.02 GB/5.54 GB | =============================     90.58% | 11.9 MB/s | 00:00:44 left
[K5.02 GB/5.54 GB | =============================     90.60% | 11.9 MB/s | 00:00:44 left
[K5.02 GB/5.54 GB | =============================     90.62% | 11.9 MB/s | 00:00:44 left
[K5.03 GB/5.54 GB | =============================     90.64% | 11.9 MB/s | 00:00:44 left
[K5.03 GB/5.54 GB | =============================     90.66% | 11.9 MB/s | 00:00:44 left
[K5.03 GB/5.54 GB | =============================     90.68% | 11.9 MB/s | 00:00:44 left
[K5.03 GB/5.54 GB | =============================     90.70% | 11.9 MB/s | 00:00:44 left
[K5.03 GB/5.54 GB | =============================     90.72% | 11.9 MB/s | 00:00:44 left
[K5.03 GB/5.54 GB | =============================     90.74% | 11.9 MB/s | 00:00:44 left
[K5.03 GB/5.54 GB | =============================     90.76% | 11.5 MB/s | 00:00:44 left
[K5.03 GB/5.54 GB | =============================     90.78% | 11.5 MB/s | 00:00:44 left
[K5.03 GB/5.54 GB | =============================     90.80% | 11.5 MB/s | 00:00:44 left
[K5.04 GB/5.54 GB | =============================     90.82% | 11.5 MB/s | 00:00:44 left
[K5.04 GB/5.54 GB | =============================     90.83% | 11.5 MB/s | 00:00:44 left
[K5.04 GB/5.54 GB | =============================     90.85% | 11.5 MB/s | 00:00:44 left
[K5.04 GB/5.54 GB | =============================     90.87% | 11.5 MB/s | 00:00:44 left
[K5.04 GB/5.54 GB | =============================     90.89% | 11.5 MB/s | 00:00:44 left
[K5.04 GB/5.54 GB | ==============================    90.91% | 11.5 MB/s | 00:00:44 left
[K5.04 GB/5.54 GB | ==============================    90.93% | 11.5 MB/s | 00:00:44 left
[K5.04 GB/5.54 GB | ==============================    90.95% | 11.5 MB/s | 00:00:44 left
[K5.04 GB/5.54 GB | ==============================    90.97% | 11.8 MB/s | 00:00:42 left
[K5.05 GB/5.54 GB | ==============================    90.99% | 11.8 MB/s | 00:00:42 left
[K5.05 GB/5.54 GB | ==============================    91.01% | 11.8 MB/s | 00:00:42 left
[K5.05 GB/5.54 GB | ==============================    91.03% | 11.8 MB/s | 00:00:42 left
[K5.05 GB/5.54 GB | ==============================    91.05% | 11.8 MB/s | 00:00:42 left
[K5.05 GB/5.54 GB | ==============================    91.07% | 11.8 MB/s | 00:00:42 left
[K5.05 GB/5.54 GB | ==============================    91.09% | 11.8 MB/s | 00:00:42 left
[K5.05 GB/5.54 GB | ==============================    91.11% | 11.8 MB/s | 00:00:42 left
[K5.05 GB/5.54 GB | ==============================    91.13% | 11.8 MB/s | 00:00:42 left
[K5.05 GB/5.54 GB | ==============================    91.15% | 11.8 MB/s | 00:00:42 left
[K5.06 GB/5.54 GB | ==============================    91.17% | 11.9 MB/s | 00:00:41 left
[K5.06 GB/5.54 GB | ==============================    91.19% | 11.9 MB/s | 00:00:41 left
[K5.06 GB/5.54 GB | ==============================    91.21% | 11.9 MB/s | 00:00:41 left
[K5.06 GB/5.54 GB | ==============================    91.23% | 11.9 MB/s | 00:00:41 left
[K5.06 GB/5.54 GB | ==============================    91.25% | 11.9 MB/s | 00:00:41 left
[K5.06 GB/5.54 GB | ==============================    91.27% | 11.9 MB/s | 00:00:41 left
[K5.06 GB/5.54 GB | ==============================    91.29% | 11.9 MB/s | 00:00:41 left
[K5.06 GB/5.54 GB | ==============================    91.31% | 11.9 MB/s | 00:00:41 left
[K5.06 GB/5.54 GB | ==============================    91.33% | 11.9 MB/s | 00:00:41 left
[K5.07 GB/5.54 GB | ==============================    91.35% | 11.9 MB/s | 00:00:41 left
[K5.07 GB/5.54 GB | ==============================    91.37% | 12.2 MB/s | 00:00:39 left
[K5.07 GB/5.54 GB | ==============================    91.39% | 12.2 MB/s | 00:00:39 left
[K5.07 GB/5.54 GB | ==============================    91.41% | 12.2 MB/s | 00:00:39 left
[K5.07 GB/5.54 GB | ==============================    91.43% | 12.2 MB/s | 00:00:39 left
[K5.07 GB/5.54 GB | ==============================    91.45% | 12.2 MB/s | 00:00:39 left
[K5.07 GB/5.54 GB | ==============================    91.47% | 12.2 MB/s | 00:00:39 left
[K5.07 GB/5.54 GB | ==============================    91.49% | 12.2 MB/s | 00:00:39 left
[K5.07 GB/5.54 GB | ==============================    91.51% | 12.2 MB/s | 00:00:39 left
[K5.08 GB/5.54 GB | ==============================    91.53% | 12.2 MB/s | 00:00:39 left
[K5.08 GB/5.54 GB | ==============================    91.55% | 12.2 MB/s | 00:00:39 left
[K5.08 GB/5.54 GB | ==============================    91.57% | 12.2 MB/s | 00:00:38 left
[K5.08 GB/5.54 GB | ==============================    91.59% | 12.2 MB/s | 00:00:38 left
[K5.08 GB/5.54 GB | ==============================    91.61% | 12.2 MB/s | 00:00:38 left
[K5.08 GB/5.54 GB | ==============================    91.63% | 12.2 MB/s | 00:00:38 left
[K5.08 GB/5.54 GB | ==============================    91.65% | 12.2 MB/s | 00:00:38 left
[K5.08 GB/5.54 GB | ==============================    91.67% | 12.2 MB/s | 00:00:38 left
[K5.08 GB/5.54 GB | ==============================    91.69% | 12.2 MB/s | 00:00:38 left
[K5.09 GB/5.54 GB | ==============================    91.71% | 12.2 MB/s | 00:00:38 left
[K5.09 GB/5.54 GB | ==============================    91.73% | 12.2 MB/s | 00:00:38 left
[K5.09 GB/5.54 GB | ==============================    91.75% | 12.2 MB/s | 00:00:38 left
[K5.09 GB/5.54 GB | ==============================    91.77% | 12.2 MB/s | 00:00:37 left
[K5.09 GB/5.54 GB | ==============================    91.79% | 12.2 MB/s | 00:00:37 left
[K5.09 GB/5.54 GB | ==============================    91.81% | 12.2 MB/s | 00:00:37 left
[K5.09 GB/5.54 GB | ==============================    91.83% | 12.2 MB/s | 00:00:37 left
[K5.09 GB/5.54 GB | ==============================    91.85% | 12.2 MB/s | 00:00:37 left
[K5.09 GB/5.54 GB | ==============================    91.87% | 12.2 MB/s | 00:00:37 left
[K5.10 GB/5.54 GB | ==============================    91.89% | 12.2 MB/s | 00:00:37 left
[K5.10 GB/5.54 GB | ==============================    91.91% | 12.2 MB/s | 00:00:37 left
[K5.10 GB/5.54 GB | ==============================    91.93% | 12.2 MB/s | 00:00:37 left
[K5.10 GB/5.54 GB | ==============================    91.95% | 12.2 MB/s | 00:00:37 left
[K5.10 GB/5.54 GB | ==============================    91.97% | 12.0 MB/s | 00:00:37 left
[K5.10 GB/5.54 GB | ==============================    91.99% | 12.0 MB/s | 00:00:37 left
[K5.10 GB/5.54 GB | ==============================    92.01% | 12.0 MB/s | 00:00:37 left
[K5.10 GB/5.54 GB | ==============================    92.03% | 12.0 MB/s | 00:00:37 left
[K5.10 GB/5.54 GB | ==============================    92.04% | 12.0 MB/s | 00:00:37 left
[K5.10 GB/5.54 GB | ==============================    92.06% | 12.0 MB/s | 00:00:37 left
[K5.11 GB/5.54 GB | ==============================    92.08% | 12.0 MB/s | 00:00:37 left
[K5.11 GB/5.54 GB | ==============================    92.10% | 12.0 MB/s | 00:00:37 left
[K5.11 GB/5.54 GB | ==============================    92.12% | 12.0 MB/s | 00:00:37 left
[K5.11 GB/5.54 GB | ==============================    92.14% | 12.0 MB/s | 00:00:37 left
[K5.11 GB/5.54 GB | ==============================    92.16% | 11.8 MB/s | 00:00:37 left
[K5.11 GB/5.54 GB | ==============================    92.18% | 11.8 MB/s | 00:00:37 left
[K5.11 GB/5.54 GB | ==============================    92.20% | 11.8 MB/s | 00:00:37 left
[K5.11 GB/5.54 GB | ==============================    92.22% | 11.8 MB/s | 00:00:37 left
[K5.11 GB/5.54 GB | ==============================    92.24% | 11.8 MB/s | 00:00:37 left
[K5.12 GB/5.54 GB | ==============================    92.26% | 11.8 MB/s | 00:00:37 left
[K5.12 GB/5.54 GB | ==============================    92.28% | 11.8 MB/s | 00:00:37 left
[K5.12 GB/5.54 GB | ==============================    92.30% | 11.8 MB/s | 00:00:37 left
[K5.12 GB/5.54 GB | ==============================    92.32% | 11.8 MB/s | 00:00:37 left
[K5.12 GB/5.54 GB | ==============================    92.34% | 11.8 MB/s | 00:00:37 left
[K5.12 GB/5.54 GB | ==============================    92.36% | 12.3 MB/s | 00:00:34 left
[K5.12 GB/5.54 GB | ==============================    92.38% | 12.3 MB/s | 00:00:34 left
[K5.12 GB/5.54 GB | ==============================    92.40% | 12.3 MB/s | 00:00:34 left
[K5.12 GB/5.54 GB | ==============================    92.43% | 12.3 MB/s | 00:00:34 left
[K5.13 GB/5.54 GB | ==============================    92.45% | 12.3 MB/s | 00:00:34 left
[K5.13 GB/5.54 GB | ==============================    92.47% | 12.3 MB/s | 00:00:34 left
[K5.13 GB/5.54 GB | ==============================    92.49% | 12.3 MB/s | 00:00:34 left
[K5.13 GB/5.54 GB | ==============================    92.51% | 12.3 MB/s | 00:00:34 left
[K5.13 GB/5.54 GB | ==============================    92.53% | 12.3 MB/s | 00:00:34 left
[K5.13 GB/5.54 GB | ==============================    92.55% | 12.3 MB/s | 00:00:34 left
[K5.13 GB/5.54 GB | ==============================    92.57% | 12.2 MB/s | 00:00:34 left
[K5.13 GB/5.54 GB | ==============================    92.58% | 12.2 MB/s | 00:00:34 left
[K5.13 GB/5.54 GB | ==============================    92.61% | 12.2 MB/s | 00:00:34 left
[K5.14 GB/5.54 GB | ==============================    92.63% | 12.2 MB/s | 00:00:34 left
[K5.14 GB/5.54 GB | ==============================    92.65% | 12.2 MB/s | 00:00:34 left
[K5.14 GB/5.54 GB | ==============================    92.67% | 12.2 MB/s | 00:00:34 left
[K5.14 GB/5.54 GB | ==============================    92.69% | 12.2 MB/s | 00:00:34 left
[K5.14 GB/5.54 GB | ==============================    92.71% | 12.2 MB/s | 00:00:34 left
[K5.14 GB/5.54 GB | ==============================    92.72% | 12.2 MB/s | 00:00:34 left
[K5.14 GB/5.54 GB | ==============================    92.74% | 12.2 MB/s | 00:00:34 left
[K5.14 GB/5.54 GB | ==============================    92.76% | 12.2 MB/s | 00:00:34 left
[K5.14 GB/5.54 GB | ==============================    92.78% | 11.8 MB/s | 00:00:34 left
[K5.15 GB/5.54 GB | ==============================    92.80% | 11.8 MB/s | 00:00:34 left
[K5.15 GB/5.54 GB | ==============================    92.82% | 11.8 MB/s | 00:00:34 left
[K5.15 GB/5.54 GB | ==============================    92.84% | 11.8 MB/s | 00:00:34 left
[K5.15 GB/5.54 GB | ==============================    92.86% | 11.8 MB/s | 00:00:34 left
[K5.15 GB/5.54 GB | ==============================    92.88% | 11.8 MB/s | 00:00:34 left
[K5.15 GB/5.54 GB | ==============================    92.90% | 11.8 MB/s | 00:00:34 left
[K5.15 GB/5.54 GB | ==============================    92.92% | 11.8 MB/s | 00:00:34 left
[K5.15 GB/5.54 GB | ==============================    92.94% | 11.8 MB/s | 00:00:34 left
[K5.15 GB/5.54 GB | ==============================    92.96% | 11.8 MB/s | 00:00:34 left
[K5.16 GB/5.54 GB | ==============================    92.98% | 12.1 MB/s | 00:00:32 left
[K5.16 GB/5.54 GB | ==============================    93.00% | 12.1 MB/s | 00:00:32 left
[K5.16 GB/5.54 GB | ==============================    93.02% | 12.1 MB/s | 00:00:32 left
[K5.16 GB/5.54 GB | ==============================    93.04% | 12.1 MB/s | 00:00:32 left
[K5.16 GB/5.54 GB | ==============================    93.06% | 12.1 MB/s | 00:00:32 left
[K5.16 GB/5.54 GB | ==============================    93.08% | 12.1 MB/s | 00:00:32 left
[K5.16 GB/5.54 GB | ==============================    93.10% | 12.1 MB/s | 00:00:32 left
[K5.16 GB/5.54 GB | ==============================    93.12% | 12.1 MB/s | 00:00:32 left
[K5.16 GB/5.54 GB | ==============================    93.14% | 12.1 MB/s | 00:00:32 left
[K5.17 GB/5.54 GB | ==============================    93.16% | 12.1 MB/s | 00:00:32 left
[K5.17 GB/5.54 GB | ==============================    93.18% | 12.4 MB/s | 00:00:31 left
[K5.17 GB/5.54 GB | ==============================    93.20% | 12.4 MB/s | 00:00:31 left
[K5.17 GB/5.54 GB | ==============================    93.22% | 12.4 MB/s | 00:00:31 left
[K5.17 GB/5.54 GB | ==============================    93.24% | 12.4 MB/s | 00:00:31 left
[K5.17 GB/5.54 GB | ==============================    93.27% | 12.4 MB/s | 00:00:31 left
[K5.17 GB/5.54 GB | ==============================    93.29% | 12.4 MB/s | 00:00:31 left
[K5.17 GB/5.54 GB | ==============================    93.31% | 12.4 MB/s | 00:00:31 left
[K5.17 GB/5.54 GB | ==============================    93.33% | 12.4 MB/s | 00:00:31 left
[K5.18 GB/5.54 GB | ==============================    93.35% | 12.4 MB/s | 00:00:31 left
[K5.18 GB/5.54 GB | ==============================    93.36% | 12.4 MB/s | 00:00:31 left
[K5.18 GB/5.54 GB | ==============================    93.38% | 12.4 MB/s | 00:00:31 left
[K5.18 GB/5.54 GB | ==============================    93.41% | 12.1 MB/s | 00:00:30 left
[K5.18 GB/5.54 GB | ==============================    93.42% | 12.1 MB/s | 00:00:30 left
[K5.18 GB/5.54 GB | ==============================    93.45% | 12.1 MB/s | 00:00:30 left
[K5.18 GB/5.54 GB | ==============================    93.46% | 12.1 MB/s | 00:00:30 left
[K5.18 GB/5.54 GB | ==============================    93.49% | 12.1 MB/s | 00:00:30 left
[K5.18 GB/5.54 GB | ==============================    93.50% | 12.1 MB/s | 00:00:30 left
[K5.19 GB/5.54 GB | ==============================    93.52% | 12.1 MB/s | 00:00:30 left
[K5.19 GB/5.54 GB | ==============================    93.54% | 12.1 MB/s | 00:00:30 left
[K5.19 GB/5.54 GB | ==============================    93.56% | 12.1 MB/s | 00:00:30 left
[K5.19 GB/5.54 GB | ==============================    93.58% | 12.1 MB/s | 00:00:30 left
[K5.19 GB/5.54 GB | ==============================    93.61% | 12.2 MB/s | 00:00:29 left
[K5.19 GB/5.54 GB | ==============================    93.63% | 12.2 MB/s | 00:00:29 left
[K5.19 GB/5.54 GB | ==============================    93.64% | 12.2 MB/s | 00:00:29 left
[K5.19 GB/5.54 GB | ==============================    93.66% | 12.2 MB/s | 00:00:29 left
[K5.19 GB/5.54 GB | ==============================    93.68% | 12.2 MB/s | 00:00:29 left
[K5.20 GB/5.54 GB | ==============================    93.70% | 12.2 MB/s | 00:00:29 left
[K5.20 GB/5.54 GB | ==============================    93.72% | 12.2 MB/s | 00:00:29 left
[K5.20 GB/5.54 GB | ==============================    93.74% | 12.2 MB/s | 00:00:29 left
[K5.20 GB/5.54 GB | ==============================    93.76% | 12.2 MB/s | 00:00:29 left
[K5.20 GB/5.54 GB | ==============================    93.78% | 12.2 MB/s | 00:00:29 left
[K5.20 GB/5.54 GB | ==============================    93.80% | 11.8 MB/s | 00:00:29 left
[K5.20 GB/5.54 GB | ==============================    93.82% | 11.8 MB/s | 00:00:29 left
[K5.20 GB/5.54 GB | ==============================    93.84% | 11.8 MB/s | 00:00:29 left
[K5.20 GB/5.54 GB | ==============================    93.86% | 11.8 MB/s | 00:00:29 left
[K5.21 GB/5.54 GB | ==============================    93.88% | 11.8 MB/s | 00:00:29 left
[K5.21 GB/5.54 GB | ==============================    93.90% | 11.8 MB/s | 00:00:29 left
[K5.21 GB/5.54 GB | ==============================    93.92% | 11.8 MB/s | 00:00:29 left
[K5.21 GB/5.54 GB | ===============================   93.94% | 11.8 MB/s | 00:00:29 left
[K5.21 GB/5.54 GB | ===============================   93.96% | 11.8 MB/s | 00:00:29 left
[K5.21 GB/5.54 GB | ===============================   93.97% | 11.8 MB/s | 00:00:29 left
[K5.21 GB/5.54 GB | ===============================   93.99% | 11.2 MB/s | 00:00:30 left
[K5.21 GB/5.54 GB | ===============================   94.01% | 11.2 MB/s | 00:00:30 left
[K5.21 GB/5.54 GB | ===============================   94.02% | 11.2 MB/s | 00:00:30 left
[K5.21 GB/5.54 GB | ===============================   94.03% | 11.2 MB/s | 00:00:30 left
[K5.21 GB/5.54 GB | ===============================   94.05% | 11.2 MB/s | 00:00:30 left
[K5.22 GB/5.54 GB | ===============================   94.06% | 11.2 MB/s | 00:00:30 left
[K5.22 GB/5.54 GB | ===============================   94.08% | 11.2 MB/s | 00:00:30 left
[K5.22 GB/5.54 GB | ===============================   94.10% | 11.2 MB/s | 00:00:30 left
[K5.22 GB/5.54 GB | ===============================   94.12% | 11.2 MB/s | 00:00:30 left
[K5.22 GB/5.54 GB | ===============================   94.14% | 11.2 MB/s | 00:00:30 left
[K5.22 GB/5.54 GB | ===============================   94.16% | 10.3 MB/s | 00:00:31 left
[K5.22 GB/5.54 GB | ===============================   94.18% | 10.3 MB/s | 00:00:31 left
[K5.22 GB/5.54 GB | ===============================   94.20% | 10.3 MB/s | 00:00:31 left
[K5.22 GB/5.54 GB | ===============================   94.21% | 10.3 MB/s | 00:00:31 left
[K5.22 GB/5.54 GB | ===============================   94.23% | 10.3 MB/s | 00:00:31 left
[K5.23 GB/5.54 GB | ===============================   94.25% | 10.3 MB/s | 00:00:31 left
[K5.23 GB/5.54 GB | ===============================   94.27% | 10.3 MB/s | 00:00:31 left
[K5.23 GB/5.54 GB | ===============================   94.28% | 10.3 MB/s | 00:00:31 left
[K5.23 GB/5.54 GB | ===============================   94.30% | 10.3 MB/s | 00:00:31 left
[K5.23 GB/5.54 GB | ===============================   94.32% | 10.3 MB/s | 00:00:31 left
[K5.23 GB/5.54 GB | ===============================   94.34% | 11.0 MB/s | 00:00:28 left
[K5.23 GB/5.54 GB | ===============================   94.36% | 11.0 MB/s | 00:00:28 left
[K5.23 GB/5.54 GB | ===============================   94.38% | 11.0 MB/s | 00:00:28 left
[K5.23 GB/5.54 GB | ===============================   94.40% | 11.0 MB/s | 00:00:28 left
[K5.24 GB/5.54 GB | ===============================   94.42% | 11.0 MB/s | 00:00:28 left
[K5.24 GB/5.54 GB | ===============================   94.44% | 11.0 MB/s | 00:00:28 left
[K5.24 GB/5.54 GB | ===============================   94.45% | 11.0 MB/s | 00:00:28 left
[K5.24 GB/5.54 GB | ===============================   94.47% | 11.0 MB/s | 00:00:28 left
[K5.24 GB/5.54 GB | ===============================   94.49% | 11.0 MB/s | 00:00:28 left
[K5.24 GB/5.54 GB | ===============================   94.51% | 11.0 MB/s | 00:00:28 left
[K5.24 GB/5.54 GB | ===============================   94.53% | 11.7 MB/s | 00:00:26 left
[K5.24 GB/5.54 GB | ===============================   94.55% | 11.7 MB/s | 00:00:26 left
[K5.24 GB/5.54 GB | ===============================   94.57% | 11.7 MB/s | 00:00:26 left
[K5.24 GB/5.54 GB | ===============================   94.59% | 11.7 MB/s | 00:00:26 left
[K5.25 GB/5.54 GB | ===============================   94.61% | 11.7 MB/s | 00:00:26 left
[K5.25 GB/5.54 GB | ===============================   94.63% | 11.7 MB/s | 00:00:26 left
[K5.25 GB/5.54 GB | ===============================   94.64% | 11.7 MB/s | 00:00:26 left
[K5.25 GB/5.54 GB | ===============================   94.66% | 11.7 MB/s | 00:00:26 left
[K5.25 GB/5.54 GB | ===============================   94.68% | 11.7 MB/s | 00:00:26 left
[K5.25 GB/5.54 GB | ===============================   94.70% | 11.7 MB/s | 00:00:26 left
[K5.25 GB/5.54 GB | ===============================   94.71% | 10.5 MB/s | 00:00:28 left
[K5.25 GB/5.54 GB | ===============================   94.73% | 10.5 MB/s | 00:00:28 left
[K5.25 GB/5.54 GB | ===============================   94.74% | 10.5 MB/s | 00:00:28 left
[K5.25 GB/5.54 GB | ===============================   94.76% | 10.5 MB/s | 00:00:28 left
[K5.26 GB/5.54 GB | ===============================   94.78% | 10.5 MB/s | 00:00:28 left
[K5.26 GB/5.54 GB | ===============================   94.79% | 10.5 MB/s | 00:00:28 left
[K5.26 GB/5.54 GB | ===============================   94.81% | 10.5 MB/s | 00:00:28 left
[K5.26 GB/5.54 GB | ===============================   94.82% | 10.5 MB/s | 00:00:28 left
[K5.26 GB/5.54 GB | ===============================   94.84% | 10.5 MB/s | 00:00:28 left
[K5.26 GB/5.54 GB | ===============================   94.86% | 10.5 MB/s | 00:00:28 left
[K5.26 GB/5.54 GB | ===============================   94.88% | 10.5 MB/s | 00:00:28 left
[K5.26 GB/5.54 GB | ===============================   94.89% | 10.5 MB/s | 00:00:27 left
[K5.26 GB/5.54 GB | ===============================   94.91% | 10.5 MB/s | 00:00:27 left
[K5.26 GB/5.54 GB | ===============================   94.93% | 10.5 MB/s | 00:00:27 left
[K5.27 GB/5.54 GB | ===============================   94.95% | 10.5 MB/s | 00:00:27 left
[K5.27 GB/5.54 GB | ===============================   94.98% | 10.5 MB/s | 00:00:27 left
[K5.27 GB/5.54 GB | ===============================   94.99% | 10.5 MB/s | 00:00:27 left
[K5.27 GB/5.54 GB | ===============================   95.02% | 10.5 MB/s | 00:00:27 left
[K5.27 GB/5.54 GB | ===============================   95.04% | 10.5 MB/s | 00:00:27 left
[K5.27 GB/5.54 GB | ===============================   95.06% | 10.5 MB/s | 00:00:27 left
[K5.27 GB/5.54 GB | ===============================   95.08% | 10.5 MB/s | 00:00:27 left
[K5.27 GB/5.54 GB | ===============================   95.10% | 12.4 MB/s | 00:00:22 left
[K5.27 GB/5.54 GB | ===============================   95.12% | 12.4 MB/s | 00:00:22 left
[K5.28 GB/5.54 GB | ===============================   95.14% | 12.4 MB/s | 00:00:22 left
[K5.28 GB/5.54 GB | ===============================   95.16% | 12.4 MB/s | 00:00:22 left
[K5.28 GB/5.54 GB | ===============================   95.18% | 12.4 MB/s | 00:00:22 left
[K5.28 GB/5.54 GB | ===============================   95.20% | 12.4 MB/s | 00:00:22 left
[K5.28 GB/5.54 GB | ===============================   95.21% | 12.4 MB/s | 00:00:22 left
[K5.28 GB/5.54 GB | ===============================   95.23% | 12.4 MB/s | 00:00:22 left
[K5.28 GB/5.54 GB | ===============================   95.25% | 12.4 MB/s | 00:00:22 left
[K5.28 GB/5.54 GB | ===============================   95.27% | 12.4 MB/s | 00:00:22 left
[K5.28 GB/5.54 GB | ===============================   95.29% | 11.9 MB/s | 00:00:22 left
[K5.28 GB/5.54 GB | ===============================   95.31% | 11.9 MB/s | 00:00:22 left
[K5.29 GB/5.54 GB | ===============================   95.33% | 11.9 MB/s | 00:00:22 left
[K5.29 GB/5.54 GB | ===============================   95.35% | 11.9 MB/s | 00:00:22 left
[K5.29 GB/5.54 GB | ===============================   95.37% | 11.9 MB/s | 00:00:22 left
[K5.29 GB/5.54 GB | ===============================   95.39% | 11.9 MB/s | 00:00:22 left
[K5.29 GB/5.54 GB | ===============================   95.41% | 11.9 MB/s | 00:00:22 left
[K5.29 GB/5.54 GB | ===============================   95.42% | 11.9 MB/s | 00:00:22 left
[K5.29 GB/5.54 GB | ===============================   95.44% | 11.9 MB/s | 00:00:22 left
[K5.29 GB/5.54 GB | ===============================   95.46% | 11.9 MB/s | 00:00:22 left
[K5.29 GB/5.54 GB | ===============================   95.48% | 11.1 MB/s | 00:00:23 left
[K5.30 GB/5.54 GB | ===============================   95.50% | 11.1 MB/s | 00:00:23 left
[K5.30 GB/5.54 GB | ===============================   95.51% | 11.1 MB/s | 00:00:23 left
[K5.30 GB/5.54 GB | ===============================   95.53% | 11.1 MB/s | 00:00:23 left
[K5.30 GB/5.54 GB | ===============================   95.54% | 11.1 MB/s | 00:00:23 left
[K5.30 GB/5.54 GB | ===============================   95.55% | 11.1 MB/s | 00:00:23 left
[K5.30 GB/5.54 GB | ===============================   95.57% | 11.1 MB/s | 00:00:23 left
[K5.30 GB/5.54 GB | ===============================   95.59% | 11.1 MB/s | 00:00:23 left
[K5.30 GB/5.54 GB | ===============================   95.60% | 11.1 MB/s | 00:00:23 left
[K5.30 GB/5.54 GB | ===============================   95.62% | 11.1 MB/s | 00:00:23 left
[K5.30 GB/5.54 GB | ===============================   95.64% | 10.3 MB/s | 00:00:24 left
[K5.30 GB/5.54 GB | ===============================   95.66% | 10.3 MB/s | 00:00:24 left
[K5.31 GB/5.54 GB | ===============================   95.68% | 10.3 MB/s | 00:00:24 left
[K5.31 GB/5.54 GB | ===============================   95.70% | 10.3 MB/s | 00:00:24 left
[K5.31 GB/5.54 GB | ===============================   95.72% | 10.3 MB/s | 00:00:24 left
[K5.31 GB/5.54 GB | ===============================   95.74% | 10.3 MB/s | 00:00:24 left
[K5.31 GB/5.54 GB | ===============================   95.76% | 10.3 MB/s | 00:00:24 left
[K5.31 GB/5.54 GB | ===============================   95.78% | 10.3 MB/s | 00:00:24 left
[K5.31 GB/5.54 GB | ===============================   95.80% | 10.3 MB/s | 00:00:24 left
[K5.31 GB/5.54 GB | ===============================   95.81% | 10.3 MB/s | 00:00:24 left
[K5.31 GB/5.54 GB | ===============================   95.83% | 11.4 MB/s | 00:00:20 left
[K5.31 GB/5.54 GB | ===============================   95.85% | 11.4 MB/s | 00:00:20 left
[K5.32 GB/5.54 GB | ===============================   95.87% | 11.4 MB/s | 00:00:20 left
[K5.32 GB/5.54 GB | ===============================   95.89% | 11.4 MB/s | 00:00:20 left
[K5.32 GB/5.54 GB | ===============================   95.91% | 11.4 MB/s | 00:00:20 left
[K5.32 GB/5.54 GB | ===============================   95.93% | 11.4 MB/s | 00:00:20 left
[K5.32 GB/5.54 GB | ===============================   95.95% | 11.4 MB/s | 00:00:20 left
[K5.32 GB/5.54 GB | ===============================   95.97% | 11.4 MB/s | 00:00:20 left
[K5.32 GB/5.54 GB | ===============================   95.98% | 11.4 MB/s | 00:00:20 left
[K5.32 GB/5.54 GB | ===============================   96.00% | 11.4 MB/s | 00:00:20 left
[K5.32 GB/5.54 GB | ===============================   96.02% | 11.6 MB/s | 00:00:19 left
[K5.33 GB/5.54 GB | ===============================   96.04% | 11.6 MB/s | 00:00:19 left
[K5.33 GB/5.54 GB | ===============================   96.06% | 11.6 MB/s | 00:00:19 left
[K5.33 GB/5.54 GB | ===============================   96.08% | 11.6 MB/s | 00:00:19 left
[K5.33 GB/5.54 GB | ===============================   96.10% | 11.6 MB/s | 00:00:19 left
[K5.33 GB/5.54 GB | ===============================   96.12% | 11.6 MB/s | 00:00:19 left
[K5.33 GB/5.54 GB | ===============================   96.14% | 11.6 MB/s | 00:00:19 left
[K5.33 GB/5.54 GB | ===============================   96.16% | 11.6 MB/s | 00:00:19 left
[K5.33 GB/5.54 GB | ===============================   96.18% | 11.6 MB/s | 00:00:19 left
[K5.33 GB/5.54 GB | ===============================   96.20% | 11.6 MB/s | 00:00:19 left
[K5.33 GB/5.54 GB | ===============================   96.22% | 11.7 MB/s | 00:00:18 left
[K5.34 GB/5.54 GB | ===============================   96.23% | 11.7 MB/s | 00:00:18 left
[K5.34 GB/5.54 GB | ===============================   96.25% | 11.7 MB/s | 00:00:18 left
[K5.34 GB/5.54 GB | ===============================   96.27% | 11.7 MB/s | 00:00:18 left
[K5.34 GB/5.54 GB | ===============================   96.28% | 11.7 MB/s | 00:00:18 left
[K5.34 GB/5.54 GB | ===============================   96.30% | 11.7 MB/s | 00:00:18 left
[K5.34 GB/5.54 GB | ===============================   96.32% | 11.7 MB/s | 00:00:18 left
[K5.34 GB/5.54 GB | ===============================   96.34% | 11.7 MB/s | 00:00:18 left
[K5.34 GB/5.54 GB | ===============================   96.36% | 11.7 MB/s | 00:00:18 left
[K5.34 GB/5.54 GB | ===============================   96.38% | 11.7 MB/s | 00:00:18 left
[K5.34 GB/5.54 GB | ===============================   96.39% | 11.3 MB/s | 00:00:18 left
[K5.35 GB/5.54 GB | ===============================   96.41% | 11.3 MB/s | 00:00:18 left
[K5.35 GB/5.54 GB | ===============================   96.43% | 11.3 MB/s | 00:00:18 left
[K5.35 GB/5.54 GB | ===============================   96.45% | 11.3 MB/s | 00:00:18 left
[K5.35 GB/5.54 GB | ===============================   96.47% | 11.3 MB/s | 00:00:18 left
[K5.35 GB/5.54 GB | ===============================   96.49% | 11.3 MB/s | 00:00:18 left
[K5.35 GB/5.54 GB | ===============================   96.51% | 11.3 MB/s | 00:00:18 left
[K5.35 GB/5.54 GB | ===============================   96.52% | 11.3 MB/s | 00:00:18 left
[K5.35 GB/5.54 GB | ===============================   96.54% | 11.3 MB/s | 00:00:18 left
[K5.35 GB/5.54 GB | ===============================   96.56% | 11.3 MB/s | 00:00:18 left
[K5.36 GB/5.54 GB | ===============================   96.58% | 11.3 MB/s | 00:00:17 left
[K5.36 GB/5.54 GB | ===============================   96.60% | 11.3 MB/s | 00:00:17 left
[K5.36 GB/5.54 GB | ===============================   96.62% | 11.3 MB/s | 00:00:17 left
[K5.36 GB/5.54 GB | ===============================   96.64% | 11.3 MB/s | 00:00:17 left
[K5.36 GB/5.54 GB | ===============================   96.66% | 11.3 MB/s | 00:00:17 left
[K5.36 GB/5.54 GB | ===============================   96.68% | 11.3 MB/s | 00:00:17 left
[K5.36 GB/5.54 GB | ===============================   96.70% | 11.3 MB/s | 00:00:17 left
[K5.36 GB/5.54 GB | ===============================   96.72% | 11.3 MB/s | 00:00:17 left
[K5.36 GB/5.54 GB | ===============================   96.74% | 11.3 MB/s | 00:00:17 left
[K5.36 GB/5.54 GB | ===============================   96.75% | 11.3 MB/s | 00:00:17 left
[K5.37 GB/5.54 GB | ===============================   96.77% | 11.6 MB/s | 00:00:15 left
[K5.37 GB/5.54 GB | ===============================   96.79% | 11.6 MB/s | 00:00:15 left
[K5.37 GB/5.54 GB | ===============================   96.81% | 11.6 MB/s | 00:00:15 left
[K5.37 GB/5.54 GB | ===============================   96.83% | 11.6 MB/s | 00:00:15 left
[K5.37 GB/5.54 GB | ===============================   96.85% | 11.6 MB/s | 00:00:15 left
[K5.37 GB/5.54 GB | ===============================   96.87% | 11.6 MB/s | 00:00:15 left
[K5.37 GB/5.54 GB | ===============================   96.89% | 11.6 MB/s | 00:00:15 left
[K5.37 GB/5.54 GB | ===============================   96.91% | 11.6 MB/s | 00:00:15 left
[K5.37 GB/5.54 GB | ===============================   96.93% | 11.6 MB/s | 00:00:15 left
[K5.38 GB/5.54 GB | ===============================   96.95% | 11.6 MB/s | 00:00:15 left
[K5.38 GB/5.54 GB | ================================  96.97% | 12.1 MB/s | 00:00:14 left
[K5.38 GB/5.54 GB | ================================  96.99% | 12.1 MB/s | 00:00:14 left
[K5.38 GB/5.54 GB | ================================  97.01% | 12.1 MB/s | 00:00:14 left
[K5.38 GB/5.54 GB | ================================  97.03% | 12.1 MB/s | 00:00:14 left
[K5.38 GB/5.54 GB | ================================  97.05% | 12.1 MB/s | 00:00:14 left
[K5.38 GB/5.54 GB | ================================  97.07% | 12.1 MB/s | 00:00:14 left
[K5.38 GB/5.54 GB | ================================  97.09% | 12.1 MB/s | 00:00:14 left
[K5.38 GB/5.54 GB | ================================  97.11% | 12.1 MB/s | 00:00:14 left
[K5.39 GB/5.54 GB | ================================  97.13% | 12.1 MB/s | 00:00:14 left
[K5.39 GB/5.54 GB | ================================  97.14% | 12.1 MB/s | 00:00:14 left
[K5.39 GB/5.54 GB | ================================  97.16% | 11.7 MB/s | 00:00:13 left
[K5.39 GB/5.54 GB | ================================  97.18% | 11.7 MB/s | 00:00:13 left
[K5.39 GB/5.54 GB | ================================  97.20% | 11.7 MB/s | 00:00:13 left
[K5.39 GB/5.54 GB | ================================  97.22% | 11.7 MB/s | 00:00:13 left
[K5.39 GB/5.54 GB | ================================  97.24% | 11.7 MB/s | 00:00:13 left
[K5.39 GB/5.54 GB | ================================  97.26% | 11.7 MB/s | 00:00:13 left
[K5.39 GB/5.54 GB | ================================  97.27% | 11.7 MB/s | 00:00:13 left
[K5.39 GB/5.54 GB | ================================  97.29% | 11.7 MB/s | 00:00:13 left
[K5.40 GB/5.54 GB | ================================  97.31% | 11.7 MB/s | 00:00:13 left
[K5.40 GB/5.54 GB | ================================  97.33% | 11.7 MB/s | 00:00:13 left
[K5.40 GB/5.54 GB | ================================  97.35% | 11.2 MB/s | 00:00:13 left
[K5.40 GB/5.54 GB | ================================  97.37% | 11.2 MB/s | 00:00:13 left
[K5.40 GB/5.54 GB | ================================  97.38% | 11.2 MB/s | 00:00:13 left
[K5.40 GB/5.54 GB | ================================  97.40% | 11.2 MB/s | 00:00:13 left
[K5.40 GB/5.54 GB | ================================  97.42% | 11.2 MB/s | 00:00:13 left
[K5.40 GB/5.54 GB | ================================  97.44% | 11.2 MB/s | 00:00:13 left
[K5.40 GB/5.54 GB | ================================  97.46% | 11.2 MB/s | 00:00:13 left
[K5.41 GB/5.54 GB | ================================  97.48% | 11.2 MB/s | 00:00:13 left
[K5.41 GB/5.54 GB | ================================  97.50% | 11.2 MB/s | 00:00:13 left
[K5.41 GB/5.54 GB | ================================  97.52% | 11.2 MB/s | 00:00:13 left
[K5.41 GB/5.54 GB | ================================  97.54% | 11.2 MB/s | 00:00:13 left
[K5.41 GB/5.54 GB | ================================  97.56% | 11.4 MB/s | 00:00:12 left
[K5.41 GB/5.54 GB | ================================  97.58% | 11.4 MB/s | 00:00:12 left
[K5.41 GB/5.54 GB | ================================  97.60% | 11.4 MB/s | 00:00:12 left
[K5.41 GB/5.54 GB | ================================  97.62% | 11.4 MB/s | 00:00:12 left
[K5.41 GB/5.54 GB | ================================  97.63% | 11.4 MB/s | 00:00:12 left
[K5.41 GB/5.54 GB | ================================  97.66% | 11.4 MB/s | 00:00:12 left
[K5.42 GB/5.54 GB | ================================  97.67% | 11.4 MB/s | 00:00:12 left
[K5.42 GB/5.54 GB | ================================  97.69% | 11.4 MB/s | 00:00:12 left
[K5.42 GB/5.54 GB | ================================  97.71% | 11.4 MB/s | 00:00:12 left
[K5.42 GB/5.54 GB | ================================  97.73% | 11.4 MB/s | 00:00:12 left
[K5.42 GB/5.54 GB | ================================  97.75% | 11.9 MB/s | 00:00:11 left
[K5.42 GB/5.54 GB | ================================  97.77% | 11.9 MB/s | 00:00:11 left
[K5.42 GB/5.54 GB | ================================  97.79% | 11.9 MB/s | 00:00:11 left
[K5.42 GB/5.54 GB | ================================  97.81% | 11.9 MB/s | 00:00:11 left
[K5.42 GB/5.54 GB | ================================  97.83% | 11.9 MB/s | 00:00:11 left
[K5.43 GB/5.54 GB | ================================  97.85% | 11.9 MB/s | 00:00:11 left
[K5.43 GB/5.54 GB | ================================  97.87% | 11.9 MB/s | 00:00:11 left
[K5.43 GB/5.54 GB | ================================  97.89% | 11.9 MB/s | 00:00:11 left
[K5.43 GB/5.54 GB | ================================  97.91% | 11.9 MB/s | 00:00:11 left
[K5.43 GB/5.54 GB | ================================  97.93% | 11.9 MB/s | 00:00:11 left
[K5.43 GB/5.54 GB | ================================  97.94% | 11.8 MB/s | 00:00:10 left
[K5.43 GB/5.54 GB | ================================  97.96% | 11.8 MB/s | 00:00:10 left
[K5.43 GB/5.54 GB | ================================  97.98% | 11.8 MB/s | 00:00:10 left
[K5.43 GB/5.54 GB | ================================  98.00% | 11.8 MB/s | 00:00:10 left
[K5.43 GB/5.54 GB | ================================  98.02% | 11.8 MB/s | 00:00:10 left
[K5.44 GB/5.54 GB | ================================  98.04% | 11.8 MB/s | 00:00:10 left
[K5.44 GB/5.54 GB | ================================  98.06% | 11.8 MB/s | 00:00:10 left
[K5.44 GB/5.54 GB | ================================  98.08% | 11.8 MB/s | 00:00:10 left
[K5.44 GB/5.54 GB | ================================  98.10% | 11.8 MB/s | 00:00:10 left
[K5.44 GB/5.54 GB | ================================  98.11% | 11.8 MB/s | 00:00:10 left
[K5.44 GB/5.54 GB | ================================  98.13% | 11.6 MB/s | 00:00:09 left
[K5.44 GB/5.54 GB | ================================  98.15% | 11.6 MB/s | 00:00:09 left
[K5.44 GB/5.54 GB | ================================  98.17% | 11.6 MB/s | 00:00:09 left
[K5.44 GB/5.54 GB | ================================  98.19% | 11.6 MB/s | 00:00:09 left
[K5.45 GB/5.54 GB | ================================  98.21% | 11.6 MB/s | 00:00:09 left
[K5.45 GB/5.54 GB | ================================  98.23% | 11.6 MB/s | 00:00:09 left
[K5.45 GB/5.54 GB | ================================  98.25% | 11.6 MB/s | 00:00:09 left
[K5.45 GB/5.54 GB | ================================  98.27% | 11.6 MB/s | 00:00:09 left
[K5.45 GB/5.54 GB | ================================  98.28% | 11.6 MB/s | 00:00:09 left
[K5.45 GB/5.54 GB | ================================  98.30% | 11.6 MB/s | 00:00:09 left
[K5.45 GB/5.54 GB | ================================  98.32% | 11.7 MB/s | 00:00:08 left
[K5.45 GB/5.54 GB | ================================  98.34% | 11.7 MB/s | 00:00:08 left
[K5.45 GB/5.54 GB | ================================  98.36% | 11.7 MB/s | 00:00:08 left
[K5.46 GB/5.54 GB | ================================  98.38% | 11.7 MB/s | 00:00:08 left
[K5.46 GB/5.54 GB | ================================  98.40% | 11.7 MB/s | 00:00:08 left
[K5.46 GB/5.54 GB | ================================  98.42% | 11.7 MB/s | 00:00:08 left
[K5.46 GB/5.54 GB | ================================  98.44% | 11.7 MB/s | 00:00:08 left
[K5.46 GB/5.54 GB | ================================  98.46% | 11.7 MB/s | 00:00:08 left
[K5.46 GB/5.54 GB | ================================  98.48% | 11.7 MB/s | 00:00:08 left
[K5.46 GB/5.54 GB | ================================  98.50% | 11.7 MB/s | 00:00:08 left
[K5.46 GB/5.54 GB | ================================  98.52% | 12.0 MB/s | 00:00:07 left
[K5.46 GB/5.54 GB | ================================  98.54% | 12.0 MB/s | 00:00:07 left
[K5.46 GB/5.54 GB | ================================  98.56% | 12.0 MB/s | 00:00:07 left
[K5.47 GB/5.54 GB | ================================  98.58% | 12.0 MB/s | 00:00:07 left
[K5.47 GB/5.54 GB | ================================  98.60% | 12.0 MB/s | 00:00:07 left
[K5.47 GB/5.54 GB | ================================  98.62% | 12.0 MB/s | 00:00:07 left
[K5.47 GB/5.54 GB | ================================  98.64% | 12.0 MB/s | 00:00:07 left
[K5.47 GB/5.54 GB | ================================  98.66% | 12.0 MB/s | 00:00:07 left
[K5.47 GB/5.54 GB | ================================  98.67% | 12.0 MB/s | 00:00:07 left
[K5.47 GB/5.54 GB | ================================  98.69% | 12.0 MB/s | 00:00:07 left
[K5.47 GB/5.54 GB | ================================  98.71% | 11.6 MB/s | 00:00:06 left
[K5.47 GB/5.54 GB | ================================  98.73% | 11.6 MB/s | 00:00:06 left
[K5.48 GB/5.54 GB | ================================  98.75% | 11.6 MB/s | 00:00:06 left
[K5.48 GB/5.54 GB | ================================  98.77% | 11.6 MB/s | 00:00:06 left
[K5.48 GB/5.54 GB | ================================  98.79% | 11.6 MB/s | 00:00:06 left
[K5.48 GB/5.54 GB | ================================  98.81% | 11.6 MB/s | 00:00:06 left
[K5.48 GB/5.54 GB | ================================  98.83% | 11.6 MB/s | 00:00:06 left
[K5.48 GB/5.54 GB | ================================  98.85% | 11.6 MB/s | 00:00:06 left
[K5.48 GB/5.54 GB | ================================  98.87% | 11.6 MB/s | 00:00:06 left
[K5.48 GB/5.54 GB | ================================  98.88% | 11.6 MB/s | 00:00:06 left
[K5.48 GB/5.54 GB | ================================  98.90% | 11.7 MB/s | 00:00:05 left
[K5.48 GB/5.54 GB | ================================  98.92% | 11.7 MB/s | 00:00:05 left
[K5.49 GB/5.54 GB | ================================  98.94% | 11.7 MB/s | 00:00:05 left
[K5.49 GB/5.54 GB | ================================  98.96% | 11.7 MB/s | 00:00:05 left
[K5.49 GB/5.54 GB | ================================  98.98% | 11.7 MB/s | 00:00:05 left
[K5.49 GB/5.54 GB | ================================  99.00% | 11.7 MB/s | 00:00:05 left
[K5.49 GB/5.54 GB | ================================  99.02% | 11.7 MB/s | 00:00:05 left
[K5.49 GB/5.54 GB | ================================  99.04% | 11.7 MB/s | 00:00:05 left
[K5.49 GB/5.54 GB | ================================  99.05% | 11.7 MB/s | 00:00:05 left
[K5.49 GB/5.54 GB | ================================  99.07% | 11.7 MB/s | 00:00:05 left
[K5.49 GB/5.54 GB | ================================  99.09% | 11.5 MB/s | 00:00:04 left
[K5.50 GB/5.54 GB | ================================  99.11% | 11.5 MB/s | 00:00:04 left
[K5.50 GB/5.54 GB | ================================  99.13% | 11.5 MB/s | 00:00:04 left
[K5.50 GB/5.54 GB | ================================  99.15% | 11.5 MB/s | 00:00:04 left
[K5.50 GB/5.54 GB | ================================  99.17% | 11.5 MB/s | 00:00:04 left
[K5.50 GB/5.54 GB | ================================  99.19% | 11.5 MB/s | 00:00:04 left
[K5.50 GB/5.54 GB | ================================  99.21% | 11.5 MB/s | 00:00:04 left
[K5.50 GB/5.54 GB | ================================  99.23% | 11.5 MB/s | 00:00:04 left
[K5.50 GB/5.54 GB | ================================  99.25% | 11.5 MB/s | 00:00:04 left
[K5.50 GB/5.54 GB | ================================  99.26% | 11.5 MB/s | 00:00:04 left
[K5.51 GB/5.54 GB | ================================  99.28% | 11.7 MB/s | 00:00:03 left
[K5.51 GB/5.54 GB | ================================  99.30% | 11.7 MB/s | 00:00:03 left
[K5.51 GB/5.54 GB | ================================  99.33% | 11.7 MB/s | 00:00:03 left
[K5.51 GB/5.54 GB | ================================  99.34% | 11.7 MB/s | 00:00:03 left
[K5.51 GB/5.54 GB | ================================  99.36% | 11.7 MB/s | 00:00:03 left
[K5.51 GB/5.54 GB | ================================  99.38% | 11.7 MB/s | 00:00:03 left
[K5.51 GB/5.54 GB | ================================  99.40% | 11.7 MB/s | 00:00:03 left
[K5.51 GB/5.54 GB | ================================  99.42% | 11.7 MB/s | 00:00:03 left
[K5.51 GB/5.54 GB | ================================  99.44% | 11.7 MB/s | 00:00:03 left
[K5.51 GB/5.54 GB | ================================  99.46% | 11.7 MB/s | 00:00:03 left
[K5.52 GB/5.54 GB | ================================  99.48% | 11.7 MB/s | 00:00:02 left
[K5.52 GB/5.54 GB | ================================  99.50% | 11.7 MB/s | 00:00:02 left
[K5.52 GB/5.54 GB | ================================  99.52% | 11.7 MB/s | 00:00:02 left
[K5.52 GB/5.54 GB | ================================  99.54% | 11.7 MB/s | 00:00:02 left
[K5.52 GB/5.54 GB | ================================  99.56% | 11.7 MB/s | 00:00:02 left
[K5.52 GB/5.54 GB | ================================  99.58% | 11.7 MB/s | 00:00:02 left
[K5.52 GB/5.54 GB | ================================  99.60% | 11.7 MB/s | 00:00:02 left
[K5.52 GB/5.54 GB | ================================  99.61% | 11.7 MB/s | 00:00:02 left
[K5.52 GB/5.54 GB | ================================  99.64% | 11.7 MB/s | 00:00:02 left
[K5.53 GB/5.54 GB | ================================  99.65% | 11.7 MB/s | 00:00:02 left
[K5.53 GB/5.54 GB | ================================  99.68% | 11.9 MB/s | 00:00:02 left
[K5.53 GB/5.54 GB | ================================  99.70% | 11.9 MB/s | 00:00:02 left
[K5.53 GB/5.54 GB | ================================  99.71% | 11.9 MB/s | 00:00:02 left
[K5.53 GB/5.54 GB | ================================  99.74% | 11.9 MB/s | 00:00:02 left
[K5.53 GB/5.54 GB | ================================  99.75% | 11.9 MB/s | 00:00:02 left
[K5.53 GB/5.54 GB | ================================  99.77% | 11.9 MB/s | 00:00:02 left
[K5.53 GB/5.54 GB | ================================  99.79% | 11.9 MB/s | 00:00:02 left
[K5.53 GB/5.54 GB | ================================  99.81% | 11.9 MB/s | 00:00:02 left
[K5.54 GB/5.54 GB | ================================  99.83% | 11.9 MB/s | 00:00:02 left
[K5.54 GB/5.54 GB | ================================  99.85% | 11.9 MB/s | 00:00:02 left
[K5.54 GB/5.54 GB | ================================  99.87% | 11.7 MB/s | 00:00:01 left
[K5.54 GB/5.54 GB | ================================  99.89% | 11.7 MB/s | 00:00:01 left
[K5.54 GB/5.54 GB | ================================  99.91% | 11.7 MB/s | 00:00:01 left
[K5.54 GB/5.54 GB | ================================  99.93% | 11.7 MB/s | 00:00:01 left
[K5.54 GB/5.54 GB | ================================  99.95% | 11.7 MB/s | 00:00:01 left
[K5.54 GB/5.54 GB | ================================  99.97% | 11.7 MB/s | 00:00:01 left
[K5.54 GB/5.54 GB | ================================  99.98% | 11.7 MB/s | 00:00:01 left
[K5.54 GB/5.54 GB | ================================ 100.00% | 11.7 MB/s | 00:00:01 left
[K5.54 GB/5.54 GB | ================================ 100.00% | 11.7 MB/s | 00:00:01 left
Downloading File 11 of 11
- 061-26589 - 10.14.6 macOS Mojave (18G103) -

BaseSystem.chunklist --> Succeeded
AppleDiagnostics.dmg --> Succeeded
InstallAssistantAuto.pkg --> Succeeded
InstallESDDmg.chunklist --> Succeeded
AppleDiagnostics.chunklist --> Succeeded
InstallInfo.plist --> Succeeded
BaseSystem.dmg --> Succeeded
RecoveryHDMetaDmg.pkg --> Succeeded
MajorOSInfo.pkg --> Succeeded
InstallESDDmg.pkg --> Succeeded

Downloading OSInstall.mpkg...


[K0.00 KB/806.86 KB |                                    0.00%
[K1.02 KB/806.86 KB |                                    0.13%
[K2.56 KB/806.86 KB |                                    0.32%
[K4.86 KB/806.86 KB |                                    0.60%
[K8.32 KB/806.86 KB |                                    1.03%
[K13.50 KB/806.86 KB |                                    1.67%
[K21.28 KB/806.86 KB |                                    2.64%
[K32.94 KB/806.86 KB | =                                  4.08%
[K50.44 KB/806.86 KB | ==                                 6.25%
[K76.68 KB/806.86 KB | ===                                9.50%
[K116.05 KB/806.86 KB | ====                              14.38%
[K175.10 KB/806.86 KB | =======                           21.70%
[K263.67 KB/806.86 KB | ==========                        32.68%
[K396.53 KB/806.86 KB | ================                  49.15%
[K595.83 KB/806.86 KB | ========================          73.85%
[K806.86 KB/806.86 KB | ================================ 100.00%
[K806.86 KB/806.86 KB | ================================ 100.00%
Downloaded 11 of 11
- 061-26589 - 10.14.6 macOS Mojave (18G103) -

Succeeded:
  BaseSystem.chunklist
  AppleDiagnostics.dmg
  InstallAssistantAuto.pkg
  InstallESDDmg.chunklist
  AppleDiagnostics.chunklist
  InstallInfo.plist
  BaseSystem.dmg
  RecoveryHDMetaDmg.pkg
  MajorOSInfo.pkg
  InstallESDDmg.pkg
  OSInstall.mpkg

Failed:
  None

Files saved to:
  E:\hackintosh\macOS Downloads

